1497731.604:0028:002c:trace:relay:load_list L"RelayInclude" = L"KERNEL32.GetPrivateProfileStringA"
1497731.623:0028:002c:trace:relay:load_list L"RelayInclude" = L"KERNEL32.GetPrivateProfileStringA"
1497731.730:0030:0034:trace:relay:load_list L"RelayInclude" = L"KERNEL32.GetPrivateProfileStringA"
1497731.749:0030:0034:trace:relay:load_list L"RelayInclude" = L"KERNEL32.GetPrivateProfileStringA"
1497731.865:003c:0040:trace:relay:load_list L"RelayInclude" = L"KERNEL32.GetPrivateProfileStringA"
1497731.883:003c:0040:trace:relay:load_list L"RelayInclude" = L"KERNEL32.GetPrivateProfileStringA"
1497731.996:0060:0064:trace:relay:load_list L"RelayInclude" = L"KERNEL32.GetPrivateProfileStringA"
1497732.015:0060:0064:trace:relay:load_list L"RelayInclude" = L"KERNEL32.GetPrivateProfileStringA"
1497732.179:0078:007c:trace:relay:load_list L"RelayInclude" = L"KERNEL32.GetPrivateProfileStringA"
1497732.196:0078:007c:trace:relay:load_list L"RelayInclude" = L"KERNEL32.GetPrivateProfileStringA"
1497732.295:0090:0094:trace:relay:load_list L"RelayInclude" = L"KERNEL32.GetPrivateProfileStringA"
1497732.312:0090:0094:trace:relay:load_list L"RelayInclude" = L"KERNEL32.GetPrivateProfileStringA"
1497732.669:0020:0024:trace:relay:load_list L"RelayInclude" = L"KERNEL32.GetPrivateProfileStringA"
1497732.687:0020:0024:trace:relay:load_list L"RelayInclude" = L"KERNEL32.GetPrivateProfileStringA"
1497732.839:00cc:00d0:trace:relay:load_list L"RelayInclude" = L"KERNEL32.GetPrivateProfileStringA"
1497732.856:00cc:00d0:trace:relay:load_list L"RelayInclude" = L"KERNEL32.GetPrivateProfileStringA"
1497733.035:00d4:00d8:trace:relay:load_list L"RelayInclude" = L"KERNEL32.GetPrivateProfileStringA"
1497733.054:00d4:00d8:trace:relay:load_list L"RelayInclude" = L"KERNEL32.GetPrivateProfileStringA"
1497733.888:00ec:00f0:trace:relay:load_list L"RelayInclude" = L"KERNEL32.GetPrivateProfileStringA"
1497733.916:00ec:00f0:trace:relay:load_list L"RelayInclude" = L"KERNEL32.GetPrivateProfileStringA"
1497733.963:00fc:0100:trace:relay:load_list L"RelayInclude" = L"KERNEL32.GetPrivateProfileStringA"
1497733.980:00fc:0100:trace:relay:load_list L"RelayInclude" = L"KERNEL32.GetPrivateProfileStringA"
1497744.356:00ec:00f0:Call KERNEL32.GetPrivateProfileStringA(004c06e4 "VARIABLES",0022f200 "175",004e749c "",0022f240,00000400,0022f220 "IAM\\VARIABLES.TAG") ret=0040ed42
1497744.360:00ec:00f0:Ret  KERNEL32.GetPrivateProfileStringA() retval=0000000d ret=0040ed42
1497744.360:00ec:00f0:Call KERNEL32.GetPrivateProfileStringA(004c06f0 "VARIABLES",0022f1fc "170",004e749c "",0022f23c,00000400,0022f21c "IAM\\VARIABLES.TAG") ret=0040ed42
1497744.360:00ec:00f0:Ret  KERNEL32.GetPrivateProfileStringA() retval=00000010 ret=0040ed42
1497744.363:00ec:00f0:Call KERNEL32.GetPrivateProfileStringA(004c0844 "OBJECTS",0022f0f4 "997",004e749c "",0022f134,00000400,0022f114 "IAM\\OBJECTS.TAG") ret=0040ed42
1497744.367:00ec:00f0:Ret  KERNEL32.GetPrivateProfileStringA() retval=0000001a ret=0040ed42
1497753.109:00ec:00f0:Call KERNEL32.GetPrivateProfileStringA(004c06c4 "VARIABLES",0022f1fc "19",004e749c "",0022f23c,00000400,0022f21c "IAM\\VARIABLES.TAG") ret=0040ed42
1497753.110:00ec:00f0:Ret  KERNEL32.GetPrivateProfileStringA() retval=00000009 ret=0040ed42
1497753.110:00ec:00f0:Call KERNEL32.GetPrivateProfileStringA(004c0898 "CAMERAS",0022f1f8 "2152",004e749c "",0022f238,00000400,0022f218 "IAM\\CAMERAS.TAG") ret=0040ed42
1497753.111:00ec:00f0:Ret  KERNEL32.GetPrivateProfileStringA() retval=0000001c ret=0040ed42
1497753.111:00ec:00f0:Call KERNEL32.GetPrivateProfileStringA(004c0898 "CAMERAS",0022f1f8 "2153",004e749c "",0022f238,00000400,0022f218 "IAM\\CAMERAS.TAG") ret=0040ed42
1497753.111:00ec:00f0:Ret  KERNEL32.GetPrivateProfileStringA() retval=00000014 ret=0040ed42
1497753.111:00ec:00f0:Call KERNEL32.GetPrivateProfileStringA(004c0844 "OBJECTS",0022f0f4 "753",004e749c "",0022f134,00000400,0022f114 "IAM\\OBJECTS.TAG") ret=0040ed42
1497753.111:00ec:00f0:Ret  KERNEL32.GetPrivateProfileStringA() retval=00000014 ret=0040ed42
1497753.112:00ec:00f0:Call KERNEL32.GetPrivateProfileStringA(004c08a0 "CAMERAS",0022f1f0 "2154",004e749c "",0022f230,00000400,0022f210 "IAM\\CAMERAS.TAG") ret=0040ed42
1497753.113:00ec:00f0:Ret  KERNEL32.GetPrivateProfileStringA() retval=00000014 ret=0040ed42
1497756.643:00ec:00f0:Call KERNEL32.GetPrivateProfileStringA(004c08a0 "CAMERAS",0022f1f0 "2158",004e749c "",0022f230,00000400,0022f210 "IAM\\CAMERAS.TAG") ret=0040ed42
1497756.644:00ec:00f0:Ret  KERNEL32.GetPrivateProfileStringA() retval=00000015 ret=0040ed42
1497757.654:00ec:00f0:Call KERNEL32.GetPrivateProfileStringA(004c06c4 "VARIABLES",0022f1fc "655",004e749c "",0022f23c,00000400,0022f21c "IAM\\VARIABLES.TAG") ret=0040ed42
1497757.655:00ec:00f0:Ret  KERNEL32.GetPrivateProfileStringA() retval=0000000b ret=0040ed42
1497757.655:00ec:00f0:Call KERNEL32.GetPrivateProfileStringA(004c06c4 "VARIABLES",0022f1fc "661",004e749c "",0022f23c,00000400,0022f21c "IAM\\VARIABLES.TAG") ret=0040ed42
1497757.656:00ec:00f0:Ret  KERNEL32.GetPrivateProfileStringA() retval=00000009 ret=0040ed42
1497757.656:00ec:00f0:Call KERNEL32.GetPrivateProfileStringA(004c06c4 "VARIABLES",0022f1fc "662",004e749c "",0022f23c,00000400,0022f21c "IAM\\VARIABLES.TAG") ret=0040ed42
1497757.656:00ec:00f0:Ret  KERNEL32.GetPrivateProfileStringA() retval=0000000c ret=0040ed42
1497764.576:00ec:00f0:Call KERNEL32.GetPrivateProfileStringA(004c06c4 "VARIABLES",0022f1fc "663",004e749c "",0022f23c,00000400,0022f21c "IAM\\VARIABLES.TAG") ret=0040ed42
1497764.578:00ec:00f0:Ret  KERNEL32.GetPrivateProfileStringA() retval=00000010 ret=0040ed42
1497764.578:00ec:00f0:Call KERNEL32.GetPrivateProfileStringA(004c0898 "CAMERAS",0022f1f8 "4457",004e749c "",0022f238,00000400,0022f218 "IAM\\CAMERAS.TAG") ret=0040ed42
1497764.578:00ec:00f0:Ret  KERNEL32.GetPrivateProfileStringA() retval=00000000 ret=0040ed42
1497765.379:00ec:00f0:Call KERNEL32.GetPrivateProfileStringA(004c06c4 "VARIABLES",0022f1fc "663",004e749c "",0022f23c,00000400,0022f21c "IAM\\VARIABLES.TAG") ret=0040ed42
1497765.379:00ec:00f0:Ret  KERNEL32.GetPrivateProfileStringA() retval=00000010 ret=0040ed42
1497765.379:00ec:00f0:Call KERNEL32.GetPrivateProfileStringA(004c0898 "CAMERAS",0022f1f8 "4457",004e749c "",0022f238,00000400,0022f218 "IAM\\CAMERAS.TAG") ret=0040ed42
1497765.380:00ec:00f0:Ret  KERNEL32.GetPrivateProfileStringA() retval=00000000 ret=0040ed42
1497766.321:00ec:00f0:Call KERNEL32.GetPrivateProfileStringA(004c0844 "OBJECTS",0022f0f4 "409",004e749c "",0022f134,00000400,0022f114 "IAM\\OBJECTS.TAG") ret=0040ed42
1497766.321:00ec:00f0:Ret  KERNEL32.GetPrivateProfileStringA() retval=00000008 ret=0040ed42
1497766.323:00ec:00f0:Call KERNEL32.GetPrivateProfileStringA(004c07e0 "ZONES",0022f1fc "4121",004e749c "",0022f23c,00000400,0022f21c "IAM\\ZONES.TAG") ret=0040ed42
1497766.324:00ec:00f0:Ret  KERNEL32.GetPrivateProfileStringA() retval=00000000 ret=0040ed42
1497766.324:00ec:00f0:Call KERNEL32.GetPrivateProfileStringA(004c07e0 "ZONES",0022f1fc "4122",004e749c "",0022f23c,00000400,0022f21c "IAM\\ZONES.TAG") ret=0040ed42
1497766.325:00ec:00f0:Ret  KERNEL32.GetPrivateProfileStringA() retval=00000000 ret=0040ed42
1497766.325:00ec:00f0:Call KERNEL32.GetPrivateProfileStringA(004c07e0 "ZONES",0022f1fc "4124",004e749c "",0022f23c,00000400,0022f21c "IAM\\ZONES.TAG") ret=0040ed42
1497766.325:00ec:00f0:Ret  KERNEL32.GetPrivateProfileStringA() retval=00000000 ret=0040ed42
1497766.325:00ec:00f0:Call KERNEL32.GetPrivateProfileStringA(004c07e0 "ZONES",0022f1fc "4125",004e749c "",0022f23c,00000400,0022f21c "IAM\\ZONES.TAG") ret=0040ed42
1497766.326:00ec:00f0:Ret  KERNEL32.GetPrivateProfileStringA() retval=00000000 ret=0040ed42
1497766.326:00ec:00f0:Call KERNEL32.GetPrivateProfileStringA(004c07e0 "ZONES",0022f1fc "4123",004e749c "",0022f23c,00000400,0022f21c "IAM\\ZONES.TAG") ret=0040ed42
1497766.327:00ec:00f0:Ret  KERNEL32.GetPrivateProfileStringA() retval=00000000 ret=0040ed42
1497766.425:00ec:00f0:Call KERNEL32.GetPrivateProfileStringA(004c0898 "CAMERAS",0022f1f8 "4461",004e749c "",0022f238,00000400,0022f218 "IAM\\CAMERAS.TAG") ret=0040ed42
1497766.426:00ec:00f0:Ret  KERNEL32.GetPrivateProfileStringA() retval=00000000 ret=0040ed42
1497766.835:00ec:00f0:Call KERNEL32.GetPrivateProfileStringA(004c07f0 "ADDRESSES",0022f1fc "686",004e749c "",0022f23c,00000400,0022f21c "IAM\\ADDRESSES.TAG") ret=0040ed42
1497766.837:00ec:00f0:Ret  KERNEL32.GetPrivateProfileStringA() retval=00000016 ret=0040ed42
1497766.837:00ec:00f0:Call KERNEL32.GetPrivateProfileStringA(004c0c38 "OBJECTS",0022f1f8 "32",004e749c "",0022f238,00000400,0022f218 "IAM\\OBJECTS.TAG") ret=0040ed42
1497766.837:00ec:00f0:Ret  KERNEL32.GetPrivateProfileStringA() retval=00000010 ret=0040ed42
1497772.072:00ec:00f0:Call KERNEL32.GetPrivateProfileStringA(004c0898 "CAMERAS",0022f1f8 "4457",004e749c "",0022f238,00000400,0022f218 "IAM\\CAMERAS.TAG") ret=0040ed42
1497772.073:00ec:00f0:Ret  KERNEL32.GetPrivateProfileStringA() retval=00000000 ret=0040ed42
1497773.325:00ec:00f0:Call KERNEL32.GetPrivateProfileStringA(004c0c40 "OBJECTS",0022f1f8 "32",004e749c "",0022f238,00000400,0022f218 "IAM\\OBJECTS.TAG") ret=0040ed42
1497773.329:00ec:00f0:Ret  KERNEL32.GetPrivateProfileStringA() retval=00000010 ret=0040ed42
1497773.858:00ec:00f0:Call KERNEL32.GetPrivateProfileStringA(004c0898 "CAMERAS",0022f1f8 "4453",004e749c "",0022f238,00000400,0022f218 "IAM\\CAMERAS.TAG") ret=0040ed42
1497773.862:00ec:00f0:Ret  KERNEL32.GetPrivateProfileStringA() retval=00000000 ret=0040ed42
1497775.416:00ec:00f0:Call KERNEL32.GetPrivateProfileStringA(004c0898 "CAMERAS",0022f1f8 "4460",004e749c "",0022f238,00000400,0022f218 "IAM\\CAMERAS.TAG") ret=0040ed42
1497775.418:00ec:00f0:Ret  KERNEL32.GetPrivateProfileStringA() retval=00000000 ret=0040ed42
1497775.985:00ec:00f0:Call KERNEL32.GetPrivateProfileStringA(004c07f0 "ADDRESSES",0022f1fc "685",004e749c "",0022f23c,00000400,0022f21c "IAM\\ADDRESSES.TAG") ret=0040ed42
1497775.985:00ec:00f0:Ret  KERNEL32.GetPrivateProfileStringA() retval=00000015 ret=0040ed42
1497775.985:00ec:00f0:Call KERNEL32.GetPrivateProfileStringA(004c0c38 "OBJECTS",0022f1f8 "457",004e749c "",0022f238,00000400,0022f218 "IAM\\OBJECTS.TAG") ret=0040ed42
1497775.986:00ec:00f0:Ret  KERNEL32.GetPrivateProfileStringA() retval=0000001e ret=0040ed42
1497775.986:00ec:00f0:Call KERNEL32.GetPrivateProfileStringA(004c0c38 "OBJECTS",0022f1f8 "31",004e749c "",0022f238,00000400,0022f218 "IAM\\OBJECTS.TAG") ret=0040ed42
1497775.986:00ec:00f0:Ret  KERNEL32.GetPrivateProfileStringA() retval=00000005 ret=0040ed42
1497782.895:00ec:00f0:Call KERNEL32.GetPrivateProfileStringA(004c0898 "CAMERAS",0022f1f8 "4453",004e749c "",0022f238,00000400,0022f218 "IAM\\CAMERAS.TAG") ret=0040ed42
1497782.896:00ec:00f0:Ret  KERNEL32.GetPrivateProfileStringA() retval=00000000 ret=0040ed42
1497783.064:00ec:00f0:Call KERNEL32.GetPrivateProfileStringA(004c06e4 "VARIABLES",0022f200 "649",004e749c "",0022f240,00000400,0022f220 "IAM\\VARIABLES.TAG") ret=0040ed42
1497783.064:00ec:00f0:Ret  KERNEL32.GetPrivateProfileStringA() retval=00000011 ret=0040ed42
1497783.098:00ec:00f0:Call KERNEL32.GetPrivateProfileStringA(004c0898 "CAMERAS",0022f1f8 "4453",004e749c "",0022f238,00000400,0022f218 "IAM\\CAMERAS.TAG") ret=0040ed42
1497783.098:00ec:00f0:Ret  KERNEL32.GetPrivateProfileStringA() retval=00000000 ret=0040ed42
1497783.540:00ec:00f0:Call KERNEL32.GetPrivateProfileStringA(004c06c4 "VARIABLES",0022f1fc "649",004e749c "",0022f23c,00000400,0022f21c "IAM\\VARIABLES.TAG") ret=0040ed42
1497783.541:00ec:00f0:Ret  KERNEL32.GetPrivateProfileStringA() retval=00000011 ret=0040ed42
1497783.541:00ec:00f0:Call KERNEL32.GetPrivateProfileStringA(004c07e0 "ZONES",0022f1fc "4063",004e749c "",0022f23c,00000400,0022f21c "IAM\\ZONES.TAG") ret=0040ed42
1497783.541:00ec:00f0:Ret  KERNEL32.GetPrivateProfileStringA() retval=00000000 ret=0040ed42
1497783.541:00ec:00f0:Call KERNEL32.GetPrivateProfileStringA(004c07e0 "ZONES",0022f1fc "4114",004e749c "",0022f23c,00000400,0022f21c "IAM\\ZONES.TAG") ret=0040ed42
1497783.542:00ec:00f0:Ret  KERNEL32.GetPrivateProfileStringA() retval=00000000 ret=0040ed42
1497783.542:00ec:00f0:Call KERNEL32.GetPrivateProfileStringA(004c07e0 "ZONES",0022f1fc "4116",004e749c "",0022f23c,00000400,0022f21c "IAM\\ZONES.TAG") ret=0040ed42
1497783.543:00ec:00f0:Ret  KERNEL32.GetPrivateProfileStringA() retval=00000000 ret=0040ed42
1497783.543:00ec:00f0:Call KERNEL32.GetPrivateProfileStringA(004c06e4 "VARIABLES",0022f200 "648",004e749c "",0022f240,00000400,0022f220 "IAM\\VARIABLES.TAG") ret=0040ed42
1497783.543:00ec:00f0:Ret  KERNEL32.GetPrivateProfileStringA() retval=00000013 ret=0040ed42
1497784.157:00ec:00f0:Call KERNEL32.GetPrivateProfileStringA(004c0c40 "OBJECTS",0022f1f8 "457",004e749c "",0022f238,00000400,0022f218 "IAM\\OBJECTS.TAG") ret=0040ed42
1497784.160:00ec:00f0:Ret  KERNEL32.GetPrivateProfileStringA() retval=0000001e ret=0040ed42
1497784.160:00ec:00f0:Call KERNEL32.GetPrivateProfileStringA(004c0c40 "OBJECTS",0022f1f8 "31",004e749c "",0022f238,00000400,0022f218 "IAM\\OBJECTS.TAG") ret=0040ed42
1497784.160:00ec:00f0:Ret  KERNEL32.GetPrivateProfileStringA() retval=00000005 ret=0040ed42
1497797.631:00ec:00f0:Call KERNEL32.GetPrivateProfileStringA(004c0c38 "OBJECTS",0022f1f8 "42",004e749c "",0022f238,00000400,0022f218 "IAM\\OBJECTS.TAG") ret=0040ed42
1497797.632:00ec:00f0:Ret  KERNEL32.GetPrivateProfileStringA() retval=00000009 ret=0040ed42
1497797.632:00ec:00f0:Call KERNEL32.GetPrivateProfileStringA(004c07f0 "ADDRESSES",0022f1fc "678",004e749c "",0022f23c,00000400,0022f21c "IAM\\ADDRESSES.TAG") ret=0040ed42
1497797.632:00ec:00f0:Ret  KERNEL32.GetPrivateProfileStringA() retval=00000016 ret=0040ed42
1497797.632:00ec:00f0:Call KERNEL32.GetPrivateProfileStringA(004c07cc "DIALOGS",0022f1fc "402",004e749c "",0022f23c,00000400,0022f21c "IAM\\DIALOGS.TAG") ret=0040ed42
1497797.633:00ec:00f0:Ret  KERNEL32.GetPrivateProfileStringA() retval=0000000c ret=0040ed42
1497799.281:00ec:00f0:Call KERNEL32.GetPrivateProfileStringA(004c06e4 "VARIABLES",0022f118 "667",004e749c "",0022f158,00000400,0022f138 "IAM\\VARIABLES.TAG") ret=0040ed42
1497799.281:00ec:00f0:Ret  KERNEL32.GetPrivateProfileStringA() retval=0000000d ret=0040ed42
1497799.754:00ec:00f0:Call KERNEL32.GetPrivateProfileStringA(004c06e4 "VARIABLES",0022f118 "668",004e749c "",0022f158,00000400,0022f138 "IAM\\VARIABLES.TAG") ret=0040ed42
1497799.754:00ec:00f0:Ret  KERNEL32.GetPrivateProfileStringA() retval=0000000d ret=0040ed42
1497804.271:00ec:00f0:Call KERNEL32.GetPrivateProfileStringA(004c0844 "OBJECTS",0022f00c "534",004e749c "",0022f04c,00000400,0022f02c "IAM\\OBJECTS.TAG") ret=0040ed42
1497804.271:00ec:00f0:Ret  KERNEL32.GetPrivateProfileStringA() retval=00000017 ret=0040ed42
1497805.847:00ec:00f0:Call KERNEL32.GetPrivateProfileStringA(004c0c10 "OBJECTS",0022f1f8 "333",004e749c "",0022f238,00000400,0022f218 "IAM\\OBJECTS.TAG") ret=0040ed42
1497805.848:00ec:00f0:Ret  KERNEL32.GetPrivateProfileStringA() retval=00000018 ret=0040ed42
1497805.849:00ec:00f0:Call KERNEL32.GetPrivateProfileStringA(004c07e0 "ZONES",0022f1fc "4037",004e749c "",0022f23c,00000400,0022f21c "IAM\\ZONES.TAG") ret=0040ed42
1497805.849:00ec:00f0:Ret  KERNEL32.GetPrivateProfileStringA() retval=00000000 ret=0040ed42
1497805.849:00ec:00f0:Call KERNEL32.GetPrivateProfileStringA(004c07e0 "ZONES",0022f1fc "4042",004e749c "",0022f23c,00000400,0022f21c "IAM\\ZONES.TAG") ret=0040ed42
1497805.849:00ec:00f0:Ret  KERNEL32.GetPrivateProfileStringA() retval=00000000 ret=0040ed42
1497816.337:00ec:00f0:Call KERNEL32.GetPrivateProfileStringA(004c07d8 "ZONES",0022f1fc "4119",004e749c "",0022f23c,00000400,0022f21c "IAM\\ZONES.TAG") ret=0040ed42
1497816.337:00ec:00f0:Ret  KERNEL32.GetPrivateProfileStringA() retval=00000000 ret=0040ed42
1497816.337:00ec:00f0:Call KERNEL32.GetPrivateProfileStringA(004c07d8 "ZONES",0022f1fc "4037",004e749c "",0022f23c,00000400,0022f21c "IAM\\ZONES.TAG") ret=0040ed42
1497816.338:00ec:00f0:Ret  KERNEL32.GetPrivateProfileStringA() retval=00000000 ret=0040ed42
1497816.338:00ec:00f0:Call KERNEL32.GetPrivateProfileStringA(004c07d8 "ZONES",0022f1fc "4042",004e749c "",0022f23c,00000400,0022f21c "IAM\\ZONES.TAG") ret=0040ed42
1497816.339:00ec:00f0:Ret  KERNEL32.GetPrivateProfileStringA() retval=00000000 ret=0040ed42
1497816.339:00ec:00f0:Call KERNEL32.GetPrivateProfileStringA(004c07d8 "ZONES",0022f1fc "4063",004e749c "",0022f23c,00000400,0022f21c "IAM\\ZONES.TAG") ret=0040ed42
1497816.339:00ec:00f0:Ret  KERNEL32.GetPrivateProfileStringA() retval=00000000 ret=0040ed42
1497816.346:00ec:00f0:Call KERNEL32.GetPrivateProfileStringA(004c0898 "CAMERAS",0022f1f8 "6",004e749c "",0022f238,00000400,0022f218 "IAM\\CAMERAS.TAG") ret=0040ed42
1497816.346:00ec:00f0:Ret  KERNEL32.GetPrivateProfileStringA() retval=0000001b ret=0040ed42
1497816.346:00ec:00f0:Call KERNEL32.GetPrivateProfileStringA(004c07e8 "SCENES",0022f1f0 "48",004e749c "",0022f230,00000400,0022f210 "IAM\\SCENES.TAG") ret=0040ed42
1497816.347:00ec:00f0:Ret  KERNEL32.GetPrivateProfileStringA() retval=0000000d ret=0040ed42
1497816.347:00ec:00f0:Call KERNEL32.GetPrivateProfileStringA(004c07e8 "SCENES",0022f1f0 "49",004e749c "",0022f230,00000400,0022f210 "IAM\\SCENES.TAG") ret=0040ed42
1497816.347:00ec:00f0:Ret  KERNEL32.GetPrivateProfileStringA() retval=0000000d ret=0040ed42
1497816.347:00ec:00f0:Call KERNEL32.GetPrivateProfileStringA(004c07e8 "SCENES",0022f1f0 "50",004e749c "",0022f230,00000400,0022f210 "IAM\\SCENES.TAG") ret=0040ed42
1497816.348:00ec:00f0:Ret  KERNEL32.GetPrivateProfileStringA() retval=0000000d ret=0040ed42
1497816.348:00ec:00f0:Call KERNEL32.GetPrivateProfileStringA(004c07e8 "SCENES",0022f1f0 "51",004e749c "",0022f230,00000400,0022f210 "IAM\\SCENES.TAG") ret=0040ed42
1497816.349:00ec:00f0:Ret  KERNEL32.GetPrivateProfileStringA() retval=0000000d ret=0040ed42
1497816.349:00ec:00f0:Call KERNEL32.GetPrivateProfileStringA(004c07e8 "SCENES",0022f1f0 "52",004e749c "",0022f230,00000400,0022f210 "IAM\\SCENES.TAG") ret=0040ed42
1497816.349:00ec:00f0:Ret  KERNEL32.GetPrivateProfileStringA() retval=00000019 ret=0040ed42
1497816.349:00ec:00f0:Call KERNEL32.GetPrivateProfileStringA(004c07e8 "SCENES",0022f1f0 "44",004e749c "",0022f230,00000400,0022f210 "IAM\\SCENES.TAG") ret=0040ed42
1497816.350:00ec:00f0:Ret  KERNEL32.GetPrivateProfileStringA() retval=00000015 ret=0040ed42
1497816.350:00ec:00f0:Call KERNEL32.GetPrivateProfileStringA(004c06e4 "VARIABLES",0022f200 "657",004e749c "",0022f240,00000400,0022f220 "IAM\\VARIABLES.TAG") ret=0040ed42
1497816.351:00ec:00f0:Ret  KERNEL32.GetPrivateProfileStringA() retval=0000000f ret=0040ed42
1497816.351:00ec:00f0:Call KERNEL32.GetPrivateProfileStringA(004c06e4 "VARIABLES",0022f200 "65",004e749c "",0022f240,00000400,0022f220 "IAM\\VARIABLES.TAG") ret=0040ed42
1497816.351:00ec:00f0:Ret  KERNEL32.GetPrivateProfileStringA() retval=0000000e ret=0040ed42
1497820.676:00ec:00f0:Call KERNEL32.GetPrivateProfileStringA(004c0898 "CAMERAS",0022f1f8 "4476",004e749c "",0022f238,00000400,0022f218 "IAM\\CAMERAS.TAG") ret=0040ed42
1497820.677:00ec:00f0:Ret  KERNEL32.GetPrivateProfileStringA() retval=00000000 ret=0040ed42
1497821.644:00ec:00f0:Call KERNEL32.GetPrivateProfileStringA(004c0898 "CAMERAS",0022f1f8 "4434",004e749c "",0022f238,00000400,0022f218 "IAM\\CAMERAS.TAG") ret=0040ed42
1497821.645:00ec:00f0:Ret  KERNEL32.GetPrivateProfileStringA() retval=00000000 ret=0040ed42
1497827.244:00ec:00f0:Call KERNEL32.GetPrivateProfileStringA(004c0898 "CAMERAS",0022f1f8 "4434",004e749c "",0022f238,00000400,0022f218 "IAM\\CAMERAS.TAG") ret=0040ed42
1497827.245:00ec:00f0:Ret  KERNEL32.GetPrivateProfileStringA() retval=00000000 ret=0040ed42
1497828.799:00ec:00f0:Call KERNEL32.GetPrivateProfileStringA(004c0898 "CAMERAS",0022f1f8 "4434",004e749c "",0022f238,00000400,0022f218 "IAM\\CAMERAS.TAG") ret=0040ed42
1497828.803:00ec:00f0:Ret  KERNEL32.GetPrivateProfileStringA() retval=00000000 ret=0040ed42
1497829.229:00ec:00f0:Call KERNEL32.GetPrivateProfileStringA(004c07d8 "ZONES",0022f1fc "4069",004e749c "",0022f23c,00000400,0022f21c "IAM\\ZONES.TAG") ret=0040ed42
1497829.229:00ec:00f0:Ret  KERNEL32.GetPrivateProfileStringA() retval=00000000 ret=0040ed42
1497829.229:00ec:00f0:Call KERNEL32.GetPrivateProfileStringA(004c0898 "CAMERAS",0022f1f8 "4422",004e749c "",0022f238,00000400,0022f218 "IAM\\CAMERAS.TAG") ret=0040ed42
1497829.230:00ec:00f0:Ret  KERNEL32.GetPrivateProfileStringA() retval=00000000 ret=0040ed42
1497830.722:00ec:00f0:Call KERNEL32.GetPrivateProfileStringA(004c0898 "CAMERAS",0022f1f8 "4422",004e749c "",0022f238,00000400,0022f218 "IAM\\CAMERAS.TAG") ret=0040ed42
1497830.722:00ec:00f0:Ret  KERNEL32.GetPrivateProfileStringA() retval=00000000 ret=0040ed42
1497831.436:00ec:00f0:Call KERNEL32.GetPrivateProfileStringA(004c07f0 "ADDRESSES",0022f1fc "681",004e749c "",0022f23c,00000400,0022f21c "IAM\\ADDRESSES.TAG") ret=0040ed42
1497831.436:00ec:00f0:Ret  KERNEL32.GetPrivateProfileStringA() retval=00000010 ret=0040ed42
1497831.436:00ec:00f0:Call KERNEL32.GetPrivateProfileStringA(004c0898 "CAMERAS",0022f1f8 "4481",004e749c "",0022f238,00000400,0022f218 "IAM\\CAMERAS.TAG") ret=0040ed42
1497831.437:00ec:00f0:Ret  KERNEL32.GetPrivateProfileStringA() retval=00000000 ret=0040ed42
1497833.149:00ec:00f0:Call KERNEL32.GetPrivateProfileStringA(004c0c38 "OBJECTS",0022f1f8 "166",004e749c "",0022f238,00000400,0022f218 "IAM\\OBJECTS.TAG") ret=0040ed42
1497833.151:00ec:00f0:Ret  KERNEL32.GetPrivateProfileStringA() retval=0000000e ret=0040ed42
1497833.151:00ec:00f0:Call KERNEL32.GetPrivateProfileStringA(004c0898 "CAMERAS",0022f1f8 "4480",004e749c "",0022f238,00000400,0022f218 "IAM\\CAMERAS.TAG") ret=0040ed42
1497833.151:00ec:00f0:Ret  KERNEL32.GetPrivateProfileStringA() retval=00000000 ret=0040ed42
1497833.151:00ec:00f0:Call KERNEL32.GetPrivateProfileStringA(004c06c4 "VARIABLES",0022f1fc "85",004e749c "",0022f23c,00000400,0022f21c "IAM\\VARIABLES.TAG") ret=0040ed42
1497833.151:00ec:00f0:Ret  KERNEL32.GetPrivateProfileStringA() retval=00000014 ret=0040ed42
1497833.151:00ec:00f0:Call KERNEL32.GetPrivateProfileStringA(004c0844 "OBJECTS",0022f0f4 "438",004e749c "",0022f134,00000400,0022f114 "IAM\\OBJECTS.TAG") ret=0040ed42
1497833.151:00ec:00f0:Ret  KERNEL32.GetPrivateProfileStringA() retval=0000001b ret=0040ed42
1497833.153:00ec:00f0:Call KERNEL32.GetPrivateProfileStringA(004c06d8 "VARIABLES",0022f200 "85",004e749c "",0022f240,00000400,0022f220 "IAM\\VARIABLES.TAG") ret=0040ed42
1497833.153:00ec:00f0:Ret  KERNEL32.GetPrivateProfileStringA() retval=00000014 ret=0040ed42
1497836.878:00ec:00f0:Call KERNEL32.GetPrivateProfileStringA(004c0898 "CAMERAS",0022f1f8 "4422",004e749c "",0022f238,00000400,0022f218 "IAM\\CAMERAS.TAG") ret=0040ed42
1497836.878:00ec:00f0:Ret  KERNEL32.GetPrivateProfileStringA() retval=00000000 ret=0040ed42
1497836.878:00ec:00f0:Call KERNEL32.GetPrivateProfileStringA(004c0c40 "OBJECTS",0022f1f8 "166",004e749c "",0022f238,00000400,0022f218 "IAM\\OBJECTS.TAG") ret=0040ed42
1497836.879:00ec:00f0:Ret  KERNEL32.GetPrivateProfileStringA() retval=0000000e ret=0040ed42
1497837.010:00ec:00f0:Call KERNEL32.GetPrivateProfileStringA(004c07d8 "ZONES",0022f1fc "4069",004e749c "",0022f23c,00000400,0022f21c "IAM\\ZONES.TAG") ret=0040ed42
1497837.011:00ec:00f0:Ret  KERNEL32.GetPrivateProfileStringA() retval=00000000 ret=0040ed42
1497837.011:00ec:00f0:Call KERNEL32.GetPrivateProfileStringA(004c0898 "CAMERAS",0022f1f8 "4422",004e749c "",0022f238,00000400,0022f218 "IAM\\CAMERAS.TAG") ret=0040ed42
1497837.012:00ec:00f0:Ret  KERNEL32.GetPrivateProfileStringA() retval=00000000 ret=0040ed42
1497837.367:00ec:00f0:Call KERNEL32.GetPrivateProfileStringA(004c0898 "CAMERAS",0022f1f8 "4441",004e749c "",0022f238,00000400,0022f218 "IAM\\CAMERAS.TAG") ret=0040ed42
1497837.368:00ec:00f0:Ret  KERNEL32.GetPrivateProfileStringA() retval=00000000 ret=0040ed42
1497837.493:00ec:00f0:Call KERNEL32.GetPrivateProfileStringA(004c07e0 "ZONES",0022f1fc "4069",004e749c "",0022f23c,00000400,0022f21c "IAM\\ZONES.TAG") ret=0040ed42
1497837.494:00ec:00f0:Ret  KERNEL32.GetPrivateProfileStringA() retval=00000000 ret=0040ed42
1497838.556:00ec:00f0:Call KERNEL32.GetPrivateProfileStringA(004c07e0 "ZONES",0022f1fc "4065",004e749c "",0022f23c,00000400,0022f21c "IAM\\ZONES.TAG") ret=0040ed42
1497838.558:00ec:00f0:Ret  KERNEL32.GetPrivateProfileStringA() retval=00000000 ret=0040ed42
1497838.558:00ec:00f0:Call KERNEL32.GetPrivateProfileStringA(004c0898 "CAMERAS",0022f1f8 "4434",004e749c "",0022f238,00000400,0022f218 "IAM\\CAMERAS.TAG") ret=0040ed42
1497838.559:00ec:00f0:Ret  KERNEL32.GetPrivateProfileStringA() retval=00000000 ret=0040ed42
1497839.790:00ec:00f0:Call KERNEL32.GetPrivateProfileStringA(004c07d8 "ZONES",0022f1fc "4065",004e749c "",0022f23c,00000400,0022f21c "IAM\\ZONES.TAG") ret=0040ed42
1497839.793:00ec:00f0:Ret  KERNEL32.GetPrivateProfileStringA() retval=00000000 ret=0040ed42
1497839.793:00ec:00f0:Call KERNEL32.GetPrivateProfileStringA(004c0898 "CAMERAS",0022f1f8 "4477",004e749c "",0022f238,00000400,0022f218 "IAM\\CAMERAS.TAG") ret=0040ed42
1497839.793:00ec:00f0:Ret  KERNEL32.GetPrivateProfileStringA() retval=00000000 ret=0040ed42
1497839.883:00ec:00f0:Call KERNEL32.GetPrivateProfileStringA(004c07e0 "ZONES",0022f1fc "4062",004e749c "",0022f23c,00000400,0022f21c "IAM\\ZONES.TAG") ret=0040ed42
1497839.884:00ec:00f0:Ret  KERNEL32.GetPrivateProfileStringA() retval=00000000 ret=0040ed42
1497839.896:00ec:00f0:Call KERNEL32.GetPrivateProfileStringA(004c0898 "CAMERAS",0022f1f8 "4421",004e749c "",0022f238,00000400,0022f218 "IAM\\CAMERAS.TAG") ret=0040ed42
1497839.896:00ec:00f0:Ret  KERNEL32.GetPrivateProfileStringA() retval=00000000 ret=0040ed42
1497839.896:00ec:00f0:Call KERNEL32.GetPrivateProfileStringA(004c07d8 "ZONES",0022f1fc "4062",004e749c "",0022f23c,00000400,0022f21c "IAM\\ZONES.TAG") ret=0040ed42
1497839.897:00ec:00f0:Ret  KERNEL32.GetPrivateProfileStringA() retval=00000000 ret=0040ed42
1497841.968:00ec:00f0:Call KERNEL32.GetPrivateProfileStringA(004c0898 "CAMERAS",0022f1f8 "4421",004e749c "",0022f238,00000400,0022f218 "IAM\\CAMERAS.TAG") ret=0040ed42
1497841.968:00ec:00f0:Ret  KERNEL32.GetPrivateProfileStringA() retval=00000000 ret=0040ed42
1497841.968:00ec:00f0:Call KERNEL32.GetPrivateProfileStringA(004c07d8 "ZONES",0022f1fc "4062",004e749c "",0022f23c,00000400,0022f21c "IAM\\ZONES.TAG") ret=0040ed42
1497841.969:00ec:00f0:Ret  KERNEL32.GetPrivateProfileStringA() retval=00000000 ret=0040ed42
1497842.218:00ec:00f0:Call KERNEL32.GetPrivateProfileStringA(004c07d8 "ZONES",0022f1fc "4065",004e749c "",0022f23c,00000400,0022f21c "IAM\\ZONES.TAG") ret=0040ed42
1497842.219:00ec:00f0:Ret  KERNEL32.GetPrivateProfileStringA() retval=00000000 ret=0040ed42
1497842.219:00ec:00f0:Call KERNEL32.GetPrivateProfileStringA(004c0898 "CAMERAS",0022f1f8 "4477",004e749c "",0022f238,00000400,0022f218 "IAM\\CAMERAS.TAG") ret=0040ed42
1497842.220:00ec:00f0:Ret  KERNEL32.GetPrivateProfileStringA() retval=00000000 ret=0040ed42
1497842.321:00ec:00f0:Call KERNEL32.GetPrivateProfileStringA(004c07e0 "ZONES",0022f1fc "4062",004e749c "",0022f23c,00000400,0022f21c "IAM\\ZONES.TAG") ret=0040ed42
1497842.322:00ec:00f0:Ret  KERNEL32.GetPrivateProfileStringA() retval=00000000 ret=0040ed42
1497843.371:00ec:00f0:Call KERNEL32.GetPrivateProfileStringA(004c0898 "CAMERAS",0022f1f8 "4434",004e749c "",0022f238,00000400,0022f218 "IAM\\CAMERAS.TAG") ret=0040ed42
1497843.371:00ec:00f0:Ret  KERNEL32.GetPrivateProfileStringA() retval=00000000 ret=0040ed42
1497843.737:00ec:00f0:Call KERNEL32.GetPrivateProfileStringA(004c07e0 "ZONES",0022f1fc "4065",004e749c "",0022f23c,00000400,0022f21c "IAM\\ZONES.TAG") ret=0040ed42
1497843.738:00ec:00f0:Ret  KERNEL32.GetPrivateProfileStringA() retval=00000000 ret=0040ed42
1497845.584:00ec:00f0:Call KERNEL32.GetPrivateProfileStringA(004c06c4 "VARIABLES",0022f1fc "13",004e749c "",0022f23c,00000400,0022f21c "IAM\\VARIABLES.TAG") ret=0040ed42
1497845.585:00ec:00f0:Ret  KERNEL32.GetPrivateProfileStringA() retval=0000000c ret=0040ed42
1497845.585:00ec:00f0:Call KERNEL32.GetPrivateProfileStringA(004c06c4 "VARIABLES",0022f1fc "13",004e749c "",0022f23c,00000400,0022f21c "IAM\\VARIABLES.TAG") ret=0040ed42
1497845.585:00ec:00f0:Ret  KERNEL32.GetPrivateProfileStringA() retval=0000000c ret=0040ed42
1497845.585:00ec:00f0:Call KERNEL32.GetPrivateProfileStringA(004c06c4 "VARIABLES",0022f1fc "13",004e749c "",0022f23c,00000400,0022f21c "IAM\\VARIABLES.TAG") ret=0040ed42
1497845.585:00ec:00f0:Ret  KERNEL32.GetPrivateProfileStringA() retval=0000000c ret=0040ed42
1497845.585:00ec:00f0:Call KERNEL32.GetPrivateProfileStringA(004c06c4 "VARIABLES",0022f1fc "13",004e749c "",0022f23c,00000400,0022f21c "IAM\\VARIABLES.TAG") ret=0040ed42
1497845.586:00ec:00f0:Ret  KERNEL32.GetPrivateProfileStringA() retval=0000000c ret=0040ed42
1497845.586:00ec:00f0:Call KERNEL32.GetPrivateProfileStringA(004c06c4 "VARIABLES",0022f1fc "13",004e749c "",0022f23c,00000400,0022f21c "IAM\\VARIABLES.TAG") ret=0040ed42
1497845.586:00ec:00f0:Ret  KERNEL32.GetPrivateProfileStringA() retval=0000000c ret=0040ed42
1497845.586:00ec:00f0:Call KERNEL32.GetPrivateProfileStringA(004c06c4 "VARIABLES",0022f1fc "13",004e749c "",0022f23c,00000400,0022f21c "IAM\\VARIABLES.TAG") ret=0040ed42
1497845.586:00ec:00f0:Ret  KERNEL32.GetPrivateProfileStringA() retval=0000000c ret=0040ed42
1497845.586:00ec:00f0:Call KERNEL32.GetPrivateProfileStringA(004c06c4 "VARIABLES",0022f1fc "13",004e749c "",0022f23c,00000400,0022f21c "IAM\\VARIABLES.TAG") ret=0040ed42
1497845.586:00ec:00f0:Ret  KERNEL32.GetPrivateProfileStringA() retval=0000000c ret=0040ed42
1497845.586:00ec:00f0:Call KERNEL32.GetPrivateProfileStringA(004c06c4 "VARIABLES",0022f1fc "13",004e749c "",0022f23c,00000400,0022f21c "IAM\\VARIABLES.TAG") ret=0040ed42
1497845.586:00ec:00f0:Ret  KERNEL32.GetPrivateProfileStringA() retval=0000000c ret=0040ed42
1497845.586:00ec:00f0:Call KERNEL32.GetPrivateProfileStringA(004c06c4 "VARIABLES",0022f1fc "13",004e749c "",0022f23c,00000400,0022f21c "IAM\\VARIABLES.TAG") ret=0040ed42
1497845.586:00ec:00f0:Ret  KERNEL32.GetPrivateProfileStringA() retval=0000000c ret=0040ed42
1497845.586:00ec:00f0:Call KERNEL32.GetPrivateProfileStringA(004c06c4 "VARIABLES",0022f1fc "13",004e749c "",0022f23c,00000400,0022f21c "IAM\\VARIABLES.TAG") ret=0040ed42
1497845.586:00ec:00f0:Ret  KERNEL32.GetPrivateProfileStringA() retval=0000000c ret=0040ed42
1497845.586:00ec:00f0:Call KERNEL32.GetPrivateProfileStringA(004c06c4 "VARIABLES",0022f1fc "119",004e749c "",0022f23c,00000400,0022f21c "IAM\\VARIABLES.TAG") ret=0040ed42
1497845.587:00ec:00f0:Ret  KERNEL32.GetPrivateProfileStringA() retval=0000000d ret=0040ed42
1497845.587:00ec:00f0:Call KERNEL32.GetPrivateProfileStringA(004c07cc "DIALOGS",0022f1fc "39",004e749c "",0022f23c,00000400,0022f21c "IAM\\DIALOGS.TAG") ret=0040ed42
1497845.587:00ec:00f0:Ret  KERNEL32.GetPrivateProfileStringA() retval=00000012 ret=0040ed42
1497847.124:00ec:00f0:Call KERNEL32.GetPrivateProfileStringA(004c06c4 "VARIABLES",0022f1fc "165",004e749c "",0022f23c,00000400,0022f21c "IAM\\VARIABLES.TAG") ret=0040ed42
1497847.127:00ec:00f0:Ret  KERNEL32.GetPrivateProfileStringA() retval=0000000d ret=0040ed42
1497847.127:00ec:00f0:Call KERNEL32.GetPrivateProfileStringA(004c0898 "CAMERAS",0022f1f8 "6",004e749c "",0022f238,00000400,0022f218 "IAM\\CAMERAS.TAG") ret=0040ed42
1497847.127:00ec:00f0:Ret  KERNEL32.GetPrivateProfileStringA() retval=0000001b ret=0040ed42
1497850.540:00ec:00f0:Call KERNEL32.GetPrivateProfileStringA(004c0898 "CAMERAS",0022f1f8 "4434",004e749c "",0022f238,00000400,0022f218 "IAM\\CAMERAS.TAG") ret=0040ed42
1497850.543:00ec:00f0:Ret  KERNEL32.GetPrivateProfileStringA() retval=00000000 ret=0040ed42
1497850.543:00ec:00f0:Call KERNEL32.GetPrivateProfileStringA(004c06c4 "VARIABLES",0022f1fc "664",004e749c "",0022f23c,00000400,0022f21c "IAM\\VARIABLES.TAG") ret=0040ed42
1497850.543:00ec:00f0:Ret  KERNEL32.GetPrivateProfileStringA() retval=00000009 ret=0040ed42
1497851.408:00ec:00f0:Call KERNEL32.GetPrivateProfileStringA(004c0898 "CAMERAS",0022f1f8 "4434",004e749c "",0022f238,00000400,0022f218 "IAM\\CAMERAS.TAG") ret=0040ed42
1497851.410:00ec:00f0:Ret  KERNEL32.GetPrivateProfileStringA() retval=00000000 ret=0040ed42
1497852.348:00ec:00f0:Call KERNEL32.GetPrivateProfileStringA(004c07e0 "ZONES",0022f1fc "4065",004e749c "",0022f23c,00000400,0022f21c "IAM\\ZONES.TAG") ret=0040ed42
1497852.351:00ec:00f0:Ret  KERNEL32.GetPrivateProfileStringA() retval=00000000 ret=0040ed42
1497852.351:00ec:00f0:Call KERNEL32.GetPrivateProfileStringA(004c0898 "CAMERAS",0022f1f8 "4434",004e749c "",0022f238,00000400,0022f218 "IAM\\CAMERAS.TAG") ret=0040ed42
1497852.352:00ec:00f0:Ret  KERNEL32.GetPrivateProfileStringA() retval=00000000 ret=0040ed42
1497853.704:00ec:00f0:Call KERNEL32.GetPrivateProfileStringA(004c0898 "CAMERAS",0022f1f8 "4421",004e749c "",0022f238,00000400,0022f218 "IAM\\CAMERAS.TAG") ret=0040ed42
1497853.705:00ec:00f0:Ret  KERNEL32.GetPrivateProfileStringA() retval=00000000 ret=0040ed42
1497853.705:00ec:00f0:Call KERNEL32.GetPrivateProfileStringA(004c07d8 "ZONES",0022f1fc "4062",004e749c "",0022f23c,00000400,0022f21c "IAM\\ZONES.TAG") ret=0040ed42
1497853.705:00ec:00f0:Ret  KERNEL32.GetPrivateProfileStringA() retval=00000000 ret=0040ed42
1497854.556:00ec:00f0:Call KERNEL32.GetPrivateProfileStringA(004c0898 "CAMERAS",0022f1f8 "4468",004e749c "",0022f238,00000400,0022f218 "IAM\\CAMERAS.TAG") ret=0040ed42
1497854.557:00ec:00f0:Ret  KERNEL32.GetPrivateProfileStringA() retval=00000000 ret=0040ed42
1497854.739:00ec:00f0:Call KERNEL32.GetPrivateProfileStringA(004c07e0 "ZONES",0022f1fc "4119",004e749c "",0022f23c,00000400,0022f21c "IAM\\ZONES.TAG") ret=0040ed42
1497854.739:00ec:00f0:Ret  KERNEL32.GetPrivateProfileStringA() retval=00000000 ret=0040ed42
1497854.739:00ec:00f0:Call KERNEL32.GetPrivateProfileStringA(004c07e0 "ZONES",0022f1fc "4117",004e749c "",0022f23c,00000400,0022f21c "IAM\\ZONES.TAG") ret=0040ed42
1497854.740:00ec:00f0:Ret  KERNEL32.GetPrivateProfileStringA() retval=00000000 ret=0040ed42
1497854.740:00ec:00f0:Call KERNEL32.GetPrivateProfileStringA(004c07e0 "ZONES",0022f1fc "4118",004e749c "",0022f23c,00000400,0022f21c "IAM\\ZONES.TAG") ret=0040ed42
1497854.741:00ec:00f0:Ret  KERNEL32.GetPrivateProfileStringA() retval=00000000 ret=0040ed42
1497854.741:00ec:00f0:Call KERNEL32.GetPrivateProfileStringA(004c06d8 "VARIABLES",0022f200 "648",004e749c "",0022f240,00000400,0022f220 "IAM\\VARIABLES.TAG") ret=0040ed42
1497854.742:00ec:00f0:Ret  KERNEL32.GetPrivateProfileStringA() retval=00000013 ret=0040ed42
1497854.742:00ec:00f0:Call KERNEL32.GetPrivateProfileStringA(004c07d8 "ZONES",0022f1fc "4115",004e749c "",0022f23c,00000400,0022f21c "IAM\\ZONES.TAG") ret=0040ed42
1497854.742:00ec:00f0:Ret  KERNEL32.GetPrivateProfileStringA() retval=00000000 ret=0040ed42
1497854.742:00ec:00f0:Call KERNEL32.GetPrivateProfileStringA(004c07d8 "ZONES",0022f1fc "4129",004e749c "",0022f23c,00000400,0022f21c "IAM\\ZONES.TAG") ret=0040ed42
1497854.743:00ec:00f0:Ret  KERNEL32.GetPrivateProfileStringA() retval=00000000 ret=0040ed42
1497854.743:00ec:00f0:Call KERNEL32.GetPrivateProfileStringA(004c07d8 "ZONES",0022f1fc "4127",004e749c "",0022f23c,00000400,0022f21c "IAM\\ZONES.TAG") ret=0040ed42
1497854.743:00ec:00f0:Ret  KERNEL32.GetPrivateProfileStringA() retval=00000000 ret=0040ed42
1497854.743:00ec:00f0:Call KERNEL32.GetPrivateProfileStringA(004c0898 "CAMERAS",0022f1f8 "4546",004e749c "",0022f238,00000400,0022f218 "IAM\\CAMERAS.TAG") ret=0040ed42
1497854.744:00ec:00f0:Ret  KERNEL32.GetPrivateProfileStringA() retval=00000000 ret=0040ed42
1497854.744:00ec:00f0:Call KERNEL32.GetPrivateProfileStringA(004c08a0 "CAMERAS",0022f1f0 "4531",004e749c "",0022f230,00000400,0022f210 "IAM\\CAMERAS.TAG") ret=0040ed42
1497854.744:00ec:00f0:Ret  KERNEL32.GetPrivateProfileStringA() retval=00000000 ret=0040ed42
1497862.945:00ec:00f0:Call KERNEL32.GetPrivateProfileStringA(004c0898 "CAMERAS",0022f1f8 "4468",004e749c "",0022f238,00000400,0022f218 "IAM\\CAMERAS.TAG") ret=0040ed42
1497862.945:00ec:00f0:Ret  KERNEL32.GetPrivateProfileStringA() retval=00000000 ret=0040ed42
1497862.945:00ec:00f0:Call KERNEL32.GetPrivateProfileStringA(004c06e4 "VARIABLES",0022f200 "661",004e749c "",0022f240,00000400,0022f220 "IAM\\VARIABLES.TAG") ret=0040ed42
1497862.946:00ec:00f0:Ret  KERNEL32.GetPrivateProfileStringA() retval=00000009 ret=0040ed42
1497867.354:00ec:00f0:Call KERNEL32.GetPrivateProfileStringA(004c07f0 "ADDRESSES",0022f1fc "683",004e749c "",0022f23c,00000400,0022f21c "IAM\\ADDRESSES.TAG") ret=0040ed42
1497867.354:00ec:00f0:Ret  KERNEL32.GetPrivateProfileStringA() retval=00000006 ret=0040ed42
1497867.354:00ec:00f0:Call KERNEL32.GetPrivateProfileStringA(004c0898 "CAMERAS",0022f1f8 "4432",004e749c "",0022f238,00000400,0022f218 "IAM\\CAMERAS.TAG") ret=0040ed42
1497867.355:00ec:00f0:Ret  KERNEL32.GetPrivateProfileStringA() retval=00000000 ret=0040ed42
1497869.148:00ec:00f0:Call KERNEL32.GetPrivateProfileStringA(004c0c38 "OBJECTS",0022f1f8 "41",004e749c "",0022f238,00000400,0022f218 "IAM\\OBJECTS.TAG") ret=0040ed42
1497869.151:00ec:00f0:Ret  KERNEL32.GetPrivateProfileStringA() retval=0000000a ret=0040ed42
1497873.316:00ec:00f0:Call KERNEL32.GetPrivateProfileStringA(004c0898 "CAMERAS",0022f1f8 "4434",004e749c "",0022f238,00000400,0022f218 "IAM\\CAMERAS.TAG") ret=0040ed42
1497873.317:00ec:00f0:Ret  KERNEL32.GetPrivateProfileStringA() retval=00000000 ret=0040ed42
1497873.748:00ec:00f0:Call KERNEL32.GetPrivateProfileStringA(004c0898 "CAMERAS",0022f1f8 "4434",004e749c "",0022f238,00000400,0022f218 "IAM\\CAMERAS.TAG") ret=0040ed42
1497873.751:00ec:00f0:Ret  KERNEL32.GetPrivateProfileStringA() retval=00000000 ret=0040ed42
1497874.387:00ec:00f0:Call KERNEL32.GetPrivateProfileStringA(004c0c40 "OBJECTS",0022f1f8 "41",004e749c "",0022f238,00000400,0022f218 "IAM\\OBJECTS.TAG") ret=0040ed42
1497874.387:00ec:00f0:Ret  KERNEL32.GetPrivateProfileStringA() retval=0000000a ret=0040ed42
1497875.126:00ec:00f0:Call KERNEL32.GetPrivateProfileStringA(004c0898 "CAMERAS",0022f1f8 "6",004e749c "",0022f238,00000400,0022f218 "IAM\\CAMERAS.TAG") ret=0040ed42
1497875.126:00ec:00f0:Ret  KERNEL32.GetPrivateProfileStringA() retval=0000001b ret=0040ed42
1497875.142:00ec:00f0:Call KERNEL32.GetPrivateProfileStringA(004c0c40 "OBJECTS",0022f1f8 "3",004e749c "",0022f238,00000400,0022f218 "IAM\\OBJECTS.TAG") ret=0040ed42
1497875.143:00ec:00f0:Ret  KERNEL32.GetPrivateProfileStringA() retval=00000015 ret=0040ed42
1497875.143:00ec:00f0:Call KERNEL32.GetPrivateProfileStringA(004c0c40 "OBJECTS",0022f1f8 "15",004e749c "",0022f238,00000400,0022f218 "IAM\\OBJECTS.TAG") ret=0040ed42
1497875.143:00ec:00f0:Ret  KERNEL32.GetPrivateProfileStringA() retval=0000000d ret=0040ed42
1497876.137:00ec:00f0:Call KERNEL32.GetPrivateProfileStringA(004c0898 "CAMERAS",0022f1f8 "6",004e749c "",0022f238,00000400,0022f218 "IAM\\CAMERAS.TAG") ret=0040ed42
1497876.138:00ec:00f0:Ret  KERNEL32.GetPrivateProfileStringA() retval=0000001b ret=0040ed42
1497876.155:00ec:00f0:Call KERNEL32.GetPrivateProfileStringA(004c0c40 "OBJECTS",0022f1f8 "3",004e749c "",0022f238,00000400,0022f218 "IAM\\OBJECTS.TAG") ret=0040ed42
1497876.156:00ec:00f0:Ret  KERNEL32.GetPrivateProfileStringA() retval=00000015 ret=0040ed42
1497876.156:00ec:00f0:Call KERNEL32.GetPrivateProfileStringA(004c0c40 "OBJECTS",0022f1f8 "15",004e749c "",0022f238,00000400,0022f218 "IAM\\OBJECTS.TAG") ret=0040ed42
1497876.156:00ec:00f0:Ret  KERNEL32.GetPrivateProfileStringA() retval=0000000d ret=0040ed42
1497879.984:00ec:00f0:Call KERNEL32.GetPrivateProfileStringA(004c07f0 "ADDRESSES",0022f1fc "682",004e749c "",0022f23c,00000400,0022f21c "IAM\\ADDRESSES.TAG") ret=0040ed42
1497879.986:00ec:00f0:Ret  KERNEL32.GetPrivateProfileStringA() retval=00000007 ret=0040ed42
1497879.986:00ec:00f0:Call KERNEL32.GetPrivateProfileStringA(004c0c38 "OBJECTS",0022f1f8 "3",004e749c "",0022f238,00000400,0022f218 "IAM\\OBJECTS.TAG") ret=0040ed42
1497879.986:00ec:00f0:Ret  KERNEL32.GetPrivateProfileStringA() retval=00000015 ret=0040ed42
1497879.986:00ec:00f0:Call KERNEL32.GetPrivateProfileStringA(004c0c38 "OBJECTS",0022f1f8 "15",004e749c "",0022f238,00000400,0022f218 "IAM\\OBJECTS.TAG") ret=0040ed42
1497879.986:00ec:00f0:Ret  KERNEL32.GetPrivateProfileStringA() retval=0000000d ret=0040ed42
1497879.986:00ec:00f0:Call KERNEL32.GetPrivateProfileStringA(004c0898 "CAMERAS",0022f1f8 "4430",004e749c "",0022f238,00000400,0022f218 "IAM\\CAMERAS.TAG") ret=0040ed42
1497879.986:00ec:00f0:Ret  KERNEL32.GetPrivateProfileStringA() retval=00000000 ret=0040ed42
1497887.013:00ec:00f0:Call KERNEL32.GetPrivateProfileStringA(004c06c4 "VARIABLES",0022f1fc "119",004e749c "",0022f23c,00000400,0022f21c "IAM\\VARIABLES.TAG") ret=0040ed42
1497887.013:00ec:00f0:Ret  KERNEL32.GetPrivateProfileStringA() retval=0000000d ret=0040ed42
1497887.013:00ec:00f0:Call KERNEL32.GetPrivateProfileStringA(004c0844 "OBJECTS",0022f0f4 "110",004e749c "",0022f134,00000400,0022f114 "IAM\\OBJECTS.TAG") ret=0040ed42
1497887.013:00ec:00f0:Ret  KERNEL32.GetPrivateProfileStringA() retval=00000014 ret=0040ed42
1497887.617:00ec:00f0:Call KERNEL32.GetPrivateProfileStringA(004c0898 "CAMERAS",0022f1f8 "6",004e749c "",0022f238,00000400,0022f218 "IAM\\CAMERAS.TAG") ret=0040ed42
1497887.619:00ec:00f0:Ret  KERNEL32.GetPrivateProfileStringA() retval=0000001b ret=0040ed42
1497888.858:00ec:00f0:Call KERNEL32.GetPrivateProfileStringA(004c0c40 "OBJECTS",0022f1f8 "3",004e749c "",0022f238,00000400,0022f218 "IAM\\OBJECTS.TAG") ret=0040ed42
1497888.859:00ec:00f0:Ret  KERNEL32.GetPrivateProfileStringA() retval=00000015 ret=0040ed42
1497888.859:00ec:00f0:Call KERNEL32.GetPrivateProfileStringA(004c0c40 "OBJECTS",0022f1f8 "15",004e749c "",0022f238,00000400,0022f218 "IAM\\OBJECTS.TAG") ret=0040ed42
1497888.859:00ec:00f0:Ret  KERNEL32.GetPrivateProfileStringA() retval=0000000d ret=0040ed42
1497890.313:00ec:00f0:Call KERNEL32.GetPrivateProfileStringA(004c0898 "CAMERAS",0022f1f8 "4421",004e749c "",0022f238,00000400,0022f218 "IAM\\CAMERAS.TAG") ret=0040ed42
1497890.314:00ec:00f0:Ret  KERNEL32.GetPrivateProfileStringA() retval=00000000 ret=0040ed42
1497890.704:00ec:00f0:Call KERNEL32.GetPrivateProfileStringA(004c0898 "CAMERAS",0022f1f8 "4421",004e749c "",0022f238,00000400,0022f218 "IAM\\CAMERAS.TAG") ret=0040ed42
1497890.705:00ec:00f0:Ret  KERNEL32.GetPrivateProfileStringA() retval=00000000 ret=0040ed42
1497890.705:00ec:00f0:Call KERNEL32.GetPrivateProfileStringA(004c07d8 "ZONES",0022f1fc "4062",004e749c "",0022f23c,00000400,0022f21c "IAM\\ZONES.TAG") ret=0040ed42
1497890.705:00ec:00f0:Ret  KERNEL32.GetPrivateProfileStringA() retval=00000000 ret=0040ed42
1497890.783:00ec:00f0:Call KERNEL32.GetPrivateProfileStringA(004c07d8 "ZONES",0022f1fc "4065",004e749c "",0022f23c,00000400,0022f21c "IAM\\ZONES.TAG") ret=0040ed42
1497890.785:00ec:00f0:Ret  KERNEL32.GetPrivateProfileStringA() retval=00000000 ret=0040ed42
1497890.785:00ec:00f0:Call KERNEL32.GetPrivateProfileStringA(004c0898 "CAMERAS",0022f1f8 "4477",004e749c "",0022f238,00000400,0022f218 "IAM\\CAMERAS.TAG") ret=0040ed42
1497890.786:00ec:00f0:Ret  KERNEL32.GetPrivateProfileStringA() retval=00000000 ret=0040ed42
1497890.856:00ec:00f0:Call KERNEL32.GetPrivateProfileStringA(004c07e0 "ZONES",0022f1fc "4062",004e749c "",0022f23c,00000400,0022f21c "IAM\\ZONES.TAG") ret=0040ed42
1497890.859:00ec:00f0:Ret  KERNEL32.GetPrivateProfileStringA() retval=00000000 ret=0040ed42
1497892.053:00ec:00f0:Call KERNEL32.GetPrivateProfileStringA(004c07e0 "ZONES",0022f1fc "4065",004e749c "",0022f23c,00000400,0022f21c "IAM\\ZONES.TAG") ret=0040ed42
1497892.054:00ec:00f0:Ret  KERNEL32.GetPrivateProfileStringA() retval=00000000 ret=0040ed42
1497892.054:00ec:00f0:Call KERNEL32.GetPrivateProfileStringA(004c0898 "CAMERAS",0022f1f8 "4434",004e749c "",0022f238,00000400,0022f218 "IAM\\CAMERAS.TAG") ret=0040ed42
1497892.055:00ec:00f0:Ret  KERNEL32.GetPrivateProfileStringA() retval=00000000 ret=0040ed42
1497892.933:00ec:00f0:Call KERNEL32.GetPrivateProfileStringA(004c0898 "CAMERAS",0022f1f8 "4434",004e749c "",0022f238,00000400,0022f218 "IAM\\CAMERAS.TAG") ret=0040ed42
1497892.934:00ec:00f0:Ret  KERNEL32.GetPrivateProfileStringA() retval=00000000 ret=0040ed42
1497893.490:00ec:00f0:Call KERNEL32.GetPrivateProfileStringA(004c0898 "CAMERAS",0022f1f8 "4434",004e749c "",0022f238,00000400,0022f218 "IAM\\CAMERAS.TAG") ret=0040ed42
1497893.493:00ec:00f0:Ret  KERNEL32.GetPrivateProfileStringA() retval=00000000 ret=0040ed42
1497893.493:00ec:00f0:Call KERNEL32.GetPrivateProfileStringA(004c06c4 "VARIABLES",0022f1fc "664",004e749c "",0022f23c,00000400,0022f21c "IAM\\VARIABLES.TAG") ret=0040ed42
1497893.493:00ec:00f0:Ret  KERNEL32.GetPrivateProfileStringA() retval=00000009 ret=0040ed42
1497893.775:00ec:00f0:Call KERNEL32.GetPrivateProfileStringA(004c06c4 "VARIABLES",0022f1fc "652",004e749c "",0022f23c,00000400,0022f21c "IAM\\VARIABLES.TAG") ret=0040ed42
1497893.776:00ec:00f0:Ret  KERNEL32.GetPrivateProfileStringA() retval=00000010 ret=0040ed42
1497893.776:00ec:00f0:Call KERNEL32.GetPrivateProfileStringA(004c06c4 "VARIABLES",0022f1fc "657",004e749c "",0022f23c,00000400,0022f21c "IAM\\VARIABLES.TAG") ret=0040ed42
1497893.776:00ec:00f0:Ret  KERNEL32.GetPrivateProfileStringA() retval=0000000f ret=0040ed42
1497893.776:00ec:00f0:Call KERNEL32.GetPrivateProfileStringA(004c0c08 "OBJECTS",0022f1f8 "42",004e749c "",0022f238,00000400,0022f218 "IAM\\OBJECTS.TAG") ret=0040ed42
1497893.776:00ec:00f0:Ret  KERNEL32.GetPrivateProfileStringA() retval=00000009 ret=0040ed42
1497893.776:00ec:00f0:Call KERNEL32.GetPrivateProfileStringA(004c06c4 "VARIABLES",0022f1fc "20",004e749c "",0022f23c,00000400,0022f21c "IAM\\VARIABLES.TAG") ret=0040ed42
1497893.776:00ec:00f0:Ret  KERNEL32.GetPrivateProfileStringA() retval=0000000a ret=0040ed42
1497893.776:00ec:00f0:Call KERNEL32.GetPrivateProfileStringA(004c0c08 "OBJECTS",0022f1f8 "3",004e749c "",0022f238,00000400,0022f218 "IAM\\OBJECTS.TAG") ret=0040ed42
1497893.776:00ec:00f0:Ret  KERNEL32.GetPrivateProfileStringA() retval=00000015 ret=0040ed42
1497893.776:00ec:00f0:Call KERNEL32.GetPrivateProfileStringA(004c06c4 "VARIABLES",0022f1fc "20",004e749c "",0022f23c,00000400,0022f21c "IAM\\VARIABLES.TAG") ret=0040ed42
1497893.777:00ec:00f0:Ret  KERNEL32.GetPrivateProfileStringA() retval=0000000a ret=0040ed42
1497893.777:00ec:00f0:Call KERNEL32.GetPrivateProfileStringA(004c06d8 "VARIABLES",0022f200 "652",004e749c "",0022f240,00000400,0022f220 "IAM\\VARIABLES.TAG") ret=0040ed42
1497893.777:00ec:00f0:Ret  KERNEL32.GetPrivateProfileStringA() retval=00000010 ret=0040ed42
1497893.777:00ec:00f0:Call KERNEL32.GetPrivateProfileStringA(004c07e0 "ZONES",0022f1fc "4056",004e749c "",0022f23c,00000400,0022f21c "IAM\\ZONES.TAG") ret=0040ed42
1497893.777:00ec:00f0:Ret  KERNEL32.GetPrivateProfileStringA() retval=00000000 ret=0040ed42
1497893.777:00ec:00f0:Call KERNEL32.GetPrivateProfileStringA(004c07d8 "ZONES",0022f1fc "4100",004e749c "",0022f23c,00000400,0022f21c "IAM\\ZONES.TAG") ret=0040ed42
1497893.778:00ec:00f0:Ret  KERNEL32.GetPrivateProfileStringA() retval=00000000 ret=0040ed42
1497893.816:00ec:00f0:Call KERNEL32.GetPrivateProfileStringA(004c07e0 "ZONES",0022f1fc "4104",004e749c "",0022f23c,00000400,0022f21c "IAM\\ZONES.TAG") ret=0040ed42
1497893.818:00ec:00f0:Ret  KERNEL32.GetPrivateProfileStringA() retval=00000000 ret=0040ed42
1497893.818:00ec:00f0:Call KERNEL32.GetPrivateProfileStringA(004c07e0 "ZONES",0022f1fc "4100",004e749c "",0022f23c,00000400,0022f21c "IAM\\ZONES.TAG") ret=0040ed42
1497893.818:00ec:00f0:Ret  KERNEL32.GetPrivateProfileStringA() retval=00000000 ret=0040ed42
1497893.818:00ec:00f0:Call KERNEL32.GetPrivateProfileStringA(004c06e4 "VARIABLES",0022f200 "660",004e749c "",0022f240,00000400,0022f220 "IAM\\VARIABLES.TAG") ret=0040ed42
1497893.819:00ec:00f0:Ret  KERNEL32.GetPrivateProfileStringA() retval=00000010 ret=0040ed42
1497893.833:00ec:00f0:Call KERNEL32.GetPrivateProfileStringA(004c06c4 "VARIABLES",0022f1fc "660",004e749c "",0022f23c,00000400,0022f21c "IAM\\VARIABLES.TAG") ret=0040ed42
1497893.834:00ec:00f0:Ret  KERNEL32.GetPrivateProfileStringA() retval=00000010 ret=0040ed42
1497893.834:00ec:00f0:Call KERNEL32.GetPrivateProfileStringA(004c07e0 "ZONES",0022f1fc "4115",004e749c "",0022f23c,00000400,0022f21c "IAM\\ZONES.TAG") ret=0040ed42
1497893.834:00ec:00f0:Ret  KERNEL32.GetPrivateProfileStringA() retval=00000000 ret=0040ed42
1497893.834:00ec:00f0:Call KERNEL32.GetPrivateProfileStringA(004c07e0 "ZONES",0022f1fc "4127",004e749c "",0022f23c,00000400,0022f21c "IAM\\ZONES.TAG") ret=0040ed42
1497893.835:00ec:00f0:Ret  KERNEL32.GetPrivateProfileStringA() retval=00000000 ret=0040ed42
1497893.835:00ec:00f0:Call KERNEL32.GetPrivateProfileStringA(004c07e0 "ZONES",0022f1fc "4119",004e749c "",0022f23c,00000400,0022f21c "IAM\\ZONES.TAG") ret=0040ed42
1497893.835:00ec:00f0:Ret  KERNEL32.GetPrivateProfileStringA() retval=00000000 ret=0040ed42
1497893.835:00ec:00f0:Call KERNEL32.GetPrivateProfileStringA(004c06d8 "VARIABLES",0022f200 "648",004e749c "",0022f240,00000400,0022f220 "IAM\\VARIABLES.TAG") ret=0040ed42
1497893.836:00ec:00f0:Ret  KERNEL32.GetPrivateProfileStringA() retval=00000013 ret=0040ed42
1497895.934:00ec:00f0:Call KERNEL32.GetPrivateProfileStringA(004c07f0 "ADDRESSES",0022f1fc "691",004e749c "",0022f23c,00000400,0022f21c "IAM\\ADDRESSES.TAG") ret=0040ed42
1497895.935:00ec:00f0:Ret  KERNEL32.GetPrivateProfileStringA() retval=00000011 ret=0040ed42
1497895.935:00ec:00f0:Call KERNEL32.GetPrivateProfileStringA(004c07cc "DIALOGS",0022f1fc "401",004e749c "",0022f23c,00000400,0022f21c "IAM\\DIALOGS.TAG") ret=0040ed42
1497895.935:00ec:00f0:Ret  KERNEL32.GetPrivateProfileStringA() retval=00000018 ret=0040ed42
1497897.106:00ec:00f0:Call KERNEL32.GetPrivateProfileStringA(004c06c4 "VARIABLES",0022f1fc "660",004e749c "",0022f23c,00000400,0022f21c "IAM\\VARIABLES.TAG") ret=0040ed42
1497897.109:00ec:00f0:Ret  KERNEL32.GetPrivateProfileStringA() retval=00000010 ret=0040ed42
1497897.109:00ec:00f0:Call KERNEL32.GetPrivateProfileStringA(004c07e0 "ZONES",0022f1fc "4115",004e749c "",0022f23c,00000400,0022f21c "IAM\\ZONES.TAG") ret=0040ed42
1497897.109:00ec:00f0:Ret  KERNEL32.GetPrivateProfileStringA() retval=00000000 ret=0040ed42
1497897.109:00ec:00f0:Call KERNEL32.GetPrivateProfileStringA(004c07e0 "ZONES",0022f1fc "4127",004e749c "",0022f23c,00000400,0022f21c "IAM\\ZONES.TAG") ret=0040ed42
1497897.110:00ec:00f0:Ret  KERNEL32.GetPrivateProfileStringA() retval=00000000 ret=0040ed42
1497897.110:00ec:00f0:Call KERNEL32.GetPrivateProfileStringA(004c07e0 "ZONES",0022f1fc "4119",004e749c "",0022f23c,00000400,0022f21c "IAM\\ZONES.TAG") ret=0040ed42
1497897.111:00ec:00f0:Ret  KERNEL32.GetPrivateProfileStringA() retval=00000000 ret=0040ed42
1497897.111:00ec:00f0:Call KERNEL32.GetPrivateProfileStringA(004c06d8 "VARIABLES",0022f200 "648",004e749c "",0022f240,00000400,0022f220 "IAM\\VARIABLES.TAG") ret=0040ed42
1497897.111:00ec:00f0:Ret  KERNEL32.GetPrivateProfileStringA() retval=00000013 ret=0040ed42
1497904.268:00ec:00f0:Call KERNEL32.GetPrivateProfileStringA(004c07d8 "ZONES",0022f1fc "4047",004e749c "",0022f23c,00000400,0022f21c "IAM\\ZONES.TAG") ret=0040ed42
1497904.268:00ec:00f0:Ret  KERNEL32.GetPrivateProfileStringA() retval=00000000 ret=0040ed42
1497904.268:00ec:00f0:Call KERNEL32.GetPrivateProfileStringA(004c06d8 "VARIABLES",0022f200 "661",004e749c "",0022f240,00000400,0022f220 "IAM\\VARIABLES.TAG") ret=0040ed42
1497904.269:00ec:00f0:Ret  KERNEL32.GetPrivateProfileStringA() retval=00000009 ret=0040ed42
1497904.269:00ec:00f0:Call KERNEL32.GetPrivateProfileStringA(004c06e4 "VARIABLES",0022f200 "662",004e749c "",0022f240,00000400,0022f220 "IAM\\VARIABLES.TAG") ret=0040ed42
1497904.269:00ec:00f0:Ret  KERNEL32.GetPrivateProfileStringA() retval=0000000c ret=0040ed42
1497904.269:00ec:00f0:Call KERNEL32.GetPrivateProfileStringA(004c07d8 "ZONES",0022f1fc "4101",004e749c "",0022f23c,00000400,0022f21c "IAM\\ZONES.TAG") ret=0040ed42
1497904.270:00ec:00f0:Ret  KERNEL32.GetPrivateProfileStringA() retval=00000000 ret=0040ed42
1497904.270:00ec:00f0:Call KERNEL32.GetPrivateProfileStringA(004c07d8 "ZONES",0022f1fc "4110",004e749c "",0022f23c,00000400,0022f21c "IAM\\ZONES.TAG") ret=0040ed42
1497904.270:00ec:00f0:Ret  KERNEL32.GetPrivateProfileStringA() retval=00000000 ret=0040ed42
1497904.270:00ec:00f0:Call KERNEL32.GetPrivateProfileStringA(004c07d8 "ZONES",0022f1fc "4102",004e749c "",0022f23c,00000400,0022f21c "IAM\\ZONES.TAG") ret=0040ed42
1497904.271:00ec:00f0:Ret  KERNEL32.GetPrivateProfileStringA() retval=00000000 ret=0040ed42
1497904.277:00ec:00f0:Call KERNEL32.GetPrivateProfileStringA(004c07d8 "ZONES",0022f1fc "4049",004e749c "",0022f23c,00000400,0022f21c "IAM\\ZONES.TAG") ret=0040ed42
1497904.278:00ec:00f0:Ret  KERNEL32.GetPrivateProfileStringA() retval=00000000 ret=0040ed42
1497904.278:00ec:00f0:Call KERNEL32.GetPrivateProfileStringA(004c0898 "CAMERAS",0022f1f8 "4417",004e749c "",0022f238,00000400,0022f218 "IAM\\CAMERAS.TAG") ret=0040ed42
1497904.278:00ec:00f0:Ret  KERNEL32.GetPrivateProfileStringA() retval=00000000 ret=0040ed42
1497904.287:00ec:00f0:Call KERNEL32.GetPrivateProfileStringA(004c0c20 "OBJECTS",0022f1ec "314",004e749c "",0022f22c,00000400,0022f20c "IAM\\OBJECTS.TAG") ret=0040ed42
1497904.288:00ec:00f0:Ret  KERNEL32.GetPrivateProfileStringA() retval=0000000e ret=0040ed42
1497904.739:00ec:00f0:Call KERNEL32.GetPrivateProfileStringA(004c06d8 "VARIABLES",0022f200 "658",004e749c "",0022f240,00000400,0022f220 "IAM\\VARIABLES.TAG") ret=0040ed42
1497904.739:00ec:00f0:Ret  KERNEL32.GetPrivateProfileStringA() retval=00000006 ret=0040ed42
1497904.739:00ec:00f0:Call KERNEL32.GetPrivateProfileStringA(004c07e0 "ZONES",0022f1fc "4101",004e749c "",0022f23c,00000400,0022f21c "IAM\\ZONES.TAG") ret=0040ed42
1497904.739:00ec:00f0:Ret  KERNEL32.GetPrivateProfileStringA() retval=00000000 ret=0040ed42
1497904.739:00ec:00f0:Call KERNEL32.GetPrivateProfileStringA(004c0898 "CAMERAS",0022f1f8 "4418",004e749c "",0022f238,00000400,0022f218 "IAM\\CAMERAS.TAG") ret=0040ed42
1497904.740:00ec:00f0:Ret  KERNEL32.GetPrivateProfileStringA() retval=00000000 ret=0040ed42
1497904.740:00ec:00f0:Call KERNEL32.GetPrivateProfileStringA(004c07e0 "ZONES",0022f1fc "4102",004e749c "",0022f23c,00000400,0022f21c "IAM\\ZONES.TAG") ret=0040ed42
1497904.740:00ec:00f0:Ret  KERNEL32.GetPrivateProfileStringA() retval=00000000 ret=0040ed42
1497904.740:00ec:00f0:Call KERNEL32.GetPrivateProfileStringA(004c06e4 "VARIABLES",0022f200 "132",004e749c "",0022f240,00000400,0022f220 "IAM\\VARIABLES.TAG") ret=0040ed42
1497904.741:00ec:00f0:Ret  KERNEL32.GetPrivateProfileStringA() retval=00000007 ret=0040ed42
1497904.741:00ec:00f0:Call KERNEL32.GetPrivateProfileStringA(004c07e0 "ZONES",0022f1fc "4101",004e749c "",0022f23c,00000400,0022f21c "IAM\\ZONES.TAG") ret=0040ed42
1497904.741:00ec:00f0:Ret  KERNEL32.GetPrivateProfileStringA() retval=00000000 ret=0040ed42
1497904.741:00ec:00f0:Call KERNEL32.GetPrivateProfileStringA(004c06d8 "VARIABLES",0022f200 "662",004e749c "",0022f240,00000400,0022f220 "IAM\\VARIABLES.TAG") ret=0040ed42
1497904.742:00ec:00f0:Ret  KERNEL32.GetPrivateProfileStringA() retval=0000000c ret=0040ed42
1497904.742:00ec:00f0:Call KERNEL32.GetPrivateProfileStringA(004c07e0 "ZONES",0022f1fc "4110",004e749c "",0022f23c,00000400,0022f21c "IAM\\ZONES.TAG") ret=0040ed42
1497904.742:00ec:00f0:Ret  KERNEL32.GetPrivateProfileStringA() retval=00000000 ret=0040ed42
1497906.006:00ec:00f0:Call KERNEL32.GetPrivateProfileStringA(004c0790 "AREAS",0022f1f4 "229",004e749c "",0022f234,00000400,0022f214 "IAM\\AREAS.TAG") ret=0040ed42
1497906.010:00ec:00f0:Ret  KERNEL32.GetPrivateProfileStringA() retval=0000000f ret=0040ed42
1497906.033:00ec:00f0:Call KERNEL32.GetPrivateProfileStringA(004c07f0 "ADDRESSES",0022f1fc "663",004e749c "",0022f23c,00000400,0022f21c "IAM\\ADDRESSES.TAG") ret=0040ed42
1497906.034:00ec:00f0:Ret  KERNEL32.GetPrivateProfileStringA() retval=0000001b ret=0040ed42
1497906.035:00ec:00f0:Call KERNEL32.GetPrivateProfileStringA(004c0798 "AREAS",0022f1fc "237",004e749c "",0022f23c,00000400,0022f21c "IAM\\AREAS.TAG") ret=0040ed42
1497906.036:00ec:00f0:Ret  KERNEL32.GetPrivateProfileStringA() retval=00000013 ret=0040ed42
1497906.043:00ec:00f0:Call KERNEL32.GetPrivateProfileStringA(004c07e0 "ZONES",0022f1fc "3892",004e749c "",0022f23c,00000400,0022f21c "IAM\\ZONES.TAG") ret=0040ed42
1497906.044:00ec:00f0:Ret  KERNEL32.GetPrivateProfileStringA() retval=00000000 ret=0040ed42
1497906.044:00ec:00f0:Call KERNEL32.GetPrivateProfileStringA(004c0898 "CAMERAS",0022f1f8 "4354",004e749c "",0022f238,00000400,0022f218 "IAM\\CAMERAS.TAG") ret=0040ed42
1497906.045:00ec:00f0:Ret  KERNEL32.GetPrivateProfileStringA() retval=00000000 ret=0040ed42
1497906.049:00ec:00f0:Call KERNEL32.GetPrivateProfileStringA(004c07f0 "ADDRESSES",0022f1fc "661",004e749c "",0022f23c,00000400,0022f21c "IAM\\ADDRESSES.TAG") ret=0040ed42
1497906.051:00ec:00f0:Ret  KERNEL32.GetPrivateProfileStringA() retval=0000001b ret=0040ed42
1497906.056:00ec:00f0:Call KERNEL32.GetPrivateProfileStringA(004c07d8 "ZONES",0022f1fc "3888",004e749c "",0022f23c,00000400,0022f21c "IAM\\ZONES.TAG") ret=0040ed42
1497906.059:00ec:00f0:Ret  KERNEL32.GetPrivateProfileStringA() retval=00000000 ret=0040ed42
1497906.059:00ec:00f0:Call KERNEL32.GetPrivateProfileStringA(004c0898 "CAMERAS",0022f1f8 "4353",004e749c "",0022f238,00000400,0022f218 "IAM\\CAMERAS.TAG") ret=0040ed42
1497906.060:00ec:00f0:Ret  KERNEL32.GetPrivateProfileStringA() retval=00000000 ret=0040ed42
1497907.340:00ec:00f0:Call KERNEL32.GetPrivateProfileStringA(004c0844 "OBJECTS",0022f0f4 "468",004e749c "",0022f134,00000400,0022f114 "IAM\\OBJECTS.TAG") ret=0040ed42
1497907.342:00ec:00f0:Ret  KERNEL32.GetPrivateProfileStringA() retval=00000017 ret=0040ed42
1497907.590:00ec:00f0:Call KERNEL32.GetPrivateProfileStringA(004c0898 "CAMERAS",0022f1f8 "6",004e749c "",0022f238,00000400,0022f218 "IAM\\CAMERAS.TAG") ret=0040ed42
1497907.593:00ec:00f0:Ret  KERNEL32.GetPrivateProfileStringA() retval=0000001b ret=0040ed42
1497907.593:00ec:00f0:Call KERNEL32.GetPrivateProfileStringA(004c07d8 "ZONES",0022f1fc "3900",004e749c "",0022f23c,00000400,0022f21c "IAM\\ZONES.TAG") ret=0040ed42
1497907.593:00ec:00f0:Ret  KERNEL32.GetPrivateProfileStringA() retval=00000000 ret=0040ed42
1497908.666:00ec:00f0:Call KERNEL32.GetPrivateProfileStringA(004c0790 "AREAS",0022f1f4 "0",004e749c "",0022f234,00000400,0022f214 "IAM\\AREAS.TAG") ret=0040ed42
1497908.668:00ec:00f0:Ret  KERNEL32.GetPrivateProfileStringA() retval=00000007 ret=0040ed42
1497908.964:00ec:00f0:Call KERNEL32.GetPrivateProfileStringA(004c082c "ADDRESSES",0022f1fc "1",004e749c "",0022f23c,00000400,0022f21c "IAM\\ADDRESSES.TAG") ret=0040ed42
1497908.968:00ec:00f0:Ret  KERNEL32.GetPrivateProfileStringA() retval=0000001a ret=0040ed42
1497908.968:00ec:00f0:Call KERNEL32.GetPrivateProfileStringA(004c082c "ADDRESSES",0022f1fc "335",004e749c "",0022f23c,00000400,0022f21c "IAM\\ADDRESSES.TAG") ret=0040ed42
1497908.968:00ec:00f0:Ret  KERNEL32.GetPrivateProfileStringA() retval=0000001a ret=0040ed42
1497908.968:00ec:00f0:Call KERNEL32.GetPrivateProfileStringA(004c06d8 "VARIABLES",0022f200 "224",004e749c "",0022f240,00000400,0022f220 "IAM\\VARIABLES.TAG") ret=0040ed42
1497908.968:00ec:00f0:Ret  KERNEL32.GetPrivateProfileStringA() retval=0000000e ret=0040ed42
1497910.245:00ec:00f0:Call KERNEL32.GetPrivateProfileStringA(004c0898 "CAMERAS",0022f1f8 "79",004e749c "",0022f238,00000400,0022f218 "IAM\\CAMERAS.TAG") ret=0040ed42
1497910.246:00ec:00f0:Ret  KERNEL32.GetPrivateProfileStringA() retval=0000001b ret=0040ed42
1497910.446:00ec:00f0:Call KERNEL32.GetPrivateProfileStringA(004c06c4 "VARIABLES",0022f1fc "65",004e749c "",0022f23c,00000400,0022f21c "IAM\\VARIABLES.TAG") ret=0040ed42
1497910.447:00ec:00f0:Ret  KERNEL32.GetPrivateProfileStringA() retval=0000000e ret=0040ed42
1497910.447:00ec:00f0:Call KERNEL32.GetPrivateProfileStringA(004c0c08 "OBJECTS",0022f1f8 "3",004e749c "",0022f238,00000400,0022f218 "IAM\\OBJECTS.TAG") ret=0040ed42
1497910.447:00ec:00f0:Ret  KERNEL32.GetPrivateProfileStringA() retval=00000015 ret=0040ed42
1497910.447:00ec:00f0:Call KERNEL32.GetPrivateProfileStringA(004c06c4 "VARIABLES",0022f1fc "20",004e749c "",0022f23c,00000400,0022f21c "IAM\\VARIABLES.TAG") ret=0040ed42
1497910.447:00ec:00f0:Ret  KERNEL32.GetPrivateProfileStringA() retval=0000000a ret=0040ed42
1497910.447:00ec:00f0:Call KERNEL32.GetPrivateProfileStringA(004c07e0 "ZONES",0022f1fc "60",004e749c "",0022f23c,00000400,0022f21c "IAM\\ZONES.TAG") ret=0040ed42
1497910.447:00ec:00f0:Ret  KERNEL32.GetPrivateProfileStringA() retval=00000011 ret=0040ed42
1497910.447:00ec:00f0:Call KERNEL32.GetPrivateProfileStringA(004c06c4 "VARIABLES",0022f1fc "66",004e749c "",0022f23c,00000400,0022f21c "IAM\\VARIABLES.TAG") ret=0040ed42
1497910.450:00ec:00f0:Ret  KERNEL32.GetPrivateProfileStringA() retval=0000000f ret=0040ed42
1497910.450:00ec:00f0:Call KERNEL32.GetPrivateProfileStringA(004c0844 "OBJECTS",0022f0f4 "403",004e749c "",0022f134,00000400,0022f114 "IAM\\OBJECTS.TAG") ret=0040ed42
1497910.450:00ec:00f0:Ret  KERNEL32.GetPrivateProfileStringA() retval=0000001d ret=0040ed42
1497910.768:00ec:00f0:Call KERNEL32.GetPrivateProfileStringA(004c0898 "CAMERAS",0022f1f8 "0",004e749c "",0022f238,00000400,0022f218 "IAM\\CAMERAS.TAG") ret=0040ed42
1497910.768:00ec:00f0:Ret  KERNEL32.GetPrivateProfileStringA() retval=0000000d ret=0040ed42
1497929.870:00ec:00f0:Call KERNEL32.GetPrivateProfileStringA(004c06c4 "VARIABLES",0022f1fc "66",004e749c "",0022f23c,00000400,0022f21c "IAM\\VARIABLES.TAG") ret=0040ed42
1497929.870:00ec:00f0:Ret  KERNEL32.GetPrivateProfileStringA() retval=0000000f ret=0040ed42
1497929.870:00ec:00f0:Call KERNEL32.GetPrivateProfileStringA(004c082c "ADDRESSES",0022f1fc "8",004e749c "",0022f23c,00000400,0022f21c "IAM\\ADDRESSES.TAG") ret=0040ed42
1497929.870:00ec:00f0:Ret  KERNEL32.GetPrivateProfileStringA() retval=0000001c ret=0040ed42
1497929.870:00ec:00f0:Call KERNEL32.GetPrivateProfileStringA(004c0844 "OBJECTS",0022f0f4 "534",004e749c "",0022f134,00000400,0022f114 "IAM\\OBJECTS.TAG") ret=0040ed42
1497929.871:00ec:00f0:Ret  KERNEL32.GetPrivateProfileStringA() retval=00000017 ret=0040ed42
1497929.873:00ec:00f0:Call KERNEL32.GetPrivateProfileStringA(004c06e4 "VARIABLES",0022f200 "66",004e749c "",0022f240,00000400,0022f220 "IAM\\VARIABLES.TAG") ret=0040ed42
1497929.873:00ec:00f0:Ret  KERNEL32.GetPrivateProfileStringA() retval=0000000f ret=0040ed42
1497978.369:00ec:00f0:Call KERNEL32.GetPrivateProfileStringA(004c06c4 "VARIABLES",0022f1fc "38",004e749c "",0022f23c,00000400,0022f21c "IAM\\VARIABLES.TAG") ret=0040ed42
1497978.369:00ec:00f0:Ret  KERNEL32.GetPrivateProfileStringA() retval=00000017 ret=0040ed42
1497978.369:00ec:00f0:Call KERNEL32.GetPrivateProfileStringA(004c06c4 "VARIABLES",0022f1fc "5",004e749c "",0022f23c,00000400,0022f21c "IAM\\VARIABLES.TAG") ret=0040ed42
1497978.370:00ec:00f0:Ret  KERNEL32.GetPrivateProfileStringA() retval=00000015 ret=0040ed42
1497978.370:00ec:00f0:Call KERNEL32.GetPrivateProfileStringA(004c06c4 "VARIABLES",0022f1fc "183",004e749c "",0022f23c,00000400,0022f21c "IAM\\VARIABLES.TAG") ret=0040ed42
1497978.370:00ec:00f0:Ret  KERNEL32.GetPrivateProfileStringA() retval=00000017 ret=0040ed42
1497978.370:00ec:00f0:Call KERNEL32.GetPrivateProfileStringA(004c0c08 "OBJECTS",0022f1f8 "98",004e749c "",0022f238,00000400,0022f218 "IAM\\OBJECTS.TAG") ret=0040ed42
1497978.370:00ec:00f0:Ret  KERNEL32.GetPrivateProfileStringA() retval=00000010 ret=0040ed42
1497978.370:00ec:00f0:Call KERNEL32.GetPrivateProfileStringA(004c06c4 "VARIABLES",0022f1fc "20",004e749c "",0022f23c,00000400,0022f21c "IAM\\VARIABLES.TAG") ret=0040ed42
1497978.370:00ec:00f0:Ret  KERNEL32.GetPrivateProfileStringA() retval=0000000a ret=0040ed42
1497978.370:00ec:00f0:Call KERNEL32.GetPrivateProfileStringA(004c0c08 "OBJECTS",0022f1f8 "98",004e749c "",0022f238,00000400,0022f218 "IAM\\OBJECTS.TAG") ret=0040ed42
1497978.370:00ec:00f0:Ret  KERNEL32.GetPrivateProfileStringA() retval=00000010 ret=0040ed42
1497978.370:00ec:00f0:Call KERNEL32.GetPrivateProfileStringA(004c06c4 "VARIABLES",0022f1fc "20",004e749c "",0022f23c,00000400,0022f21c "IAM\\VARIABLES.TAG") ret=0040ed42
1497978.370:00ec:00f0:Ret  KERNEL32.GetPrivateProfileStringA() retval=0000000a ret=0040ed42
1497978.370:00ec:00f0:Call KERNEL32.GetPrivateProfileStringA(004c0790 "AREAS",0022f1f4 "218",004e749c "",0022f234,00000400,0022f214 "IAM\\AREAS.TAG") ret=0040ed42
1497978.371:00ec:00f0:Ret  KERNEL32.GetPrivateProfileStringA() retval=0000000e ret=0040ed42
1497980.083:00ec:00f0:Call KERNEL32.GetPrivateProfileStringA(004c0898 "CAMERAS",0022f1f8 "4222",004e749c "",0022f238,00000400,0022f218 "IAM\\CAMERAS.TAG") ret=0040ed42
1497980.084:00ec:00f0:Ret  KERNEL32.GetPrivateProfileStringA() retval=00000000 ret=0040ed42
1497980.868:00ec:00f0:Call KERNEL32.GetPrivateProfileStringA(004c06c4 "VARIABLES",0022f1fc "8",004e749c "",0022f23c,00000400,0022f21c "IAM\\VARIABLES.TAG") ret=0040ed42
1497980.868:00ec:00f0:Ret  KERNEL32.GetPrivateProfileStringA() retval=00000018 ret=0040ed42
1497981.623:00ec:00f0:Call KERNEL32.GetPrivateProfileStringA(004c06c4 "VARIABLES",0022f1fc "8",004e749c "",0022f23c,00000400,0022f21c "IAM\\VARIABLES.TAG") ret=0040ed42
1497981.625:00ec:00f0:Ret  KERNEL32.GetPrivateProfileStringA() retval=00000018 ret=0040ed42
1497981.625:00ec:00f0:Call KERNEL32.GetPrivateProfileStringA(004c06c4 "VARIABLES",0022f1fc "8",004e749c "",0022f23c,00000400,0022f21c "IAM\\VARIABLES.TAG") ret=0040ed42
1497981.625:00ec:00f0:Ret  KERNEL32.GetPrivateProfileStringA() retval=00000018 ret=0040ed42
1497981.625:00ec:00f0:Call KERNEL32.GetPrivateProfileStringA(004c0844 "OBJECTS",0022f0f4 "105",004e749c "",0022f134,00000400,0022f114 "IAM\\OBJECTS.TAG") ret=0040ed42
1497981.625:00ec:00f0:Ret  KERNEL32.GetPrivateProfileStringA() retval=0000000e ret=0040ed42
1497985.466:00ec:00f0:Call KERNEL32.GetPrivateProfileStringA(004c06c4 "VARIABLES",0022f1fc "13",004e749c "",0022f23c,00000400,0022f21c "IAM\\VARIABLES.TAG") ret=0040ed42
1497985.466:00ec:00f0:Ret  KERNEL32.GetPrivateProfileStringA() retval=0000000c ret=0040ed42
1497985.466:00ec:00f0:Call KERNEL32.GetPrivateProfileStringA(004c07e0 "ZONES",0022f1fc "3740",004e749c "",0022f23c,00000400,0022f21c "IAM\\ZONES.TAG") ret=0040ed42
1497985.466:00ec:00f0:Ret  KERNEL32.GetPrivateProfileStringA() retval=00000000 ret=0040ed42
1497985.466:00ec:00f0:Call KERNEL32.GetPrivateProfileStringA(004c07f0 "ADDRESSES",0022f1fc "641",004e749c "",0022f23c,00000400,0022f21c "IAM\\ADDRESSES.TAG") ret=0040ed42
1497985.468:00ec:00f0:Ret  KERNEL32.GetPrivateProfileStringA() retval=00000007 ret=0040ed42
1497986.514:00ec:00f0:Call KERNEL32.GetPrivateProfileStringA(004c0c10 "OBJECTS",0022f1f8 "3",004e749c "",0022f238,00000400,0022f218 "IAM\\OBJECTS.TAG") ret=0040ed42
1497986.517:00ec:00f0:Ret  KERNEL32.GetPrivateProfileStringA() retval=00000015 ret=0040ed42
1497986.517:00ec:00f0:Call KERNEL32.GetPrivateProfileStringA(004c06e4 "VARIABLES",0022f200 "8",004e749c "",0022f240,00000400,0022f220 "IAM\\VARIABLES.TAG") ret=0040ed42
1497986.517:00ec:00f0:Ret  KERNEL32.GetPrivateProfileStringA() retval=00000018 ret=0040ed42
1497986.517:00ec:00f0:Call KERNEL32.GetPrivateProfileStringA(004c0788 "AREAS",0022f1fc "157",004e749c "",0022f23c,00000400,0022f21c "IAM\\AREAS.TAG") ret=0040ed42
1497986.517:00ec:00f0:Ret  KERNEL32.GetPrivateProfileStringA() retval=00000010 ret=0040ed42
1497986.583:00ec:00f0:Call KERNEL32.GetPrivateProfileStringA(004c06c4 "VARIABLES",0022f1fc "212",004e749c "",0022f23c,00000400,0022f21c "IAM\\VARIABLES.TAG") ret=0040ed42
1497986.584:00ec:00f0:Ret  KERNEL32.GetPrivateProfileStringA() retval=00000015 ret=0040ed42
1497986.871:00ec:00f0:Call KERNEL32.GetPrivateProfileStringA(004c06c4 "VARIABLES",0022f1fc "8",004e749c "",0022f23c,00000400,0022f21c "IAM\\VARIABLES.TAG") ret=0040ed42
1497986.872:00ec:00f0:Ret  KERNEL32.GetPrivateProfileStringA() retval=00000018 ret=0040ed42
1497986.872:00ec:00f0:Call KERNEL32.GetPrivateProfileStringA(004c0790 "AREAS",0022f1f4 "157",004e749c "",0022f234,00000400,0022f214 "IAM\\AREAS.TAG") ret=0040ed42
1497986.872:00ec:00f0:Ret  KERNEL32.GetPrivateProfileStringA() retval=00000010 ret=0040ed42
1497987.565:00ec:00f0:Call KERNEL32.GetPrivateProfileStringA(004c0898 "CAMERAS",0022f1f8 "3035",004e749c "",0022f238,00000400,0022f218 "IAM\\CAMERAS.TAG") ret=0040ed42
1497987.566:00ec:00f0:Ret  KERNEL32.GetPrivateProfileStringA() retval=00000000 ret=0040ed42
1497987.952:00ec:00f0:Call KERNEL32.GetPrivateProfileStringA(004c0898 "CAMERAS",0022f1f8 "6",004e749c "",0022f238,00000400,0022f218 "IAM\\CAMERAS.TAG") ret=0040ed42
1497987.952:00ec:00f0:Ret  KERNEL32.GetPrivateProfileStringA() retval=0000001b ret=0040ed42
1497988.638:00ec:00f0:Call KERNEL32.GetPrivateProfileStringA(004c06c4 "VARIABLES",0022f1fc "512",004e749c "",0022f23c,00000400,0022f21c "IAM\\VARIABLES.TAG") ret=0040ed42
1497988.641:00ec:00f0:Ret  KERNEL32.GetPrivateProfileStringA() retval=0000000d ret=0040ed42
1497988.641:00ec:00f0:Call KERNEL32.GetPrivateProfileStringA(004c06e4 "VARIABLES",0022f200 "512",004e749c "",0022f240,00000400,0022f220 "IAM\\VARIABLES.TAG") ret=0040ed42
1497988.641:00ec:00f0:Ret  KERNEL32.GetPrivateProfileStringA() retval=0000000d ret=0040ed42
1497988.641:00ec:00f0:Call KERNEL32.GetPrivateProfileStringA(004c07f0 "ADDRESSES",0022f1fc "474",004e749c "",0022f23c,00000400,0022f21c "IAM\\ADDRESSES.TAG") ret=0040ed42
1497988.641:00ec:00f0:Ret  KERNEL32.GetPrivateProfileStringA() retval=0000000d ret=0040ed42
1497988.641:00ec:00f0:Call KERNEL32.GetPrivateProfileStringA(004c0898 "CAMERAS",0022f1f8 "3055",004e749c "",0022f238,00000400,0022f218 "IAM\\CAMERAS.TAG") ret=0040ed42
1497988.642:00ec:00f0:Ret  KERNEL32.GetPrivateProfileStringA() retval=00000000 ret=0040ed42
1497988.642:00ec:00f0:Call KERNEL32.GetPrivateProfileStringA(004c08a0 "CAMERAS",0022f1f0 "3056",004e749c "",0022f230,00000400,0022f210 "IAM\\CAMERAS.TAG") ret=0040ed42
1497988.642:00ec:00f0:Ret  KERNEL32.GetPrivateProfileStringA() retval=00000000 ret=0040ed42
1497994.064:00ec:00f0:Call KERNEL32.GetPrivateProfileStringA(004c0898 "CAMERAS",0022f1f8 "3054",004e749c "",0022f238,00000400,0022f218 "IAM\\CAMERAS.TAG") ret=0040ed42
1497994.066:00ec:00f0:Ret  KERNEL32.GetPrivateProfileStringA() retval=00000000 ret=0040ed42
1497994.066:00ec:00f0:Call KERNEL32.GetPrivateProfileStringA(004c08a0 "CAMERAS",0022f1f0 "3051",004e749c "",0022f230,00000400,0022f210 "IAM\\CAMERAS.TAG") ret=0040ed42
1497994.067:00ec:00f0:Ret  KERNEL32.GetPrivateProfileStringA() retval=00000000 ret=0040ed42
1498001.492:00ec:00f0:Call KERNEL32.GetPrivateProfileStringA(004c0898 "CAMERAS",0022f1f8 "3057",004e749c "",0022f238,00000400,0022f218 "IAM\\CAMERAS.TAG") ret=0040ed42
1498001.493:00ec:00f0:Ret  KERNEL32.GetPrivateProfileStringA() retval=00000000 ret=0040ed42
1498001.493:00ec:00f0:Call KERNEL32.GetPrivateProfileStringA(004c08a0 "CAMERAS",0022f1f0 "3058",004e749c "",0022f230,00000400,0022f210 "IAM\\CAMERAS.TAG") ret=0040ed42
1498001.493:00ec:00f0:Ret  KERNEL32.GetPrivateProfileStringA() retval=00000000 ret=0040ed42
1498005.660:00ec:00f0:Call KERNEL32.GetPrivateProfileStringA(004c0898 "CAMERAS",0022f1f8 "3051",004e749c "",0022f238,00000400,0022f218 "IAM\\CAMERAS.TAG") ret=0040ed42
1498005.661:00ec:00f0:Ret  KERNEL32.GetPrivateProfileStringA() retval=00000000 ret=0040ed42
1498005.661:00ec:00f0:Call KERNEL32.GetPrivateProfileStringA(004c08a0 "CAMERAS",0022f1f0 "3052",004e749c "",0022f230,00000400,0022f210 "IAM\\CAMERAS.TAG") ret=0040ed42
1498005.661:00ec:00f0:Ret  KERNEL32.GetPrivateProfileStringA() retval=00000000 ret=0040ed42
1498013.824:00ec:00f0:Call KERNEL32.GetPrivateProfileStringA(004c0898 "CAMERAS",0022f1f8 "6",004e749c "",0022f238,00000400,0022f218 "IAM\\CAMERAS.TAG") ret=0040ed42
1498013.825:00ec:00f0:Ret  KERNEL32.GetPrivateProfileStringA() retval=0000001b ret=0040ed42
1498015.329:00ec:00f0:Call KERNEL32.GetPrivateProfileStringA(004c0898 "CAMERAS",0022f1f8 "6",004e749c "",0022f238,00000400,0022f218 "IAM\\CAMERAS.TAG") ret=0040ed42
1498015.333:00ec:00f0:Ret  KERNEL32.GetPrivateProfileStringA() retval=0000001b ret=0040ed42
1498015.804:00ec:00f0:Call KERNEL32.GetPrivateProfileStringA(004c07d8 "ZONES",0022f1fc "2555",004e749c "",0022f23c,00000400,0022f21c "IAM\\ZONES.TAG") ret=0040ed42
1498015.804:00ec:00f0:Ret  KERNEL32.GetPrivateProfileStringA() retval=00000014 ret=0040ed42
1498017.357:00ec:00f0:Call KERNEL32.GetPrivateProfileStringA(004c06c4 "VARIABLES",0022f1fc "119",004e749c "",0022f23c,00000400,0022f21c "IAM\\VARIABLES.TAG") ret=0040ed42
1498017.358:00ec:00f0:Ret  KERNEL32.GetPrivateProfileStringA() retval=0000000d ret=0040ed42
1498017.358:00ec:00f0:Call KERNEL32.GetPrivateProfileStringA(004c0844 "OBJECTS",0022f0f4 "114",004e749c "",0022f134,00000400,0022f114 "IAM\\OBJECTS.TAG") ret=0040ed42
1498017.358:00ec:00f0:Ret  KERNEL32.GetPrivateProfileStringA() retval=0000000f ret=0040ed42
1498018.485:00ec:00f0:Call KERNEL32.GetPrivateProfileStringA(004c07d8 "ZONES",0022f1fc "2523",004e749c "",0022f23c,00000400,0022f21c "IAM\\ZONES.TAG") ret=0040ed42
1498018.485:00ec:00f0:Ret  KERNEL32.GetPrivateProfileStringA() retval=00000014 ret=0040ed42
1498018.485:00ec:00f0:Call KERNEL32.GetPrivateProfileStringA(004c07d8 "ZONES",0022f1fc "2555",004e749c "",0022f23c,00000400,0022f21c "IAM\\ZONES.TAG") ret=0040ed42
1498018.487:00ec:00f0:Ret  KERNEL32.GetPrivateProfileStringA() retval=00000014 ret=0040ed42
1498018.487:00ec:00f0:Call KERNEL32.GetPrivateProfileStringA(004c0898 "CAMERAS",0022f1f8 "2978",004e749c "",0022f238,00000400,0022f218 "IAM\\CAMERAS.TAG") ret=0040ed42
1498018.489:00ec:00f0:Ret  KERNEL32.GetPrivateProfileStringA() retval=00000000 ret=0040ed42
1498018.507:00ec:00f0:Call KERNEL32.GetPrivateProfileStringA(004c06c4 "VARIABLES",0022f1fc "86",004e749c "",0022f23c,00000400,0022f21c "IAM\\VARIABLES.TAG") ret=0040ed42
1498018.507:00ec:00f0:Ret  KERNEL32.GetPrivateProfileStringA() retval=00000014 ret=0040ed42
1498018.507:00ec:00f0:Call KERNEL32.GetPrivateProfileStringA(004c0844 "OBJECTS",0022f0f4 "443",004e749c "",0022f134,00000400,0022f114 "IAM\\OBJECTS.TAG") ret=0040ed42
1498018.508:00ec:00f0:Ret  KERNEL32.GetPrivateProfileStringA() retval=0000001d ret=0040ed42
1498018.509:00ec:00f0:Call KERNEL32.GetPrivateProfileStringA(004c06d8 "VARIABLES",0022f200 "86",004e749c "",0022f240,00000400,0022f220 "IAM\\VARIABLES.TAG") ret=0040ed42
1498018.510:00ec:00f0:Ret  KERNEL32.GetPrivateProfileStringA() retval=00000014 ret=0040ed42
1498020.203:00ec:00f0:Call KERNEL32.GetPrivateProfileStringA(004c06c4 "VARIABLES",0022f1fc "119",004e749c "",0022f23c,00000400,0022f21c "IAM\\VARIABLES.TAG") ret=0040ed42
1498020.204:00ec:00f0:Ret  KERNEL32.GetPrivateProfileStringA() retval=0000000d ret=0040ed42
1498020.204:00ec:00f0:Call KERNEL32.GetPrivateProfileStringA(004c0844 "OBJECTS",0022f0f4 "111",004e749c "",0022f134,00000400,0022f114 "IAM\\OBJECTS.TAG") ret=0040ed42
1498020.204:00ec:00f0:Ret  KERNEL32.GetPrivateProfileStringA() retval=00000014 ret=0040ed42
1498021.394:00ec:00f0:Call KERNEL32.GetPrivateProfileStringA(004c07d8 "ZONES",0022f1fc "2523",004e749c "",0022f23c,00000400,0022f21c "IAM\\ZONES.TAG") ret=0040ed42
1498021.395:00ec:00f0:Ret  KERNEL32.GetPrivateProfileStringA() retval=00000014 ret=0040ed42
1498021.395:00ec:00f0:Call KERNEL32.GetPrivateProfileStringA(004c07d8 "ZONES",0022f1fc "2555",004e749c "",0022f23c,00000400,0022f21c "IAM\\ZONES.TAG") ret=0040ed42
1498021.396:00ec:00f0:Ret  KERNEL32.GetPrivateProfileStringA() retval=00000014 ret=0040ed42
1498021.396:00ec:00f0:Call KERNEL32.GetPrivateProfileStringA(004c0898 "CAMERAS",0022f1f8 "2978",004e749c "",0022f238,00000400,0022f218 "IAM\\CAMERAS.TAG") ret=0040ed42
1498021.398:00ec:00f0:Ret  KERNEL32.GetPrivateProfileStringA() retval=00000000 ret=0040ed42
1498021.417:00ec:00f0:Call KERNEL32.GetPrivateProfileStringA(004c06c4 "VARIABLES",0022f1fc "86",004e749c "",0022f23c,00000400,0022f21c "IAM\\VARIABLES.TAG") ret=0040ed42
1498021.417:00ec:00f0:Ret  KERNEL32.GetPrivateProfileStringA() retval=00000014 ret=0040ed42
1498022.160:00ec:00f0:Call KERNEL32.GetPrivateProfileStringA(004c0898 "CAMERAS",0022f1f8 "2980",004e749c "",0022f238,00000400,0022f218 "IAM\\CAMERAS.TAG") ret=0040ed42
1498022.160:00ec:00f0:Ret  KERNEL32.GetPrivateProfileStringA() retval=00000000 ret=0040ed42
1498024.106:00ec:00f0:Call KERNEL32.GetPrivateProfileStringA(004c06c4 "VARIABLES",0022f1fc "496",004e749c "",0022f23c,00000400,0022f21c "IAM\\VARIABLES.TAG") ret=0040ed42
1498024.108:00ec:00f0:Ret  KERNEL32.GetPrivateProfileStringA() retval=00000005 ret=0040ed42
1498025.445:00ec:00f0:Call KERNEL32.GetPrivateProfileStringA(004c07f0 "ADDRESSES",0022f1fc "449",004e749c "",0022f23c,00000400,0022f21c "IAM\\ADDRESSES.TAG") ret=0040ed42
1498025.445:00ec:00f0:Ret  KERNEL32.GetPrivateProfileStringA() retval=00000017 ret=0040ed42
1498025.445:00ec:00f0:Call KERNEL32.GetPrivateProfileStringA(004c0790 "AREAS",0022f1f4 "179",004e749c "",0022f234,00000400,0022f214 "IAM\\AREAS.TAG") ret=0040ed42
1498025.446:00ec:00f0:Ret  KERNEL32.GetPrivateProfileStringA() retval=00000010 ret=0040ed42
1498025.469:00ec:00f0:Call KERNEL32.GetPrivateProfileStringA(004c0898 "CAMERAS",0022f1f8 "2986",004e749c "",0022f238,00000400,0022f218 "IAM\\CAMERAS.TAG") ret=0040ed42
1498025.469:00ec:00f0:Ret  KERNEL32.GetPrivateProfileStringA() retval=00000000 ret=0040ed42
1498025.469:00ec:00f0:Call KERNEL32.GetPrivateProfileStringA(004c07d8 "ZONES",0022f1fc "2526",004e749c "",0022f23c,00000400,0022f21c "IAM\\ZONES.TAG") ret=0040ed42
1498025.469:00ec:00f0:Ret  KERNEL32.GetPrivateProfileStringA() retval=00000015 ret=0040ed42
1498025.469:00ec:00f0:Call KERNEL32.GetPrivateProfileStringA(004c07d8 "ZONES",0022f1fc "2559",004e749c "",0022f23c,00000400,0022f21c "IAM\\ZONES.TAG") ret=0040ed42
1498025.472:00ec:00f0:Ret  KERNEL32.GetPrivateProfileStringA() retval=00000015 ret=0040ed42
1498026.437:00ec:00f0:Call KERNEL32.GetPrivateProfileStringA(004c0898 "CAMERAS",0022f1f8 "3007",004e749c "",0022f238,00000400,0022f218 "IAM\\CAMERAS.TAG") ret=0040ed42
1498026.437:00ec:00f0:Ret  KERNEL32.GetPrivateProfileStringA() retval=00000000 ret=0040ed42
1498026.623:00ec:00f0:Call KERNEL32.GetPrivateProfileStringA(004c0898 "CAMERAS",0022f1f8 "3003",004e749c "",0022f238,00000400,0022f218 "IAM\\CAMERAS.TAG") ret=0040ed42
1498026.625:00ec:00f0:Ret  KERNEL32.GetPrivateProfileStringA() retval=00000000 ret=0040ed42
1498026.657:00ec:00f0:Call KERNEL32.GetPrivateProfileStringA(004c07e0 "ZONES",0022f1fc "2559",004e749c "",0022f23c,00000400,0022f21c "IAM\\ZONES.TAG") ret=0040ed42
1498026.658:00ec:00f0:Ret  KERNEL32.GetPrivateProfileStringA() retval=00000015 ret=0040ed42
1498028.584:00ec:00f0:Call KERNEL32.GetPrivateProfileStringA(004c0898 "CAMERAS",0022f1f8 "3003",004e749c "",0022f238,00000400,0022f218 "IAM\\CAMERAS.TAG") ret=0040ed42
1498028.585:00ec:00f0:Ret  KERNEL32.GetPrivateProfileStringA() retval=00000000 ret=0040ed42
1498032.020:00ec:00f0:Call KERNEL32.GetPrivateProfileStringA(004c0898 "CAMERAS",0022f1f8 "3003",004e749c "",0022f238,00000400,0022f218 "IAM\\CAMERAS.TAG") ret=0040ed42
1498032.021:00ec:00f0:Ret  KERNEL32.GetPrivateProfileStringA() retval=00000000 ret=0040ed42
1498034.833:00ec:00f0:Call KERNEL32.GetPrivateProfileStringA(004c06c4 "VARIABLES",0022f1fc "13",004e749c "",0022f23c,00000400,0022f21c "IAM\\VARIABLES.TAG") ret=0040ed42
1498034.834:00ec:00f0:Ret  KERNEL32.GetPrivateProfileStringA() retval=0000000c ret=0040ed42
1498034.834:00ec:00f0:Call KERNEL32.GetPrivateProfileStringA(004c06c4 "VARIABLES",0022f1fc "13",004e749c "",0022f23c,00000400,0022f21c "IAM\\VARIABLES.TAG") ret=0040ed42
1498034.834:00ec:00f0:Ret  KERNEL32.GetPrivateProfileStringA() retval=0000000c ret=0040ed42
1498034.834:00ec:00f0:Call KERNEL32.GetPrivateProfileStringA(004c06c4 "VARIABLES",0022f1fc "499",004e749c "",0022f23c,00000400,0022f21c "IAM\\VARIABLES.TAG") ret=0040ed42
1498034.834:00ec:00f0:Ret  KERNEL32.GetPrivateProfileStringA() retval=00000011 ret=0040ed42
1498034.834:00ec:00f0:Call KERNEL32.GetPrivateProfileStringA(004c06c4 "VARIABLES",0022f1fc "13",004e749c "",0022f23c,00000400,0022f21c "IAM\\VARIABLES.TAG") ret=0040ed42
1498034.834:00ec:00f0:Ret  KERNEL32.GetPrivateProfileStringA() retval=0000000c ret=0040ed42
1498034.834:00ec:00f0:Call KERNEL32.GetPrivateProfileStringA(004c0844 "OBJECTS",0022f0f4 "183",004e749c "",0022f134,00000400,0022f114 "IAM\\OBJECTS.TAG") ret=0040ed42
1498034.834:00ec:00f0:Ret  KERNEL32.GetPrivateProfileStringA() retval=00000016 ret=0040ed42
1498037.201:00ec:00f0:Call KERNEL32.GetPrivateProfileStringA(004c06c4 "VARIABLES",0022f1fc "13",004e749c "",0022f23c,00000400,0022f21c "IAM\\VARIABLES.TAG") ret=0040ed42
1498037.202:00ec:00f0:Ret  KERNEL32.GetPrivateProfileStringA() retval=0000000c ret=0040ed42
1498037.202:00ec:00f0:Call KERNEL32.GetPrivateProfileStringA(004c07f0 "ADDRESSES",0022f1fc "467",004e749c "",0022f23c,00000400,0022f21c "IAM\\ADDRESSES.TAG") ret=0040ed42
1498037.202:00ec:00f0:Ret  KERNEL32.GetPrivateProfileStringA() retval=00000012 ret=0040ed42
1498038.273:00ec:00f0:Call KERNEL32.GetPrivateProfileStringA(004c0c10 "OBJECTS",0022f1f8 "3",004e749c "",0022f238,00000400,0022f218 "IAM\\OBJECTS.TAG") ret=0040ed42
1498038.275:00ec:00f0:Ret  KERNEL32.GetPrivateProfileStringA() retval=00000015 ret=0040ed42
1498038.275:00ec:00f0:Call KERNEL32.GetPrivateProfileStringA(004c06e4 "VARIABLES",0022f200 "498",004e749c "",0022f240,00000400,0022f220 "IAM\\VARIABLES.TAG") ret=0040ed42
1498038.275:00ec:00f0:Ret  KERNEL32.GetPrivateProfileStringA() retval=00000011 ret=0040ed42
1498038.275:00ec:00f0:Call KERNEL32.GetPrivateProfileStringA(004c0788 "AREAS",0022f1fc "179",004e749c "",0022f23c,00000400,0022f21c "IAM\\AREAS.TAG") ret=0040ed42
1498038.275:00ec:00f0:Ret  KERNEL32.GetPrivateProfileStringA() retval=00000010 ret=0040ed42
1498039.117:00ec:00f0:Call KERNEL32.GetPrivateProfileStringA(004c06c4 "VARIABLES",0022f1fc "498",004e749c "",0022f23c,00000400,0022f21c "IAM\\VARIABLES.TAG") ret=0040ed42
1498039.117:00ec:00f0:Ret  KERNEL32.GetPrivateProfileStringA() retval=00000011 ret=0040ed42
1498039.117:00ec:00f0:Call KERNEL32.GetPrivateProfileStringA(004c0790 "AREAS",0022f1f4 "179",004e749c "",0022f234,00000400,0022f214 "IAM\\AREAS.TAG") ret=0040ed42
1498039.118:00ec:00f0:Ret  KERNEL32.GetPrivateProfileStringA() retval=00000010 ret=0040ed42
1498039.407:00ec:00f0:Call KERNEL32.GetPrivateProfileStringA(004c0898 "CAMERAS",0022f1f8 "3681",004e749c "",0022f238,00000400,0022f218 "IAM\\CAMERAS.TAG") ret=0040ed42
1498039.408:00ec:00f0:Ret  KERNEL32.GetPrivateProfileStringA() retval=00000000 ret=0040ed42
1498039.605:00ec:00f0:Call KERNEL32.GetPrivateProfileStringA(004c0c20 "OBJECTS",0022f1ec "333",004e749c "",0022f22c,00000400,0022f20c "IAM\\OBJECTS.TAG") ret=0040ed42
1498039.606:00ec:00f0:Ret  KERNEL32.GetPrivateProfileStringA() retval=00000018 ret=0040ed42
1498039.606:00ec:00f0:Call KERNEL32.GetPrivateProfileStringA(004c0c20 "OBJECTS",0022f1ec "334",004e749c "",0022f22c,00000400,0022f20c "IAM\\OBJECTS.TAG") ret=0040ed42
1498039.606:00ec:00f0:Ret  KERNEL32.GetPrivateProfileStringA() retval=0000001b ret=0040ed42
1498040.365:00ec:00f0:Call KERNEL32.GetPrivateProfileStringA(004c07e0 "ZONES",0022f1fc "3057",004e749c "",0022f23c,00000400,0022f21c "IAM\\ZONES.TAG") ret=0040ed42
1498040.366:00ec:00f0:Ret  KERNEL32.GetPrivateProfileStringA() retval=00000000 ret=0040ed42
1498040.366:00ec:00f0:Call KERNEL32.GetPrivateProfileStringA(004c06c4 "VARIABLES",0022f1fc "91",004e749c "",0022f23c,00000400,0022f21c "IAM\\VARIABLES.TAG") ret=0040ed42
1498040.369:00ec:00f0:Ret  KERNEL32.GetPrivateProfileStringA() retval=00000010 ret=0040ed42
1498040.369:00ec:00f0:Call KERNEL32.GetPrivateProfileStringA(004c07e8 "SCENES",0022f1f0 "45",004e749c "",0022f230,00000400,0022f210 "IAM\\SCENES.TAG") ret=0040ed42
1498040.372:00ec:00f0:Ret  KERNEL32.GetPrivateProfileStringA() retval=00000016 ret=0040ed42
1498040.377:00ec:00f0:Call KERNEL32.GetPrivateProfileStringA(004c06e4 "VARIABLES",0022f200 "3",004e749c "",0022f240,00000400,0022f220 "IAM\\VARIABLES.TAG") ret=0040ed42
1498040.380:00ec:00f0:Ret  KERNEL32.GetPrivateProfileStringA() retval=00000018 ret=0040ed42
1498040.380:00ec:00f0:Call KERNEL32.GetPrivateProfileStringA(004c07e0 "ZONES",0022f1fc "2552",004e749c "",0022f23c,00000400,0022f21c "IAM\\ZONES.TAG") ret=0040ed42
1498040.380:00ec:00f0:Ret  KERNEL32.GetPrivateProfileStringA() retval=00000014 ret=0040ed42
1498040.383:00ec:00f0:Call KERNEL32.GetPrivateProfileStringA(004c07e0 "ZONES",0022f1fc "2551",004e749c "",0022f23c,00000400,0022f21c "IAM\\ZONES.TAG") ret=0040ed42
1498040.384:00ec:00f0:Ret  KERNEL32.GetPrivateProfileStringA() retval=00000014 ret=0040ed42
1498040.384:00ec:00f0:Call KERNEL32.GetPrivateProfileStringA(004c07e0 "ZONES",0022f1fc "2508",004e749c "",0022f23c,00000400,0022f21c "IAM\\ZONES.TAG") ret=0040ed42
1498040.387:00ec:00f0:Ret  KERNEL32.GetPrivateProfileStringA() retval=0000001e ret=0040ed42
1498041.429:00ec:00f0:Call KERNEL32.GetPrivateProfileStringA(004c0898 "CAMERAS",0022f1f8 "3711",004e749c "",0022f238,00000400,0022f218 "IAM\\CAMERAS.TAG") ret=0040ed42
1498041.432:00ec:00f0:Ret  KERNEL32.GetPrivateProfileStringA() retval=00000000 ret=0040ed42
1498041.432:00ec:00f0:Call KERNEL32.GetPrivateProfileStringA(004c06c4 "VARIABLES",0022f1fc "60",004e749c "",0022f23c,00000400,0022f21c "IAM\\VARIABLES.TAG") ret=0040ed42
1498041.433:00ec:00f0:Ret  KERNEL32.GetPrivateProfileStringA() retval=00000007 ret=0040ed42
1498043.016:00ec:00f0:Call KERNEL32.GetPrivateProfileStringA(004c0898 "CAMERAS",0022f1f8 "6",004e749c "",0022f238,00000400,0022f218 "IAM\\CAMERAS.TAG") ret=0040ed42
1498043.016:00ec:00f0:Ret  KERNEL32.GetPrivateProfileStringA() retval=0000001b ret=0040ed42
1498045.398:00ec:00f0:Call KERNEL32.GetPrivateProfileStringA(004c07f0 "ADDRESSES",0022f1fc "558",004e749c "",0022f23c,00000400,0022f21c "IAM\\ADDRESSES.TAG") ret=0040ed42
1498045.399:00ec:00f0:Ret  KERNEL32.GetPrivateProfileStringA() retval=0000000c ret=0040ed42
1498045.399:00ec:00f0:Call KERNEL32.GetPrivateProfileStringA(004c06c4 "VARIABLES",0022f1fc "541",004e749c "",0022f23c,00000400,0022f21c "IAM\\VARIABLES.TAG") ret=0040ed42
1498045.400:00ec:00f0:Ret  KERNEL32.GetPrivateProfileStringA() retval=00000014 ret=0040ed42
1498045.400:00ec:00f0:Call KERNEL32.GetPrivateProfileStringA(004c0898 "CAMERAS",0022f1f8 "3692",004e749c "",0022f238,00000400,0022f218 "IAM\\CAMERAS.TAG") ret=0040ed42
1498045.400:00ec:00f0:Ret  KERNEL32.GetPrivateProfileStringA() retval=00000000 ret=0040ed42
1498046.457:00ec:00f0:Call KERNEL32.GetPrivateProfileStringA(004c0c38 "OBJECTS",0022f1f8 "16",004e749c "",0022f238,00000400,0022f218 "IAM\\OBJECTS.TAG") ret=0040ed42
1498046.457:00ec:00f0:Ret  KERNEL32.GetPrivateProfileStringA() retval=0000000d ret=0040ed42
1498048.051:00ec:00f0:Call KERNEL32.GetPrivateProfileStringA(004c06e4 "VARIABLES",0022f200 "541",004e749c "",0022f240,00000400,0022f220 "IAM\\VARIABLES.TAG") ret=0040ed42
1498048.052:00ec:00f0:Ret  KERNEL32.GetPrivateProfileStringA() retval=00000014 ret=0040ed42
1498048.052:00ec:00f0:Call KERNEL32.GetPrivateProfileStringA(004c07d8 "ZONES",0022f1fc "3039",004e749c "",0022f23c,00000400,0022f21c "IAM\\ZONES.TAG") ret=0040ed42
1498048.052:00ec:00f0:Ret  KERNEL32.GetPrivateProfileStringA() retval=00000000 ret=0040ed42
1498049.619:00ec:00f0:Call KERNEL32.GetPrivateProfileStringA(004c06c4 "VARIABLES",0022f1fc "541",004e749c "",0022f23c,00000400,0022f21c "IAM\\VARIABLES.TAG") ret=0040ed42
1498049.620:00ec:00f0:Ret  KERNEL32.GetPrivateProfileStringA() retval=00000014 ret=0040ed42
1498049.620:00ec:00f0:Call KERNEL32.GetPrivateProfileStringA(004c07f0 "ADDRESSES",0022f1fc "558",004e749c "",0022f23c,00000400,0022f21c "IAM\\ADDRESSES.TAG") ret=0040ed42
1498049.620:00ec:00f0:Ret  KERNEL32.GetPrivateProfileStringA() retval=0000000c ret=0040ed42
1498049.620:00ec:00f0:Call KERNEL32.GetPrivateProfileStringA(004c06c4 "VARIABLES",0022f1fc "541",004e749c "",0022f23c,00000400,0022f21c "IAM\\VARIABLES.TAG") ret=0040ed42
1498049.621:00ec:00f0:Ret  KERNEL32.GetPrivateProfileStringA() retval=00000014 ret=0040ed42
1498049.621:00ec:00f0:Call KERNEL32.GetPrivateProfileStringA(004c06c4 "VARIABLES",0022f1fc "541",004e749c "",0022f23c,00000400,0022f21c "IAM\\VARIABLES.TAG") ret=0040ed42
1498049.621:00ec:00f0:Ret  KERNEL32.GetPrivateProfileStringA() retval=00000014 ret=0040ed42
1498049.621:00ec:00f0:Call KERNEL32.GetPrivateProfileStringA(004c0898 "CAMERAS",0022f1f8 "3692",004e749c "",0022f238,00000400,0022f218 "IAM\\CAMERAS.TAG") ret=0040ed42
1498049.621:00ec:00f0:Ret  KERNEL32.GetPrivateProfileStringA() retval=00000000 ret=0040ed42
1498049.621:00ec:00f0:Call KERNEL32.GetPrivateProfileStringA(004c06c4 "VARIABLES",0022f1fc "542",004e749c "",0022f23c,00000400,0022f21c "IAM\\VARIABLES.TAG") ret=0040ed42
1498049.621:00ec:00f0:Ret  KERNEL32.GetPrivateProfileStringA() retval=00000012 ret=0040ed42
1498049.621:00ec:00f0:Call KERNEL32.GetPrivateProfileStringA(004c06c4 "VARIABLES",0022f1fc "13",004e749c "",0022f23c,00000400,0022f21c "IAM\\VARIABLES.TAG") ret=0040ed42
1498049.622:00ec:00f0:Ret  KERNEL32.GetPrivateProfileStringA() retval=0000000c ret=0040ed42
1498049.622:00ec:00f0:Call KERNEL32.GetPrivateProfileStringA(004c06c4 "VARIABLES",0022f1fc "13",004e749c "",0022f23c,00000400,0022f21c "IAM\\VARIABLES.TAG") ret=0040ed42
1498049.622:00ec:00f0:Ret  KERNEL32.GetPrivateProfileStringA() retval=0000000c ret=0040ed42
1498049.622:00ec:00f0:Call KERNEL32.GetPrivateProfileStringA(004c0844 "OBJECTS",0022f0f4 "432",004e749c "",0022f134,00000400,0022f114 "IAM\\OBJECTS.TAG") ret=0040ed42
1498049.622:00ec:00f0:Ret  KERNEL32.GetPrivateProfileStringA() retval=00000015 ret=0040ed42
1498050.663:00ec:00f0:Call KERNEL32.GetPrivateProfileStringA(004c0898 "CAMERAS",0022f1f8 "3703",004e749c "",0022f238,00000400,0022f218 "IAM\\CAMERAS.TAG") ret=0040ed42
1498050.665:00ec:00f0:Ret  KERNEL32.GetPrivateProfileStringA() retval=00000000 ret=0040ed42
1498050.696:00ec:00f0:Call KERNEL32.GetPrivateProfileStringA(004c07e0 "ZONES",0022f1fc "3039",004e749c "",0022f23c,00000400,0022f21c "IAM\\ZONES.TAG") ret=0040ed42
1498050.699:00ec:00f0:Ret  KERNEL32.GetPrivateProfileStringA() retval=00000000 ret=0040ed42
1498050.699:00ec:00f0:Call KERNEL32.GetPrivateProfileStringA(004c0898 "CAMERAS",0022f1f8 "3703",004e749c "",0022f238,00000400,0022f218 "IAM\\CAMERAS.TAG") ret=0040ed42
1498050.702:00ec:00f0:Ret  KERNEL32.GetPrivateProfileStringA() retval=00000000 ret=0040ed42
1498052.170:00ec:00f0:Call KERNEL32.GetPrivateProfileStringA(004c0c40 "OBJECTS",0022f1f8 "16",004e749c "",0022f238,00000400,0022f218 "IAM\\OBJECTS.TAG") ret=0040ed42
1498052.170:00ec:00f0:Ret  KERNEL32.GetPrivateProfileStringA() retval=0000000d ret=0040ed42
1498052.170:00ec:00f0:Call KERNEL32.GetPrivateProfileStringA(004c0c40 "OBJECTS",0022f1f8 "415",004e749c "",0022f238,00000400,0022f218 "IAM\\OBJECTS.TAG") ret=0040ed42
1498052.171:00ec:00f0:Ret  KERNEL32.GetPrivateProfileStringA() retval=00000019 ret=0040ed42
1498052.171:00ec:00f0:Call KERNEL32.GetPrivateProfileStringA(004c06d8 "VARIABLES",0022f200 "541",004e749c "",0022f240,00000400,0022f220 "IAM\\VARIABLES.TAG") ret=0040ed42
1498052.171:00ec:00f0:Ret  KERNEL32.GetPrivateProfileStringA() retval=00000014 ret=0040ed42
1498054.247:00ec:00f0:Call KERNEL32.GetPrivateProfileStringA(004c0898 "CAMERAS",0022f1f8 "3703",004e749c "",0022f238,00000400,0022f218 "IAM\\CAMERAS.TAG") ret=0040ed42
1498054.249:00ec:00f0:Ret  KERNEL32.GetPrivateProfileStringA() retval=00000000 ret=0040ed42
1498056.406:00ec:00f0:Call KERNEL32.GetPrivateProfileStringA(004c07f0 "ADDRESSES",0022f1fc "560",004e749c "",0022f23c,00000400,0022f21c "IAM\\ADDRESSES.TAG") ret=0040ed42
1498056.407:00ec:00f0:Ret  KERNEL32.GetPrivateProfileStringA() retval=0000000b ret=0040ed42
1498056.407:00ec:00f0:Call KERNEL32.GetPrivateProfileStringA(004c0898 "CAMERAS",0022f1f8 "3699",004e749c "",0022f238,00000400,0022f218 "IAM\\CAMERAS.TAG") ret=0040ed42
1498056.407:00ec:00f0:Ret  KERNEL32.GetPrivateProfileStringA() retval=00000000 ret=0040ed42
1498058.723:00ec:00f0:Call KERNEL32.GetPrivateProfileStringA(004c06c4 "VARIABLES",0022f1fc "119",004e749c "",0022f23c,00000400,0022f21c "IAM\\VARIABLES.TAG") ret=0040ed42
1498058.724:00ec:00f0:Ret  KERNEL32.GetPrivateProfileStringA() retval=0000000d ret=0040ed42
1498058.724:00ec:00f0:Call KERNEL32.GetPrivateProfileStringA(004c0844 "OBJECTS",0022f0f4 "110",004e749c "",0022f134,00000400,0022f114 "IAM\\OBJECTS.TAG") ret=0040ed42
1498058.724:00ec:00f0:Ret  KERNEL32.GetPrivateProfileStringA() retval=00000014 ret=0040ed42
1498058.901:00ec:00f0:Call KERNEL32.GetPrivateProfileStringA(004c0c38 "OBJECTS",0022f1f8 "167",004e749c "",0022f238,00000400,0022f218 "IAM\\OBJECTS.TAG") ret=0040ed42
1498058.902:00ec:00f0:Ret  KERNEL32.GetPrivateProfileStringA() retval=0000000a ret=0040ed42
1498058.902:00ec:00f0:Call KERNEL32.GetPrivateProfileStringA(004c06c4 "VARIABLES",0022f1fc "85",004e749c "",0022f23c,00000400,0022f21c "IAM\\VARIABLES.TAG") ret=0040ed42
1498058.902:00ec:00f0:Ret  KERNEL32.GetPrivateProfileStringA() retval=00000014 ret=0040ed42
1498061.093:00ec:00f0:Call KERNEL32.GetPrivateProfileStringA(004c06c4 "VARIABLES",0022f1fc "119",004e749c "",0022f23c,00000400,0022f21c "IAM\\VARIABLES.TAG") ret=0040ed42
1498061.094:00ec:00f0:Ret  KERNEL32.GetPrivateProfileStringA() retval=0000000d ret=0040ed42
1498061.094:00ec:00f0:Call KERNEL32.GetPrivateProfileStringA(004c0844 "OBJECTS",0022f0f4 "109",004e749c "",0022f134,00000400,0022f114 "IAM\\OBJECTS.TAG") ret=0040ed42
1498061.094:00ec:00f0:Ret  KERNEL32.GetPrivateProfileStringA() retval=00000011 ret=0040ed42
1498061.253:00ec:00f0:Call KERNEL32.GetPrivateProfileStringA(004c06c4 "VARIABLES",0022f1fc "119",004e749c "",0022f23c,00000400,0022f21c "IAM\\VARIABLES.TAG") ret=0040ed42
1498061.253:00ec:00f0:Ret  KERNEL32.GetPrivateProfileStringA() retval=0000000d ret=0040ed42
1498061.253:00ec:00f0:Call KERNEL32.GetPrivateProfileStringA(004c0844 "OBJECTS",0022f0f4 "116",004e749c "",0022f134,00000400,0022f114 "IAM\\OBJECTS.TAG") ret=0040ed42
1498061.253:00ec:00f0:Ret  KERNEL32.GetPrivateProfileStringA() retval=00000016 ret=0040ed42
1498062.051:00ec:00f0:Call KERNEL32.GetPrivateProfileStringA(004c0c40 "OBJECTS",0022f1f8 "167",004e749c "",0022f238,00000400,0022f218 "IAM\\OBJECTS.TAG") ret=0040ed42
1498062.052:00ec:00f0:Ret  KERNEL32.GetPrivateProfileStringA() retval=0000000a ret=0040ed42
1498062.052:00ec:00f0:Call KERNEL32.GetPrivateProfileStringA(004c0898 "CAMERAS",0022f1f8 "3703",004e749c "",0022f238,00000400,0022f218 "IAM\\CAMERAS.TAG") ret=0040ed42
1498062.052:00ec:00f0:Ret  KERNEL32.GetPrivateProfileStringA() retval=00000000 ret=0040ed42
1498063.588:00ec:00f0:Call KERNEL32.GetPrivateProfileStringA(004c0898 "CAMERAS",0022f1f8 "3703",004e749c "",0022f238,00000400,0022f218 "IAM\\CAMERAS.TAG") ret=0040ed42
1498063.590:00ec:00f0:Ret  KERNEL32.GetPrivateProfileStringA() retval=00000000 ret=0040ed42
1498065.725:00ec:00f0:Call KERNEL32.GetPrivateProfileStringA(004c0898 "CAMERAS",0022f1f8 "3695",004e749c "",0022f238,00000400,0022f218 "IAM\\CAMERAS.TAG") ret=0040ed42
1498065.725:00ec:00f0:Ret  KERNEL32.GetPrivateProfileStringA() retval=00000000 ret=0040ed42
1498074.880:00ec:00f0:Call KERNEL32.GetPrivateProfileStringA(004c0898 "CAMERAS",0022f1f8 "3695",004e749c "",0022f238,00000400,0022f218 "IAM\\CAMERAS.TAG") ret=0040ed42
1498074.882:00ec:00f0:Ret  KERNEL32.GetPrivateProfileStringA() retval=00000000 ret=0040ed42
1498074.882:00ec:00f0:Call KERNEL32.GetPrivateProfileStringA(004c0898 "CAMERAS",0022f1f8 "3703",004e749c "",0022f238,00000400,0022f218 "IAM\\CAMERAS.TAG") ret=0040ed42
1498074.882:00ec:00f0:Ret  KERNEL32.GetPrivateProfileStringA() retval=00000000 ret=0040ed42
1498074.882:00ec:00f0:Call KERNEL32.GetPrivateProfileStringA(004c06c4 "VARIABLES",0022f1fc "19",004e749c "",0022f23c,00000400,0022f21c "IAM\\VARIABLES.TAG") ret=0040ed42
1498074.882:00ec:00f0:Ret  KERNEL32.GetPrivateProfileStringA() retval=00000009 ret=0040ed42
1498074.882:00ec:00f0:Call KERNEL32.GetPrivateProfileStringA(004c06e4 "VARIABLES",0022f200 "14",004e749c "",0022f240,00000400,0022f220 "IAM\\VARIABLES.TAG") ret=0040ed42
1498074.883:00ec:00f0:Ret  KERNEL32.GetPrivateProfileStringA() retval=00000011 ret=0040ed42
1498074.883:00ec:00f0:Call KERNEL32.GetPrivateProfileStringA(004c06c4 "VARIABLES",0022f1fc "4",004e749c "",0022f23c,00000400,0022f21c "IAM\\VARIABLES.TAG") ret=0040ed42
1498074.883:00ec:00f0:Ret  KERNEL32.GetPrivateProfileStringA() retval=0000000f ret=0040ed42
1498074.883:00ec:00f0:Call KERNEL32.GetPrivateProfileStringA(004c0844 "OBJECTS",0022f0f4 "335",004e749c "",0022f134,00000400,0022f114 "IAM\\OBJECTS.TAG") ret=0040ed42
1498074.883:00ec:00f0:Ret  KERNEL32.GetPrivateProfileStringA() retval=00000017 ret=0040ed42
1498074.884:00ec:00f0:Call KERNEL32.GetPrivateProfileStringA(004c0844 "OBJECTS",0022f0f4 "534",004e749c "",0022f134,00000400,0022f114 "IAM\\OBJECTS.TAG") ret=0040ed42
1498074.885:00ec:00f0:Ret  KERNEL32.GetPrivateProfileStringA() retval=00000017 ret=0040ed42
1498074.885:00ec:00f0:Call KERNEL32.GetPrivateProfileStringA(004c0c10 "OBJECTS",0022f1f8 "336",004e749c "",0022f238,00000400,0022f218 "IAM\\OBJECTS.TAG") ret=0040ed42
1498074.886:00ec:00f0:Ret  KERNEL32.GetPrivateProfileStringA() retval=0000001e ret=0040ed42
1498074.886:00ec:00f0:Call KERNEL32.GetPrivateProfileStringA(004c06c4 "VARIABLES",0022f1fc "19",004e749c "",0022f23c,00000400,0022f21c "IAM\\VARIABLES.TAG") ret=0040ed42
1498074.886:00ec:00f0:Ret  KERNEL32.GetPrivateProfileStringA() retval=00000009 ret=0040ed42
1498074.886:00ec:00f0:Call KERNEL32.GetPrivateProfileStringA(004c06c4 "VARIABLES",0022f1fc "19",004e749c "",0022f23c,00000400,0022f21c "IAM\\VARIABLES.TAG") ret=0040ed42
1498074.887:00ec:00f0:Ret  KERNEL32.GetPrivateProfileStringA() retval=00000009 ret=0040ed42
1498076.360:00ec:00f0:Call KERNEL32.GetPrivateProfileStringA(004c07e0 "ZONES",0022f1fc "3039",004e749c "",0022f23c,00000400,0022f21c "IAM\\ZONES.TAG") ret=0040ed42
1498076.361:00ec:00f0:Ret  KERNEL32.GetPrivateProfileStringA() retval=00000000 ret=0040ed42
1498076.363:00ec:00f0:Call KERNEL32.GetPrivateProfileStringA(004c0898 "CAMERAS",0022f1f8 "3703",004e749c "",0022f238,00000400,0022f218 "IAM\\CAMERAS.TAG") ret=0040ed42
1498076.364:00ec:00f0:Ret  KERNEL32.GetPrivateProfileStringA() retval=00000000 ret=0040ed42
1498076.384:00ec:00f0:Call KERNEL32.GetPrivateProfileStringA(004c0c40 "OBJECTS",0022f1f8 "16",004e749c "",0022f238,00000400,0022f218 "IAM\\OBJECTS.TAG") ret=0040ed42
1498076.385:00ec:00f0:Ret  KERNEL32.GetPrivateProfileStringA() retval=0000000d ret=0040ed42
1498076.385:00ec:00f0:Call KERNEL32.GetPrivateProfileStringA(004c0c40 "OBJECTS",0022f1f8 "415",004e749c "",0022f238,00000400,0022f218 "IAM\\OBJECTS.TAG") ret=0040ed42
1498076.385:00ec:00f0:Ret  KERNEL32.GetPrivateProfileStringA() retval=00000019 ret=0040ed42
1498076.385:00ec:00f0:Call KERNEL32.GetPrivateProfileStringA(004c06d8 "VARIABLES",0022f200 "541",004e749c "",0022f240,00000400,0022f220 "IAM\\VARIABLES.TAG") ret=0040ed42
1498076.385:00ec:00f0:Ret  KERNEL32.GetPrivateProfileStringA() retval=00000014 ret=0040ed42
1498077.158:00ec:00f0:Call KERNEL32.GetPrivateProfileStringA(004c0790 "AREAS",0022f1f4 "157",004e749c "",0022f234,00000400,0022f214 "IAM\\AREAS.TAG") ret=0040ed42
1498077.159:00ec:00f0:Ret  KERNEL32.GetPrivateProfileStringA() retval=00000010 ret=0040ed42
1498077.807:00ec:00f0:Call KERNEL32.GetPrivateProfileStringA(004c0898 "CAMERAS",0022f1f8 "3011",004e749c "",0022f238,00000400,0022f218 "IAM\\CAMERAS.TAG") ret=0040ed42
1498077.809:00ec:00f0:Ret  KERNEL32.GetPrivateProfileStringA() retval=00000000 ret=0040ed42
1498080.511:00ec:00f0:Call KERNEL32.GetPrivateProfileStringA(004c0898 "CAMERAS",0022f1f8 "3003",004e749c "",0022f238,00000400,0022f218 "IAM\\CAMERAS.TAG") ret=0040ed42
1498080.511:00ec:00f0:Ret  KERNEL32.GetPrivateProfileStringA() retval=00000000 ret=0040ed42
1498080.624:00ec:00f0:Call KERNEL32.GetPrivateProfileStringA(004c06e4 "VARIABLES",0022f200 "91",004e749c "",0022f240,00000400,0022f220 "IAM\\VARIABLES.TAG") ret=0040ed42
1498080.625:00ec:00f0:Ret  KERNEL32.GetPrivateProfileStringA() retval=00000010 ret=0040ed42
1498080.625:00ec:00f0:Call KERNEL32.GetPrivateProfileStringA(004c07e0 "ZONES",0022f1fc "2632",004e749c "",0022f23c,00000400,0022f21c "IAM\\ZONES.TAG") ret=0040ed42
1498080.625:00ec:00f0:Ret  KERNEL32.GetPrivateProfileStringA() retval=00000009 ret=0040ed42
1498080.625:00ec:00f0:Call KERNEL32.GetPrivateProfileStringA(004c07e0 "ZONES",0022f1fc "2633",004e749c "",0022f23c,00000400,0022f21c "IAM\\ZONES.TAG") ret=0040ed42
1498080.628:00ec:00f0:Ret  KERNEL32.GetPrivateProfileStringA() retval=0000000d ret=0040ed42
1498080.628:00ec:00f0:Call KERNEL32.GetPrivateProfileStringA(004c07e0 "ZONES",0022f1fc "2634",004e749c "",0022f23c,00000400,0022f21c "IAM\\ZONES.TAG") ret=0040ed42
1498080.632:00ec:00f0:Ret  KERNEL32.GetPrivateProfileStringA() retval=0000000d ret=0040ed42
1498080.633:00ec:00f0:Call KERNEL32.GetPrivateProfileStringA(004c07f0 "ADDRESSES",0022f1fc "470",004e749c "",0022f23c,00000400,0022f21c "IAM\\ADDRESSES.TAG") ret=0040ed42
1498080.635:00ec:00f0:Ret  KERNEL32.GetPrivateProfileStringA() retval=00000010 ret=0040ed42
1498080.635:00ec:00f0:Call KERNEL32.GetPrivateProfileStringA(004c0898 "CAMERAS",0022f1f8 "3066",004e749c "",0022f238,00000400,0022f218 "IAM\\CAMERAS.TAG") ret=0040ed42
1498080.635:00ec:00f0:Ret  KERNEL32.GetPrivateProfileStringA() retval=00000000 ret=0040ed42
1498080.635:00ec:00f0:Call KERNEL32.GetPrivateProfileStringA(004c08a0 "CAMERAS",0022f1f0 "3067",004e749c "",0022f230,00000400,0022f210 "IAM\\CAMERAS.TAG") ret=0040ed42
1498080.636:00ec:00f0:Ret  KERNEL32.GetPrivateProfileStringA() retval=00000000 ret=0040ed42
1498082.707:00ec:00f0:Call KERNEL32.GetPrivateProfileStringA(004c0898 "CAMERAS",0022f1f8 "3059",004e749c "",0022f238,00000400,0022f218 "IAM\\CAMERAS.TAG") ret=0040ed42
1498082.708:00ec:00f0:Ret  KERNEL32.GetPrivateProfileStringA() retval=00000000 ret=0040ed42
1498082.714:00ec:00f0:Call KERNEL32.GetPrivateProfileStringA(004c07cc "DIALOGS",0022f1fc "329",004e749c "",0022f23c,00000400,0022f21c "IAM\\DIALOGS.TAG") ret=0040ed42
1498082.714:00ec:00f0:Ret  KERNEL32.GetPrivateProfileStringA() retval=00000016 ret=0040ed42
1498090.531:00ec:00f0:Call KERNEL32.GetPrivateProfileStringA(004c0898 "CAMERAS",0022f1f8 "3070",004e749c "",0022f238,00000400,0022f218 "IAM\\CAMERAS.TAG") ret=0040ed42
1498090.532:00ec:00f0:Ret  KERNEL32.GetPrivateProfileStringA() retval=00000000 ret=0040ed42
1498090.532:00ec:00f0:Call KERNEL32.GetPrivateProfileStringA(004c08a0 "CAMERAS",0022f1f0 "3003",004e749c "",0022f230,00000400,0022f210 "IAM\\CAMERAS.TAG") ret=0040ed42
1498090.532:00ec:00f0:Ret  KERNEL32.GetPrivateProfileStringA() retval=00000000 ret=0040ed42
1498092.282:00ec:00f0:Call KERNEL32.GetPrivateProfileStringA(004c0c10 "OBJECTS",0022f1f8 "341",004e749c "",0022f238,00000400,0022f218 "IAM\\OBJECTS.TAG") ret=0040ed42
1498092.282:00ec:00f0:Ret  KERNEL32.GetPrivateProfileStringA() retval=00000014 ret=0040ed42
1498092.283:00ec:00f0:Call KERNEL32.GetPrivateProfileStringA(004c06e4 "VARIABLES",0022f200 "3",004e749c "",0022f240,00000400,0022f220 "IAM\\VARIABLES.TAG") ret=0040ed42
1498092.283:00ec:00f0:Ret  KERNEL32.GetPrivateProfileStringA() retval=00000018 ret=0040ed42
1498092.283:00ec:00f0:Call KERNEL32.GetPrivateProfileStringA(004c07e0 "ZONES",0022f1fc "2547",004e749c "",0022f23c,00000400,0022f21c "IAM\\ZONES.TAG") ret=0040ed42
1498092.283:00ec:00f0:Ret  KERNEL32.GetPrivateProfileStringA() retval=00000014 ret=0040ed42
1498092.283:00ec:00f0:Call KERNEL32.GetPrivateProfileStringA(004c07e0 "ZONES",0022f1fc "2548",004e749c "",0022f23c,00000400,0022f21c "IAM\\ZONES.TAG") ret=0040ed42
1498092.286:00ec:00f0:Ret  KERNEL32.GetPrivateProfileStringA() retval=00000014 ret=0040ed42
1498092.688:00ec:00f0:Call KERNEL32.GetPrivateProfileStringA(004c07d8 "ZONES",0022f1fc "2558",004e749c "",0022f23c,00000400,0022f21c "IAM\\ZONES.TAG") ret=0040ed42
1498092.690:00ec:00f0:Ret  KERNEL32.GetPrivateProfileStringA() retval=00000015 ret=0040ed42
1498094.477:00ec:00f0:Call KERNEL32.GetPrivateProfileStringA(004c07e0 "ZONES",0022f1fc "2527",004e749c "",0022f23c,00000400,0022f21c "IAM\\ZONES.TAG") ret=0040ed42
1498094.478:00ec:00f0:Ret  KERNEL32.GetPrivateProfileStringA() retval=00000015 ret=0040ed42
1498095.456:00ec:00f0:Call KERNEL32.GetPrivateProfileStringA(004c07d8 "ZONES",0022f1fc "2527",004e749c "",0022f23c,00000400,0022f21c "IAM\\ZONES.TAG") ret=0040ed42
1498095.458:00ec:00f0:Ret  KERNEL32.GetPrivateProfileStringA() retval=00000015 ret=0040ed42
1498095.458:00ec:00f0:Call KERNEL32.GetPrivateProfileStringA(004c0898 "CAMERAS",0022f1f8 "2987",004e749c "",0022f238,00000400,0022f218 "IAM\\CAMERAS.TAG") ret=0040ed42
1498095.462:00ec:00f0:Ret  KERNEL32.GetPrivateProfileStringA() retval=00000000 ret=0040ed42
1498096.963:00ec:00f0:Call KERNEL32.GetPrivateProfileStringA(004c0898 "CAMERAS",0022f1f8 "2988",004e749c "",0022f238,00000400,0022f218 "IAM\\CAMERAS.TAG") ret=0040ed42
1498096.965:00ec:00f0:Ret  KERNEL32.GetPrivateProfileStringA() retval=00000000 ret=0040ed42
1498099.765:00ec:00f0:Call KERNEL32.GetPrivateProfileStringA(004c06c4 "VARIABLES",0022f1fc "496",004e749c "",0022f23c,00000400,0022f21c "IAM\\VARIABLES.TAG") ret=0040ed42
1498099.765:00ec:00f0:Ret  KERNEL32.GetPrivateProfileStringA() retval=00000005 ret=0040ed42
1498101.129:00ec:00f0:Call KERNEL32.GetPrivateProfileStringA(004c07f0 "ADDRESSES",0022f1fc "454",004e749c "",0022f23c,00000400,0022f21c "IAM\\ADDRESSES.TAG") ret=0040ed42
1498101.133:00ec:00f0:Ret  KERNEL32.GetPrivateProfileStringA() retval=00000017 ret=0040ed42
1498101.133:00ec:00f0:Call KERNEL32.GetPrivateProfileStringA(004c0790 "AREAS",0022f1f4 "181",004e749c "",0022f234,00000400,0022f214 "IAM\\AREAS.TAG") ret=0040ed42
1498101.133:00ec:00f0:Ret  KERNEL32.GetPrivateProfileStringA() retval=00000010 ret=0040ed42
1498101.255:00ec:00f0:Call KERNEL32.GetPrivateProfileStringA(004c06c4 "VARIABLES",0022f1fc "564",004e749c "",0022f23c,00000400,0022f21c "IAM\\VARIABLES.TAG") ret=0040ed42
1498101.257:00ec:00f0:Ret  KERNEL32.GetPrivateProfileStringA() retval=0000000a ret=0040ed42
1498101.257:00ec:00f0:Call KERNEL32.GetPrivateProfileStringA(004c06c4 "VARIABLES",0022f1fc "565",004e749c "",0022f23c,00000400,0022f21c "IAM\\VARIABLES.TAG") ret=0040ed42
1498101.257:00ec:00f0:Ret  KERNEL32.GetPrivateProfileStringA() retval=0000000a ret=0040ed42
1498101.257:00ec:00f0:Call KERNEL32.GetPrivateProfileStringA(004c06c4 "VARIABLES",0022f1fc "35",004e749c "",0022f23c,00000400,0022f21c "IAM\\VARIABLES.TAG") ret=0040ed42
1498101.257:00ec:00f0:Ret  KERNEL32.GetPrivateProfileStringA() retval=0000000f ret=0040ed42
1498102.545:00ec:00f0:Call KERNEL32.GetPrivateProfileStringA(004c07e0 "ZONES",0022f1fc "2635",004e749c "",0022f23c,00000400,0022f21c "IAM\\ZONES.TAG") ret=0040ed42
1498102.548:00ec:00f0:Ret  KERNEL32.GetPrivateProfileStringA() retval=00000019 ret=0040ed42
1498102.548:00ec:00f0:Call KERNEL32.GetPrivateProfileStringA(004c07e0 "ZONES",0022f1fc "2636",004e749c "",0022f23c,00000400,0022f21c "IAM\\ZONES.TAG") ret=0040ed42
1498102.552:00ec:00f0:Ret  KERNEL32.GetPrivateProfileStringA() retval=00000019 ret=0040ed42
1498102.553:00ec:00f0:Call KERNEL32.GetPrivateProfileStringA(004c07d8 "ZONES",0022f1fc "2547",004e749c "",0022f23c,00000400,0022f21c "IAM\\ZONES.TAG") ret=0040ed42
1498102.555:00ec:00f0:Ret  KERNEL32.GetPrivateProfileStringA() retval=00000014 ret=0040ed42
1498102.555:00ec:00f0:Call KERNEL32.GetPrivateProfileStringA(004c07d8 "ZONES",0022f1fc "2548",004e749c "",0022f23c,00000400,0022f21c "IAM\\ZONES.TAG") ret=0040ed42
1498102.558:00ec:00f0:Ret  KERNEL32.GetPrivateProfileStringA() retval=00000014 ret=0040ed42
1498102.558:00ec:00f0:Call KERNEL32.GetPrivateProfileStringA(004c0898 "CAMERAS",0022f1f8 "0",004e749c "",0022f238,00000400,0022f218 "IAM\\CAMERAS.TAG") ret=0040ed42
1498102.562:00ec:00f0:Ret  KERNEL32.GetPrivateProfileStringA() retval=0000000d ret=0040ed42
1498105.088:00ec:00f0:Call KERNEL32.GetPrivateProfileStringA(004c0898 "CAMERAS",0022f1f8 "6",004e749c "",0022f238,00000400,0022f218 "IAM\\CAMERAS.TAG") ret=0040ed42
1498105.090:00ec:00f0:Ret  KERNEL32.GetPrivateProfileStringA() retval=0000001b ret=0040ed42
1498107.088:00ec:00f0:Call KERNEL32.GetPrivateProfileStringA(004c0898 "CAMERAS",0022f1f8 "3009",004e749c "",0022f238,00000400,0022f218 "IAM\\CAMERAS.TAG") ret=0040ed42
1498107.090:00ec:00f0:Ret  KERNEL32.GetPrivateProfileStringA() retval=00000000 ret=0040ed42
1498107.605:00ec:00f0:Call KERNEL32.GetPrivateProfileStringA(004c0898 "CAMERAS",0022f1f8 "6",004e749c "",0022f238,00000400,0022f218 "IAM\\CAMERAS.TAG") ret=0040ed42
1498107.606:00ec:00f0:Ret  KERNEL32.GetPrivateProfileStringA() retval=0000001b ret=0040ed42
1498111.711:00ec:00f0:Call KERNEL32.GetPrivateProfileStringA(004c0898 "CAMERAS",0022f1f8 "6",004e749c "",0022f238,00000400,0022f218 "IAM\\CAMERAS.TAG") ret=0040ed42
1498111.712:00ec:00f0:Ret  KERNEL32.GetPrivateProfileStringA() retval=0000001b ret=0040ed42
1498111.909:00ec:00f0:Call KERNEL32.GetPrivateProfileStringA(004c06c4 "VARIABLES",0022f1fc "95",004e749c "",0022f23c,00000400,0022f21c "IAM\\VARIABLES.TAG") ret=0040ed42
1498111.910:00ec:00f0:Ret  KERNEL32.GetPrivateProfileStringA() retval=0000000a ret=0040ed42
1498112.187:00ec:00f0:Call KERNEL32.GetPrivateProfileStringA(004c06c4 "VARIABLES",0022f1fc "3",004e749c "",0022f23c,00000400,0022f21c "IAM\\VARIABLES.TAG") ret=0040ed42
1498112.191:00ec:00f0:Ret  KERNEL32.GetPrivateProfileStringA() retval=00000018 ret=0040ed42
1498112.191:00ec:00f0:Call KERNEL32.GetPrivateProfileStringA(004c06c4 "VARIABLES",0022f1fc "22",004e749c "",0022f23c,00000400,0022f21c "IAM\\VARIABLES.TAG") ret=0040ed42
1498112.191:00ec:00f0:Ret  KERNEL32.GetPrivateProfileStringA() retval=00000006 ret=0040ed42
1498112.191:00ec:00f0:Call KERNEL32.GetPrivateProfileStringA(004c0790 "AREAS",0022f1f4 "181",004e749c "",0022f234,00000400,0022f214 "IAM\\AREAS.TAG") ret=0040ed42
1498112.191:00ec:00f0:Ret  KERNEL32.GetPrivateProfileStringA() retval=00000010 ret=0040ed42
1498112.662:00ec:00f0:Call KERNEL32.GetPrivateProfileStringA(004c0898 "CAMERAS",0022f1f8 "3864",004e749c "",0022f238,00000400,0022f218 "IAM\\CAMERAS.TAG") ret=0040ed42
1498112.662:00ec:00f0:Ret  KERNEL32.GetPrivateProfileStringA() retval=00000000 ret=0040ed42
1498112.677:00ec:00f0:Call KERNEL32.GetPrivateProfileStringA(004c06c4 "VARIABLES",0022f1fc "35",004e749c "",0022f23c,00000400,0022f21c "IAM\\VARIABLES.TAG") ret=0040ed42
1498112.678:00ec:00f0:Ret  KERNEL32.GetPrivateProfileStringA() retval=0000000f ret=0040ed42
1498112.838:00ec:00f0:Call KERNEL32.GetPrivateProfileStringA(004c0898 "CAMERAS",0022f1f8 "6",004e749c "",0022f238,00000400,0022f218 "IAM\\CAMERAS.TAG") ret=0040ed42
1498112.839:00ec:00f0:Ret  KERNEL32.GetPrivateProfileStringA() retval=0000001b ret=0040ed42
1498114.658:00ec:00f0:Call KERNEL32.GetPrivateProfileStringA(004c06e4 "VARIABLES",0022f200 "95",004e749c "",0022f240,00000400,0022f220 "IAM\\VARIABLES.TAG") ret=0040ed42
1498114.658:00ec:00f0:Ret  KERNEL32.GetPrivateProfileStringA() retval=0000000a ret=0040ed42
1498114.658:00ec:00f0:Call KERNEL32.GetPrivateProfileStringA(004c07e0 "ZONES",0022f1fc "3149",004e749c "",0022f23c,00000400,0022f21c "IAM\\ZONES.TAG") ret=0040ed42
1498114.659:00ec:00f0:Ret  KERNEL32.GetPrivateProfileStringA() retval=00000000 ret=0040ed42
1498114.659:00ec:00f0:Call KERNEL32.GetPrivateProfileStringA(004c07f0 "ADDRESSES",0022f1fc "569",004e749c "",0022f23c,00000400,0022f21c "IAM\\ADDRESSES.TAG") ret=0040ed42
1498114.662:00ec:00f0:Ret  KERNEL32.GetPrivateProfileStringA() retval=0000000c ret=0040ed42
1498114.662:00ec:00f0:Call KERNEL32.GetPrivateProfileStringA(004c07cc "DIALOGS",0022f1fc "356",004e749c "",0022f23c,00000400,0022f21c "IAM\\DIALOGS.TAG") ret=0040ed42
1498114.662:00ec:00f0:Ret  KERNEL32.GetPrivateProfileStringA() retval=0000000b ret=0040ed42
1498116.868:00ec:00f0:Call KERNEL32.GetPrivateProfileStringA(004c0844 "OBJECTS",0022f00c "534",004e749c "",0022f04c,00000400,0022f02c "IAM\\OBJECTS.TAG") ret=0040ed42
1498116.869:00ec:00f0:Ret  KERNEL32.GetPrivateProfileStringA() retval=00000017 ret=0040ed42
1498117.180:00ec:00f0:Call KERNEL32.GetPrivateProfileStringA(004c0c10 "OBJECTS",0022f110 "338",004e749c "",0022f150,00000400,0022f130 "IAM\\OBJECTS.TAG") ret=0040ed42
1498117.180:00ec:00f0:Ret  KERNEL32.GetPrivateProfileStringA() retval=00000019 ret=0040ed42
1498117.188:00ec:00f0:Call KERNEL32.GetPrivateProfileStringA(004c0c38 "OBJECTS",0022f1f8 "10",004e749c "",0022f238,00000400,0022f218 "IAM\\OBJECTS.TAG") ret=0040ed42
1498117.190:00ec:00f0:Ret  KERNEL32.GetPrivateProfileStringA() retval=0000000d ret=0040ed42
1498117.190:00ec:00f0:Call KERNEL32.GetPrivateProfileStringA(004c0c38 "OBJECTS",0022f1f8 "92",004e749c "",0022f238,00000400,0022f218 "IAM\\OBJECTS.TAG") ret=0040ed42
1498117.190:00ec:00f0:Ret  KERNEL32.GetPrivateProfileStringA() retval=00000013 ret=0040ed42
1498117.190:00ec:00f0:Call KERNEL32.GetPrivateProfileStringA(004c0c38 "OBJECTS",0022f1f8 "22",004e749c "",0022f238,00000400,0022f218 "IAM\\OBJECTS.TAG") ret=0040ed42
1498117.190:00ec:00f0:Ret  KERNEL32.GetPrivateProfileStringA() retval=00000015 ret=0040ed42
1498117.190:00ec:00f0:Call KERNEL32.GetPrivateProfileStringA(004c0898 "CAMERAS",0022f1f8 "6",004e749c "",0022f238,00000400,0022f218 "IAM\\CAMERAS.TAG") ret=0040ed42
1498117.190:00ec:00f0:Ret  KERNEL32.GetPrivateProfileStringA() retval=0000001b ret=0040ed42
1498117.190:00ec:00f0:Call KERNEL32.GetPrivateProfileStringA(004c07d8 "ZONES",0022f1fc "3150",004e749c "",0022f23c,00000400,0022f21c "IAM\\ZONES.TAG") ret=0040ed42
1498117.190:00ec:00f0:Ret  KERNEL32.GetPrivateProfileStringA() retval=00000000 ret=0040ed42
1498117.193:00ec:00f0:Call KERNEL32.GetPrivateProfileStringA(004c0c20 "OBJECTS",0022f1ec "341",004e749c "",0022f22c,00000400,0022f20c "IAM\\OBJECTS.TAG") ret=0040ed42
1498117.194:00ec:00f0:Ret  KERNEL32.GetPrivateProfileStringA() retval=00000014 ret=0040ed42
1498117.194:00ec:00f0:Call KERNEL32.GetPrivateProfileStringA(004c06e4 "VARIABLES",0022f200 "41",004e749c "",0022f240,00000400,0022f220 "IAM\\VARIABLES.TAG") ret=0040ed42
1498117.194:00ec:00f0:Ret  KERNEL32.GetPrivateProfileStringA() retval=00000014 ret=0040ed42
1498117.194:00ec:00f0:Call KERNEL32.GetPrivateProfileStringA(004c07e0 "ZONES",0022f1fc "3109",004e749c "",0022f23c,00000400,0022f21c "IAM\\ZONES.TAG") ret=0040ed42
1498117.194:00ec:00f0:Ret  KERNEL32.GetPrivateProfileStringA() retval=00000000 ret=0040ed42
1498117.208:00ec:00f0:Call KERNEL32.GetPrivateProfileStringA(004c0898 "CAMERAS",0022f1f8 "6",004e749c "",0022f238,00000400,0022f218 "IAM\\CAMERAS.TAG") ret=0040ed42
1498117.208:00ec:00f0:Ret  KERNEL32.GetPrivateProfileStringA() retval=0000001b ret=0040ed42
1498124.649:00ec:00f0:Call KERNEL32.GetPrivateProfileStringA(004c0898 "CAMERAS",0022f1f8 "6",004e749c "",0022f238,00000400,0022f218 "IAM\\CAMERAS.TAG") ret=0040ed42
1498124.650:00ec:00f0:Ret  KERNEL32.GetPrivateProfileStringA() retval=0000001b ret=0040ed42
1498125.371:00ec:00f0:Call KERNEL32.GetPrivateProfileStringA(004c06c4 "VARIABLES",0022f1fc "35",004e749c "",0022f23c,00000400,0022f21c "IAM\\VARIABLES.TAG") ret=0040ed42
1498125.373:00ec:00f0:Ret  KERNEL32.GetPrivateProfileStringA() retval=0000000f ret=0040ed42
1498125.554:00ec:00f0:Call KERNEL32.GetPrivateProfileStringA(004c0c08 "OBJECTS",0022f1f8 "10",004e749c "",0022f238,00000400,0022f218 "IAM\\OBJECTS.TAG") ret=0040ed42
1498125.556:00ec:00f0:Ret  KERNEL32.GetPrivateProfileStringA() retval=0000000d ret=0040ed42
1498125.556:00ec:00f0:Call KERNEL32.GetPrivateProfileStringA(004c0c08 "OBJECTS",0022f1f8 "10",004e749c "",0022f238,00000400,0022f218 "IAM\\OBJECTS.TAG") ret=0040ed42
1498125.557:00ec:00f0:Ret  KERNEL32.GetPrivateProfileStringA() retval=0000000d ret=0040ed42
1498125.557:00ec:00f0:Call KERNEL32.GetPrivateProfileStringA(004c06c4 "VARIABLES",0022f1fc "569",004e749c "",0022f23c,00000400,0022f21c "IAM\\VARIABLES.TAG") ret=0040ed42
1498125.557:00ec:00f0:Ret  KERNEL32.GetPrivateProfileStringA() retval=0000000c ret=0040ed42
1498125.557:00ec:00f0:Call KERNEL32.GetPrivateProfileStringA(004c06c4 "VARIABLES",0022f1fc "20",004e749c "",0022f23c,00000400,0022f21c "IAM\\VARIABLES.TAG") ret=0040ed42
1498125.557:00ec:00f0:Ret  KERNEL32.GetPrivateProfileStringA() retval=0000000a ret=0040ed42
1498125.557:00ec:00f0:Call KERNEL32.GetPrivateProfileStringA(004c0c08 "OBJECTS",0022f1f8 "92",004e749c "",0022f238,00000400,0022f218 "IAM\\OBJECTS.TAG") ret=0040ed42
1498125.557:00ec:00f0:Ret  KERNEL32.GetPrivateProfileStringA() retval=00000013 ret=0040ed42
1498125.557:00ec:00f0:Call KERNEL32.GetPrivateProfileStringA(004c0c08 "OBJECTS",0022f1f8 "92",004e749c "",0022f238,00000400,0022f218 "IAM\\OBJECTS.TAG") ret=0040ed42
1498125.557:00ec:00f0:Ret  KERNEL32.GetPrivateProfileStringA() retval=00000013 ret=0040ed42
1498125.557:00ec:00f0:Call KERNEL32.GetPrivateProfileStringA(004c06c4 "VARIABLES",0022f1fc "569",004e749c "",0022f23c,00000400,0022f21c "IAM\\VARIABLES.TAG") ret=0040ed42
1498125.557:00ec:00f0:Ret  KERNEL32.GetPrivateProfileStringA() retval=0000000c ret=0040ed42
1498125.557:00ec:00f0:Call KERNEL32.GetPrivateProfileStringA(004c06c4 "VARIABLES",0022f1fc "20",004e749c "",0022f23c,00000400,0022f21c "IAM\\VARIABLES.TAG") ret=0040ed42
1498125.557:00ec:00f0:Ret  KERNEL32.GetPrivateProfileStringA() retval=0000000a ret=0040ed42
1498125.557:00ec:00f0:Call KERNEL32.GetPrivateProfileStringA(004c0c08 "OBJECTS",0022f1f8 "22",004e749c "",0022f238,00000400,0022f218 "IAM\\OBJECTS.TAG") ret=0040ed42
1498125.558:00ec:00f0:Ret  KERNEL32.GetPrivateProfileStringA() retval=00000015 ret=0040ed42
1498125.558:00ec:00f0:Call KERNEL32.GetPrivateProfileStringA(004c0c08 "OBJECTS",0022f1f8 "22",004e749c "",0022f238,00000400,0022f218 "IAM\\OBJECTS.TAG") ret=0040ed42
1498125.558:00ec:00f0:Ret  KERNEL32.GetPrivateProfileStringA() retval=00000015 ret=0040ed42
1498125.558:00ec:00f0:Call KERNEL32.GetPrivateProfileStringA(004c06c4 "VARIABLES",0022f1fc "569",004e749c "",0022f23c,00000400,0022f21c "IAM\\VARIABLES.TAG") ret=0040ed42
1498125.558:00ec:00f0:Ret  KERNEL32.GetPrivateProfileStringA() retval=0000000c ret=0040ed42
1498125.558:00ec:00f0:Call KERNEL32.GetPrivateProfileStringA(004c06c4 "VARIABLES",0022f1fc "20",004e749c "",0022f23c,00000400,0022f21c "IAM\\VARIABLES.TAG") ret=0040ed42
1498125.558:00ec:00f0:Ret  KERNEL32.GetPrivateProfileStringA() retval=0000000a ret=0040ed42
1498125.558:00ec:00f0:Call KERNEL32.GetPrivateProfileStringA(004c07e0 "ZONES",0022f1fc "3150",004e749c "",0022f23c,00000400,0022f21c "IAM\\ZONES.TAG") ret=0040ed42
1498125.558:00ec:00f0:Ret  KERNEL32.GetPrivateProfileStringA() retval=00000000 ret=0040ed42
1498125.558:00ec:00f0:Call KERNEL32.GetPrivateProfileStringA(004c07d8 "ZONES",0022f1fc "3109",004e749c "",0022f23c,00000400,0022f21c "IAM\\ZONES.TAG") ret=0040ed42
1498125.561:00ec:00f0:Ret  KERNEL32.GetPrivateProfileStringA() retval=00000000 ret=0040ed42
1498125.563:00ec:00f0:Call KERNEL32.GetPrivateProfileStringA(004c07d8 "ZONES",0022f1fc "3151",004e749c "",0022f23c,00000400,0022f21c "IAM\\ZONES.TAG") ret=0040ed42
1498125.565:00ec:00f0:Ret  KERNEL32.GetPrivateProfileStringA() retval=00000000 ret=0040ed42
1498125.613:00ec:00f0:Call KERNEL32.GetPrivateProfileStringA(004c0790 "AREAS",0022f1f4 "157",004e749c "",0022f234,00000400,0022f214 "IAM\\AREAS.TAG") ret=0040ed42
1498125.615:00ec:00f0:Ret  KERNEL32.GetPrivateProfileStringA() retval=00000010 ret=0040ed42
1498126.201:00ec:00f0:Call KERNEL32.GetPrivateProfileStringA(004c0898 "CAMERAS",0022f1f8 "3023",004e749c "",0022f238,00000400,0022f218 "IAM\\CAMERAS.TAG") ret=0040ed42
1498126.201:00ec:00f0:Ret  KERNEL32.GetPrivateProfileStringA() retval=00000000 ret=0040ed42
1498126.223:00ec:00f0:Call KERNEL32.GetPrivateProfileStringA(004c06c4 "VARIABLES",0022f1fc "95",004e749c "",0022f23c,00000400,0022f21c "IAM\\VARIABLES.TAG") ret=0040ed42
1498126.224:00ec:00f0:Ret  KERNEL32.GetPrivateProfileStringA() retval=0000000a ret=0040ed42
1498126.224:00ec:00f0:Call KERNEL32.GetPrivateProfileStringA(004c07e0 "ZONES",0022f1fc "2639",004e749c "",0022f23c,00000400,0022f21c "IAM\\ZONES.TAG") ret=0040ed42
1498126.224:00ec:00f0:Ret  KERNEL32.GetPrivateProfileStringA() retval=0000000f ret=0040ed42
1498126.224:00ec:00f0:Call KERNEL32.GetPrivateProfileStringA(004c07d8 "ZONES",0022f1fc "2551",004e749c "",0022f23c,00000400,0022f21c "IAM\\ZONES.TAG") ret=0040ed42
1498126.228:00ec:00f0:Ret  KERNEL32.GetPrivateProfileStringA() retval=00000014 ret=0040ed42
1498126.228:00ec:00f0:Call KERNEL32.GetPrivateProfileStringA(004c07d8 "ZONES",0022f1fc "2552",004e749c "",0022f23c,00000400,0022f21c "IAM\\ZONES.TAG") ret=0040ed42
1498126.231:00ec:00f0:Ret  KERNEL32.GetPrivateProfileStringA() retval=00000014 ret=0040ed42
1498126.233:00ec:00f0:Call KERNEL32.GetPrivateProfileStringA(004c07d8 "ZONES",0022f1fc "2508",004e749c "",0022f23c,00000400,0022f21c "IAM\\ZONES.TAG") ret=0040ed42
1498126.235:00ec:00f0:Ret  KERNEL32.GetPrivateProfileStringA() retval=0000001e ret=0040ed42
1498126.677:00ec:00f0:Call KERNEL32.GetPrivateProfileStringA(004c0898 "CAMERAS",0022f1f8 "6",004e749c "",0022f238,00000400,0022f218 "IAM\\CAMERAS.TAG") ret=0040ed42
1498126.678:00ec:00f0:Ret  KERNEL32.GetPrivateProfileStringA() retval=0000001b ret=0040ed42
1498128.437:00ec:00f0:Call KERNEL32.GetPrivateProfileStringA(004c07d8 "ZONES",0022f1fc "2562",004e749c "",0022f23c,00000400,0022f21c "IAM\\ZONES.TAG") ret=0040ed42
1498128.439:00ec:00f0:Ret  KERNEL32.GetPrivateProfileStringA() retval=00000015 ret=0040ed42
1498129.635:00ec:00f0:Call KERNEL32.GetPrivateProfileStringA(004c07e0 "ZONES",0022f1fc "2530",004e749c "",0022f23c,00000400,0022f21c "IAM\\ZONES.TAG") ret=0040ed42
1498129.635:00ec:00f0:Ret  KERNEL32.GetPrivateProfileStringA() retval=00000015 ret=0040ed42
1498130.613:00ec:00f0:Call KERNEL32.GetPrivateProfileStringA(004c0898 "CAMERAS",0022f1f8 "2998",004e749c "",0022f238,00000400,0022f218 "IAM\\CAMERAS.TAG") ret=0040ed42
1498130.615:00ec:00f0:Ret  KERNEL32.GetPrivateProfileStringA() retval=00000000 ret=0040ed42
1498130.615:00ec:00f0:Call KERNEL32.GetPrivateProfileStringA(004c07d8 "ZONES",0022f1fc "2562",004e749c "",0022f23c,00000400,0022f21c "IAM\\ZONES.TAG") ret=0040ed42
1498130.615:00ec:00f0:Ret  KERNEL32.GetPrivateProfileStringA() retval=00000015 ret=0040ed42
1498130.630:00ec:00f0:Call KERNEL32.GetPrivateProfileStringA(004c07d8 "ZONES",0022f1fc "2530",004e749c "",0022f23c,00000400,0022f21c "IAM\\ZONES.TAG") ret=0040ed42
1498130.631:00ec:00f0:Ret  KERNEL32.GetPrivateProfileStringA() retval=00000015 ret=0040ed42
1498132.072:00ec:00f0:Call KERNEL32.GetPrivateProfileStringA(004c0898 "CAMERAS",0022f1f8 "2995",004e749c "",0022f238,00000400,0022f218 "IAM\\CAMERAS.TAG") ret=0040ed42
1498132.074:00ec:00f0:Ret  KERNEL32.GetPrivateProfileStringA() retval=00000000 ret=0040ed42
1498135.273:00ec:00f0:Call KERNEL32.GetPrivateProfileStringA(004c06c4 "VARIABLES",0022f1fc "496",004e749c "",0022f23c,00000400,0022f21c "IAM\\VARIABLES.TAG") ret=0040ed42
1498135.274:00ec:00f0:Ret  KERNEL32.GetPrivateProfileStringA() retval=00000005 ret=0040ed42
1498136.625:00ec:00f0:Call KERNEL32.GetPrivateProfileStringA(004c07f0 "ADDRESSES",0022f1fc "452",004e749c "",0022f23c,00000400,0022f21c "IAM\\ADDRESSES.TAG") ret=0040ed42
1498136.626:00ec:00f0:Ret  KERNEL32.GetPrivateProfileStringA() retval=00000017 ret=0040ed42
1498136.626:00ec:00f0:Call KERNEL32.GetPrivateProfileStringA(004c0790 "AREAS",0022f1f4 "180",004e749c "",0022f234,00000400,0022f214 "IAM\\AREAS.TAG") ret=0040ed42
1498136.627:00ec:00f0:Ret  KERNEL32.GetPrivateProfileStringA() retval=00000010 ret=0040ed42
1498136.651:00ec:00f0:Call KERNEL32.GetPrivateProfileStringA(004c0898 "CAMERAS",0022f1f8 "2993",004e749c "",0022f238,00000400,0022f218 "IAM\\CAMERAS.TAG") ret=0040ed42
1498136.651:00ec:00f0:Ret  KERNEL32.GetPrivateProfileStringA() retval=00000000 ret=0040ed42
1498136.651:00ec:00f0:Call KERNEL32.GetPrivateProfileStringA(004c07d8 "ZONES",0022f1fc "2561",004e749c "",0022f23c,00000400,0022f21c "IAM\\ZONES.TAG") ret=0040ed42
1498136.652:00ec:00f0:Ret  KERNEL32.GetPrivateProfileStringA() retval=00000015 ret=0040ed42
1498136.653:00ec:00f0:Call KERNEL32.GetPrivateProfileStringA(004c07d8 "ZONES",0022f1fc "2529",004e749c "",0022f23c,00000400,0022f21c "IAM\\ZONES.TAG") ret=0040ed42
1498136.655:00ec:00f0:Ret  KERNEL32.GetPrivateProfileStringA() retval=00000015 ret=0040ed42
1498136.725:00ec:00f0:Call KERNEL32.GetPrivateProfileStringA(004c06c4 "VARIABLES",0022f1fc "10",004e749c "",0022f23c,00000400,0022f21c "IAM\\VARIABLES.TAG") ret=0040ed42
1498136.725:00ec:00f0:Ret  KERNEL32.GetPrivateProfileStringA() retval=00000014 ret=0040ed42
1498137.536:00ec:00f0:Call KERNEL32.GetPrivateProfileStringA(004c0898 "CAMERAS",0022f1f8 "3021",004e749c "",0022f238,00000400,0022f218 "IAM\\CAMERAS.TAG") ret=0040ed42
1498137.539:00ec:00f0:Ret  KERNEL32.GetPrivateProfileStringA() retval=00000000 ret=0040ed42
1498137.704:00ec:00f0:Call KERNEL32.GetPrivateProfileStringA(004c0898 "CAMERAS",0022f1f8 "3003",004e749c "",0022f238,00000400,0022f218 "IAM\\CAMERAS.TAG") ret=0040ed42
1498137.706:00ec:00f0:Ret  KERNEL32.GetPrivateProfileStringA() retval=00000000 ret=0040ed42
1498137.731:00ec:00f0:Call KERNEL32.GetPrivateProfileStringA(004c07e0 "ZONES",0022f1fc "2561",004e749c "",0022f23c,00000400,0022f21c "IAM\\ZONES.TAG") ret=0040ed42
1498137.732:00ec:00f0:Ret  KERNEL32.GetPrivateProfileStringA() retval=00000015 ret=0040ed42
1498140.054:00ec:00f0:Call KERNEL32.GetPrivateProfileStringA(004c06c4 "VARIABLES",0022f1fc "22",004e749c "",0022f23c,00000400,0022f21c "IAM\\VARIABLES.TAG") ret=0040ed42
1498140.057:00ec:00f0:Ret  KERNEL32.GetPrivateProfileStringA() retval=00000006 ret=0040ed42
1498140.057:00ec:00f0:Call KERNEL32.GetPrivateProfileStringA(004c0790 "AREAS",0022f1f4 "180",004e749c "",0022f234,00000400,0022f214 "IAM\\AREAS.TAG") ret=0040ed42
1498140.057:00ec:00f0:Ret  KERNEL32.GetPrivateProfileStringA() retval=00000010 ret=0040ed42
1498146.675:00ec:00f0:Call KERNEL32.GetPrivateProfileStringA(004c06c4 "VARIABLES",0022f1fc "22",004e749c "",0022f23c,00000400,0022f21c "IAM\\VARIABLES.TAG") ret=0040ed42
1498146.676:00ec:00f0:Ret  KERNEL32.GetPrivateProfileStringA() retval=00000006 ret=0040ed42
1498146.676:00ec:00f0:Call KERNEL32.GetPrivateProfileStringA(004c0790 "AREAS",0022f1f4 "180",004e749c "",0022f234,00000400,0022f214 "IAM\\AREAS.TAG") ret=0040ed42
1498146.676:00ec:00f0:Ret  KERNEL32.GetPrivateProfileStringA() retval=00000010 ret=0040ed42
1498147.068:00ec:00f0:Call KERNEL32.GetPrivateProfileStringA(004c0898 "CAMERAS",0022f1f8 "3754",004e749c "",0022f238,00000400,0022f218 "IAM\\CAMERAS.TAG") ret=0040ed42
1498147.068:00ec:00f0:Ret  KERNEL32.GetPrivateProfileStringA() retval=00000000 ret=0040ed42
1498147.510:00ec:00f0:Call KERNEL32.GetPrivateProfileStringA(004c0898 "CAMERAS",0022f1f8 "6",004e749c "",0022f238,00000400,0022f218 "IAM\\CAMERAS.TAG") ret=0040ed42
1498147.511:00ec:00f0:Ret  KERNEL32.GetPrivateProfileStringA() retval=0000001b ret=0040ed42
1498148.791:00ec:00f0:Call KERNEL32.GetPrivateProfileStringA(004c06c4 "VARIABLES",0022f1fc "561",004e749c "",0022f23c,00000400,0022f21c "IAM\\VARIABLES.TAG") ret=0040ed42
1498148.792:00ec:00f0:Ret  KERNEL32.GetPrivateProfileStringA() retval=0000000e ret=0040ed42
1498148.792:00ec:00f0:Call KERNEL32.GetPrivateProfileStringA(004c06e4 "VARIABLES",0022f200 "561",004e749c "",0022f240,00000400,0022f220 "IAM\\VARIABLES.TAG") ret=0040ed42
1498148.792:00ec:00f0:Ret  KERNEL32.GetPrivateProfileStringA() retval=0000000e ret=0040ed42
1498148.792:00ec:00f0:Call KERNEL32.GetPrivateProfileStringA(004c07f0 "ADDRESSES",0022f1fc "563",004e749c "",0022f23c,00000400,0022f21c "IAM\\ADDRESSES.TAG") ret=0040ed42
1498148.792:00ec:00f0:Ret  KERNEL32.GetPrivateProfileStringA() retval=00000017 ret=0040ed42
1498148.792:00ec:00f0:Call KERNEL32.GetPrivateProfileStringA(004c0898 "CAMERAS",0022f1f8 "3775",004e749c "",0022f238,00000400,0022f218 "IAM\\CAMERAS.TAG") ret=0040ed42
1498148.793:00ec:00f0:Ret  KERNEL32.GetPrivateProfileStringA() retval=00000000 ret=0040ed42
1498148.793:00ec:00f0:Call KERNEL32.GetPrivateProfileStringA(004c08a0 "CAMERAS",0022f1f0 "3785",004e749c "",0022f230,00000400,0022f210 "IAM\\CAMERAS.TAG") ret=0040ed42
1498148.793:00ec:00f0:Ret  KERNEL32.GetPrivateProfileStringA() retval=00000000 ret=0040ed42
1498152.891:00ec:00f0:Call KERNEL32.GetPrivateProfileStringA(004c06c4 "VARIABLES",0022f200 "20",004e749c "",0022f240,00000400,0022f220 "IAM\\VARIABLES.TAG") ret=0040ed42
1498152.892:00ec:00f0:Ret  KERNEL32.GetPrivateProfileStringA() retval=0000000a ret=0040ed42
1498152.892:00ec:00f0:Call KERNEL32.GetPrivateProfileStringA(004c06c4 "VARIABLES",0022f200 "70",004e749c "",0022f240,00000400,0022f220 "IAM\\VARIABLES.TAG") ret=0040ed42
1498152.892:00ec:00f0:Ret  KERNEL32.GetPrivateProfileStringA() retval=00000010 ret=0040ed42
1498152.892:00ec:00f0:Call KERNEL32.GetPrivateProfileStringA(004c0c08 "OBJECTS",0022f1f8 "10",004e749c "",0022f238,00000400,0022f218 "IAM\\OBJECTS.TAG") ret=0040ed42
1498152.892:00ec:00f0:Ret  KERNEL32.GetPrivateProfileStringA() retval=0000000d ret=0040ed42
1498152.892:00ec:00f0:Call KERNEL32.GetPrivateProfileStringA(004c06c4 "VARIABLES",0022f1fc "20",004e749c "",0022f23c,00000400,0022f21c "IAM\\VARIABLES.TAG") ret=0040ed42
1498152.892:00ec:00f0:Ret  KERNEL32.GetPrivateProfileStringA() retval=0000000a ret=0040ed42
1498152.892:00ec:00f0:Call KERNEL32.GetPrivateProfileStringA(004c06c4 "VARIABLES",0022f1fc "70",004e749c "",0022f23c,00000400,0022f21c "IAM\\VARIABLES.TAG") ret=0040ed42
1498152.892:00ec:00f0:Ret  KERNEL32.GetPrivateProfileStringA() retval=00000010 ret=0040ed42
1498152.892:00ec:00f0:Call KERNEL32.GetPrivateProfileStringA(004c07e0 "ZONES",0022f1fc "3108",004e749c "",0022f23c,00000400,0022f21c "IAM\\ZONES.TAG") ret=0040ed42
1498152.892:00ec:00f0:Ret  KERNEL32.GetPrivateProfileStringA() retval=00000000 ret=0040ed42
1498152.893:00ec:00f0:Call KERNEL32.GetPrivateProfileStringA(004c0c08 "OBJECTS",0022f1f8 "92",004e749c "",0022f238,00000400,0022f218 "IAM\\OBJECTS.TAG") ret=0040ed42
1498152.895:00ec:00f0:Ret  KERNEL32.GetPrivateProfileStringA() retval=00000013 ret=0040ed42
1498152.895:00ec:00f0:Call KERNEL32.GetPrivateProfileStringA(004c07f0 "ADDRESSES",0022f1fc "563",004e749c "",0022f23c,00000400,0022f21c "IAM\\ADDRESSES.TAG") ret=0040ed42
1498152.896:00ec:00f0:Ret  KERNEL32.GetPrivateProfileStringA() retval=00000017 ret=0040ed42
1498152.896:00ec:00f0:Call KERNEL32.GetPrivateProfileStringA(004c07cc "DIALOGS",0022f1fc "350",004e749c "",0022f23c,00000400,0022f21c "IAM\\DIALOGS.TAG") ret=0040ed42
1498152.896:00ec:00f0:Ret  KERNEL32.GetPrivateProfileStringA() retval=00000019 ret=0040ed42
1498153.562:00ec:00f0:Call KERNEL32.GetPrivateProfileStringA(004c06c4 "VARIABLES",0022f100 "13",004e749c "",0022f140,00000400,0022f120 "IAM\\VARIABLES.TAG") ret=0040ed42
1498153.563:00ec:00f0:Ret  KERNEL32.GetPrivateProfileStringA() retval=0000000c ret=0040ed42
1498153.563:00ec:00f0:Call KERNEL32.GetPrivateProfileStringA(004c06c4 "VARIABLES",0022f100 "20",004e749c "",0022f140,00000400,0022f120 "IAM\\VARIABLES.TAG") ret=0040ed42
1498153.563:00ec:00f0:Ret  KERNEL32.GetPrivateProfileStringA() retval=0000000a ret=0040ed42
1498153.563:00ec:00f0:Call KERNEL32.GetPrivateProfileStringA(004c06c4 "VARIABLES",0022f100 "13",004e749c "",0022f140,00000400,0022f120 "IAM\\VARIABLES.TAG") ret=0040ed42
1498153.563:00ec:00f0:Ret  KERNEL32.GetPrivateProfileStringA() retval=0000000c ret=0040ed42
1498153.563:00ec:00f0:Call KERNEL32.GetPrivateProfileStringA(004c06c4 "VARIABLES",0022f100 "20",004e749c "",0022f140,00000400,0022f120 "IAM\\VARIABLES.TAG") ret=0040ed42
1498153.563:00ec:00f0:Ret  KERNEL32.GetPrivateProfileStringA() retval=0000000a ret=0040ed42
1498153.726:00ec:00f0:Call KERNEL32.GetPrivateProfileStringA(004c06e4 "VARIABLES",0022f118 "559",004e749c "",0022f158,00000400,0022f138 "IAM\\VARIABLES.TAG") ret=0040ed42
1498153.727:00ec:00f0:Ret  KERNEL32.GetPrivateProfileStringA() retval=00000014 ret=0040ed42
1498153.928:00ec:00f0:Call KERNEL32.GetPrivateProfileStringA(004c06c4 "VARIABLES",0022f1fc "20",004e749c "",0022f23c,00000400,0022f21c "IAM\\VARIABLES.TAG") ret=0040ed42
1498153.931:00ec:00f0:Ret  KERNEL32.GetPrivateProfileStringA() retval=0000000a ret=0040ed42
1498153.931:00ec:00f0:Call KERNEL32.GetPrivateProfileStringA(004c06c4 "VARIABLES",0022f1fc "13",004e749c "",0022f23c,00000400,0022f21c "IAM\\VARIABLES.TAG") ret=0040ed42
1498153.931:00ec:00f0:Ret  KERNEL32.GetPrivateProfileStringA() retval=0000000c ret=0040ed42
1498154.978:00ec:00f0:Call KERNEL32.GetPrivateProfileStringA(004c06e4 "VARIABLES",0022f200 "559",004e749c "",0022f240,00000400,0022f220 "IAM\\VARIABLES.TAG") ret=0040ed42
1498154.981:00ec:00f0:Ret  KERNEL32.GetPrivateProfileStringA() retval=00000014 ret=0040ed42
1498154.981:00ec:00f0:Call KERNEL32.GetPrivateProfileStringA(004c0898 "CAMERAS",0022f1f8 "6",004e749c "",0022f238,00000400,0022f218 "IAM\\CAMERAS.TAG") ret=0040ed42
1498154.981:00ec:00f0:Ret  KERNEL32.GetPrivateProfileStringA() retval=0000001b ret=0040ed42
1498154.981:00ec:00f0:Call KERNEL32.GetPrivateProfileStringA(004c06c4 "VARIABLES",0022f1fc "559",004e749c "",0022f23c,00000400,0022f21c "IAM\\VARIABLES.TAG") ret=0040ed42
1498154.981:00ec:00f0:Ret  KERNEL32.GetPrivateProfileStringA() retval=00000014 ret=0040ed42
1498154.981:00ec:00f0:Call KERNEL32.GetPrivateProfileStringA(004c07e0 "ZONES",0022f1fc "3098",004e749c "",0022f23c,00000400,0022f21c "IAM\\ZONES.TAG") ret=0040ed42
1498154.981:00ec:00f0:Ret  KERNEL32.GetPrivateProfileStringA() retval=00000000 ret=0040ed42
1498154.983:00ec:00f0:Call KERNEL32.GetPrivateProfileStringA(004c07e0 "ZONES",0022f1fc "3062",004e749c "",0022f23c,00000400,0022f21c "IAM\\ZONES.TAG") ret=0040ed42
1498154.984:00ec:00f0:Ret  KERNEL32.GetPrivateProfileStringA() retval=00000000 ret=0040ed42
1498154.984:00ec:00f0:Call KERNEL32.GetPrivateProfileStringA(004c07e0 "ZONES",0022f1fc "3101",004e749c "",0022f23c,00000400,0022f21c "IAM\\ZONES.TAG") ret=0040ed42
1498154.987:00ec:00f0:Ret  KERNEL32.GetPrivateProfileStringA() retval=00000000 ret=0040ed42
1498154.987:00ec:00f0:Call KERNEL32.GetPrivateProfileStringA(004c07d8 "ZONES",0022f1fc "3107",004e749c "",0022f23c,00000400,0022f21c "IAM\\ZONES.TAG") ret=0040ed42
1498154.990:00ec:00f0:Ret  KERNEL32.GetPrivateProfileStringA() retval=00000000 ret=0040ed42
1498154.990:00ec:00f0:Call KERNEL32.GetPrivateProfileStringA(004c0898 "CAMERAS",0022f1f8 "6",004e749c "",0022f238,00000400,0022f218 "IAM\\CAMERAS.TAG") ret=0040ed42
1498154.993:00ec:00f0:Ret  KERNEL32.GetPrivateProfileStringA() retval=0000001b ret=0040ed42
1498163.047:00ec:00f0:Call KERNEL32.GetPrivateProfileStringA(004c0898 "CAMERAS",0022f1f8 "3755",004e749c "",0022f238,00000400,0022f218 "IAM\\CAMERAS.TAG") ret=0040ed42
1498163.048:00ec:00f0:Ret  KERNEL32.GetPrivateProfileStringA() retval=00000000 ret=0040ed42
1498165.017:00ec:00f0:Call KERNEL32.GetPrivateProfileStringA(004c0898 "CAMERAS",0022f1f8 "6",004e749c "",0022f238,00000400,0022f218 "IAM\\CAMERAS.TAG") ret=0040ed42
1498165.018:00ec:00f0:Ret  KERNEL32.GetPrivateProfileStringA() retval=0000001b ret=0040ed42
1498173.167:00ec:00f0:Call KERNEL32.GetPrivateProfileStringA(004c0898 "CAMERAS",0022f1f8 "6",004e749c "",0022f238,00000400,0022f218 "IAM\\CAMERAS.TAG") ret=0040ed42
1498173.168:00ec:00f0:Ret  KERNEL32.GetPrivateProfileStringA() retval=0000001b ret=0040ed42
1498173.439:00ec:00f0:Call KERNEL32.GetPrivateProfileStringA(004c0898 "CAMERAS",0022f1f8 "6",004e749c "",0022f238,00000400,0022f218 "IAM\\CAMERAS.TAG") ret=0040ed42
1498173.440:00ec:00f0:Ret  KERNEL32.GetPrivateProfileStringA() retval=0000001b ret=0040ed42
1498173.913:00ec:00f0:Call KERNEL32.GetPrivateProfileStringA(004c0898 "CAMERAS",0022f1f8 "3796",004e749c "",0022f238,00000400,0022f218 "IAM\\CAMERAS.TAG") ret=0040ed42
1498173.914:00ec:00f0:Ret  KERNEL32.GetPrivateProfileStringA() retval=00000000 ret=0040ed42
1498173.990:00ec:00f0:Call KERNEL32.GetPrivateProfileStringA(004c0898 "CAMERAS",0022f1f8 "3796",004e749c "",0022f238,00000400,0022f218 "IAM\\CAMERAS.TAG") ret=0040ed42
1498173.991:00ec:00f0:Ret  KERNEL32.GetPrivateProfileStringA() retval=00000000 ret=0040ed42
1498174.377:00ec:00f0:Call KERNEL32.GetPrivateProfileStringA(004c07d8 "ZONES",0022f1fc "3102",004e749c "",0022f23c,00000400,0022f21c "IAM\\ZONES.TAG") ret=0040ed42
1498174.381:00ec:00f0:Ret  KERNEL32.GetPrivateProfileStringA() retval=00000000 ret=0040ed42
1498174.383:00ec:00f0:Call KERNEL32.GetPrivateProfileStringA(004c07d8 "ZONES",0022f1fc "3104",004e749c "",0022f23c,00000400,0022f21c "IAM\\ZONES.TAG") ret=0040ed42
1498174.384:00ec:00f0:Ret  KERNEL32.GetPrivateProfileStringA() retval=00000000 ret=0040ed42
1498175.926:00ec:00f0:Call KERNEL32.GetPrivateProfileStringA(004c07d8 "ZONES",0022f1fc "3108",004e749c "",0022f23c,00000400,0022f21c "IAM\\ZONES.TAG") ret=0040ed42
1498175.927:00ec:00f0:Ret  KERNEL32.GetPrivateProfileStringA() retval=00000000 ret=0040ed42
1498175.927:00ec:00f0:Call KERNEL32.GetPrivateProfileStringA(004c07d8 "ZONES",0022f1fc "3101",004e749c "",0022f23c,00000400,0022f21c "IAM\\ZONES.TAG") ret=0040ed42
1498175.930:00ec:00f0:Ret  KERNEL32.GetPrivateProfileStringA() retval=00000000 ret=0040ed42
1498177.470:00ec:00f0:Call KERNEL32.GetPrivateProfileStringA(004c06c4 "VARIABLES",0022f1fc "560",004e749c "",0022f23c,00000400,0022f21c "IAM\\VARIABLES.TAG") ret=0040ed42
1498177.472:00ec:00f0:Ret  KERNEL32.GetPrivateProfileStringA() retval=0000000e ret=0040ed42
1498177.472:00ec:00f0:Call KERNEL32.GetPrivateProfileStringA(004c06e4 "VARIABLES",0022f200 "560",004e749c "",0022f240,00000400,0022f220 "IAM\\VARIABLES.TAG") ret=0040ed42
1498177.473:00ec:00f0:Ret  KERNEL32.GetPrivateProfileStringA() retval=0000000e ret=0040ed42
1498177.488:00ec:00f0:Call KERNEL32.GetPrivateProfileStringA(004c06c4 "VARIABLES",0022f1fc "70",004e749c "",0022f23c,00000400,0022f21c "IAM\\VARIABLES.TAG") ret=0040ed42
1498177.489:00ec:00f0:Ret  KERNEL32.GetPrivateProfileStringA() retval=00000010 ret=0040ed42
1498177.489:00ec:00f0:Call KERNEL32.GetPrivateProfileStringA(004c0844 "OBJECTS",0022f0f4 "413",004e749c "",0022f134,00000400,0022f114 "IAM\\OBJECTS.TAG") ret=0040ed42
1498177.489:00ec:00f0:Ret  KERNEL32.GetPrivateProfileStringA() retval=0000001d ret=0040ed42
1498177.507:00ec:00f0:Call KERNEL32.GetPrivateProfileStringA(004c0898 "CAMERAS",0022f1f8 "3796",004e749c "",0022f238,00000400,0022f218 "IAM\\CAMERAS.TAG") ret=0040ed42
1498177.508:00ec:00f0:Ret  KERNEL32.GetPrivateProfileStringA() retval=00000000 ret=0040ed42
1498177.889:00ec:00f0:Call KERNEL32.GetPrivateProfileStringA(004c06c4 "VARIABLES",0022f1fc "22",004e749c "",0022f23c,00000400,0022f21c "IAM\\VARIABLES.TAG") ret=0040ed42
1498177.890:00ec:00f0:Ret  KERNEL32.GetPrivateProfileStringA() retval=00000006 ret=0040ed42
1498177.890:00ec:00f0:Call KERNEL32.GetPrivateProfileStringA(004c06c4 "VARIABLES",0022f1fc "119",004e749c "",0022f23c,00000400,0022f21c "IAM\\VARIABLES.TAG") ret=0040ed42
1498177.890:00ec:00f0:Ret  KERNEL32.GetPrivateProfileStringA() retval=0000000d ret=0040ed42
1498177.890:00ec:00f0:Call KERNEL32.GetPrivateProfileStringA(004c0844 "OBJECTS",0022f0f4 "117",004e749c "",0022f134,00000400,0022f114 "IAM\\OBJECTS.TAG") ret=0040ed42
1498177.891:00ec:00f0:Ret  KERNEL32.GetPrivateProfileStringA() retval=0000000d ret=0040ed42
1498181.519:00ec:00f0:Call KERNEL32.GetPrivateProfileStringA(004c06c4 "VARIABLES",0022f1fc "70",004e749c "",0022f23c,00000400,0022f21c "IAM\\VARIABLES.TAG") ret=0040ed42
1498181.523:00ec:00f0:Ret  KERNEL32.GetPrivateProfileStringA() retval=00000010 ret=0040ed42
1498181.523:00ec:00f0:Call KERNEL32.GetPrivateProfileStringA(004c082c "ADDRESSES",0022f1fc "2",004e749c "",0022f23c,00000400,0022f21c "IAM\\ADDRESSES.TAG") ret=0040ed42
1498181.523:00ec:00f0:Ret  KERNEL32.GetPrivateProfileStringA() retval=0000001e ret=0040ed42
1498181.523:00ec:00f0:Call KERNEL32.GetPrivateProfileStringA(004c06e4 "VARIABLES",0022f200 "70",004e749c "",0022f240,00000400,0022f220 "IAM\\VARIABLES.TAG") ret=0040ed42
1498181.523:00ec:00f0:Ret  KERNEL32.GetPrivateProfileStringA() retval=00000010 ret=0040ed42
1498183.771:00ec:00f0:Call KERNEL32.GetPrivateProfileStringA(004c06c4 "VARIABLES",0022f1fc "22",004e749c "",0022f23c,00000400,0022f21c "IAM\\VARIABLES.TAG") ret=0040ed42
1498183.772:00ec:00f0:Ret  KERNEL32.GetPrivateProfileStringA() retval=00000006 ret=0040ed42
1498183.772:00ec:00f0:Call KERNEL32.GetPrivateProfileStringA(004c06c4 "VARIABLES",0022f1fc "119",004e749c "",0022f23c,00000400,0022f21c "IAM\\VARIABLES.TAG") ret=0040ed42
1498183.772:00ec:00f0:Ret  KERNEL32.GetPrivateProfileStringA() retval=0000000d ret=0040ed42
1498183.772:00ec:00f0:Call KERNEL32.GetPrivateProfileStringA(004c0844 "OBJECTS",0022f0f4 "116",004e749c "",0022f134,00000400,0022f114 "IAM\\OBJECTS.TAG") ret=0040ed42
1498183.773:00ec:00f0:Ret  KERNEL32.GetPrivateProfileStringA() retval=00000016 ret=0040ed42
1498184.507:00ec:00f0:Call KERNEL32.GetPrivateProfileStringA(004c07d8 "ZONES",0022f1fc "3102",004e749c "",0022f23c,00000400,0022f21c "IAM\\ZONES.TAG") ret=0040ed42
1498184.507:00ec:00f0:Ret  KERNEL32.GetPrivateProfileStringA() retval=00000000 ret=0040ed42
1498184.507:00ec:00f0:Call KERNEL32.GetPrivateProfileStringA(004c07d8 "ZONES",0022f1fc "3104",004e749c "",0022f23c,00000400,0022f21c "IAM\\ZONES.TAG") ret=0040ed42
1498184.510:00ec:00f0:Ret  KERNEL32.GetPrivateProfileStringA() retval=00000000 ret=0040ed42
1498184.529:00ec:00f0:Call KERNEL32.GetPrivateProfileStringA(004c07d8 "ZONES",0022f1fc "3108",004e749c "",0022f23c,00000400,0022f21c "IAM\\ZONES.TAG") ret=0040ed42
1498184.532:00ec:00f0:Ret  KERNEL32.GetPrivateProfileStringA() retval=00000000 ret=0040ed42
1498184.533:00ec:00f0:Call KERNEL32.GetPrivateProfileStringA(004c07d8 "ZONES",0022f1fc "3101",004e749c "",0022f23c,00000400,0022f21c "IAM\\ZONES.TAG") ret=0040ed42
1498184.535:00ec:00f0:Ret  KERNEL32.GetPrivateProfileStringA() retval=00000000 ret=0040ed42
1498184.554:00ec:00f0:Call KERNEL32.GetPrivateProfileStringA(004c06c4 "VARIABLES",0022f1fc "560",004e749c "",0022f23c,00000400,0022f21c "IAM\\VARIABLES.TAG") ret=0040ed42
1498184.556:00ec:00f0:Ret  KERNEL32.GetPrivateProfileStringA() retval=0000000e ret=0040ed42
1498185.041:00ec:00f0:Call KERNEL32.GetPrivateProfileStringA(004c06c4 "VARIABLES",0022f1fc "70",004e749c "",0022f23c,00000400,0022f21c "IAM\\VARIABLES.TAG") ret=0040ed42
1498185.042:00ec:00f0:Ret  KERNEL32.GetPrivateProfileStringA() retval=00000010 ret=0040ed42
1498185.042:00ec:00f0:Call KERNEL32.GetPrivateProfileStringA(004c07e0 "ZONES",0022f1fc "3100",004e749c "",0022f23c,00000400,0022f21c "IAM\\ZONES.TAG") ret=0040ed42
1498185.042:00ec:00f0:Ret  KERNEL32.GetPrivateProfileStringA() retval=00000000 ret=0040ed42
1498185.043:00ec:00f0:Call KERNEL32.GetPrivateProfileStringA(004c07e0 "ZONES",0022f1fc "3107",004e749c "",0022f23c,00000400,0022f21c "IAM\\ZONES.TAG") ret=0040ed42
1498185.045:00ec:00f0:Ret  KERNEL32.GetPrivateProfileStringA() retval=00000000 ret=0040ed42
1498185.045:00ec:00f0:Call KERNEL32.GetPrivateProfileStringA(004c0898 "CAMERAS",0022f1f8 "3776",004e749c "",0022f238,00000400,0022f218 "IAM\\CAMERAS.TAG") ret=0040ed42
1498185.048:00ec:00f0:Ret  KERNEL32.GetPrivateProfileStringA() retval=00000000 ret=0040ed42
1498185.048:00ec:00f0:Call KERNEL32.GetPrivateProfileStringA(004c07f0 "ADDRESSES",0022f1fc "562",004e749c "",0022f23c,00000400,0022f21c "IAM\\ADDRESSES.TAG") ret=0040ed42
1498185.048:00ec:00f0:Ret  KERNEL32.GetPrivateProfileStringA() retval=0000000a ret=0040ed42
1498187.493:00ec:00f0:Call KERNEL32.GetPrivateProfileStringA(004c07cc "DIALOGS",0022f1fc "349",004e749c "",0022f23c,00000400,0022f21c "IAM\\DIALOGS.TAG") ret=0040ed42
1498187.494:00ec:00f0:Ret  KERNEL32.GetPrivateProfileStringA() retval=0000000d ret=0040ed42
1498188.156:00ec:00f0:Call KERNEL32.GetPrivateProfileStringA(004c06e4 "VARIABLES",0022f118 "553",004e749c "",0022f158,00000400,0022f138 "IAM\\VARIABLES.TAG") ret=0040ed42
1498188.157:00ec:00f0:Ret  KERNEL32.GetPrivateProfileStringA() retval=0000000a ret=0040ed42
1498188.533:00ec:00f0:Call KERNEL32.GetPrivateProfileStringA(004c06e4 "VARIABLES",0022f118 "558",004e749c "",0022f158,00000400,0022f138 "IAM\\VARIABLES.TAG") ret=0040ed42
1498188.533:00ec:00f0:Ret  KERNEL32.GetPrivateProfileStringA() retval=0000000d ret=0040ed42
1498188.750:00ec:00f0:Call KERNEL32.GetPrivateProfileStringA(004c06c4 "VARIABLES",0022f100 "553",004e749c "",0022f140,00000400,0022f120 "IAM\\VARIABLES.TAG") ret=0040ed42
1498188.750:00ec:00f0:Ret  KERNEL32.GetPrivateProfileStringA() retval=0000000a ret=0040ed42
1498189.348:00ec:00f0:Call KERNEL32.GetPrivateProfileStringA(004c06c4 "VARIABLES",0022f100 "16",004e749c "",0022f140,00000400,0022f120 "IAM\\VARIABLES.TAG") ret=0040ed42
1498189.348:00ec:00f0:Ret  KERNEL32.GetPrivateProfileStringA() retval=00000016 ret=0040ed42
1498189.648:00ec:00f0:Call KERNEL32.GetPrivateProfileStringA(004c06c4 "VARIABLES",0022f100 "16",004e749c "",0022f140,00000400,0022f120 "IAM\\VARIABLES.TAG") ret=0040ed42
1498189.649:00ec:00f0:Ret  KERNEL32.GetPrivateProfileStringA() retval=00000016 ret=0040ed42
1498190.197:00ec:00f0:Call KERNEL32.GetPrivateProfileStringA(004c06e4 "VARIABLES",0022f200 "10",004e749c "",0022f240,00000400,0022f220 "IAM\\VARIABLES.TAG") ret=0040ed42
1498190.197:00ec:00f0:Ret  KERNEL32.GetPrivateProfileStringA() retval=00000014 ret=0040ed42
1498190.197:00ec:00f0:Call KERNEL32.GetPrivateProfileStringA(004c07d8 "ZONES",0022f1fc "3062",004e749c "",0022f23c,00000400,0022f21c "IAM\\ZONES.TAG") ret=0040ed42
1498190.197:00ec:00f0:Ret  KERNEL32.GetPrivateProfileStringA() retval=00000000 ret=0040ed42
1498190.197:00ec:00f0:Call KERNEL32.GetPrivateProfileStringA(004c07d8 "ZONES",0022f1fc "3063",004e749c "",0022f23c,00000400,0022f21c "IAM\\ZONES.TAG") ret=0040ed42
1498190.200:00ec:00f0:Ret  KERNEL32.GetPrivateProfileStringA() retval=00000000 ret=0040ed42
1498190.202:00ec:00f0:Call KERNEL32.GetPrivateProfileStringA(004c07d8 "ZONES",0022f1fc "3099",004e749c "",0022f23c,00000400,0022f21c "IAM\\ZONES.TAG") ret=0040ed42
1498190.203:00ec:00f0:Ret  KERNEL32.GetPrivateProfileStringA() retval=00000000 ret=0040ed42
1498190.203:00ec:00f0:Call KERNEL32.GetPrivateProfileStringA(004c07e8 "SCENES",0022f1f0 "46",004e749c "",0022f230,00000400,0022f210 "IAM\\SCENES.TAG") ret=0040ed42
1498190.206:00ec:00f0:Ret  KERNEL32.GetPrivateProfileStringA() retval=00000018 ret=0040ed42
1498190.213:00ec:00f0:Call KERNEL32.GetPrivateProfileStringA(004c07d8 "ZONES",0022f1fc "3105",004e749c "",0022f23c,00000400,0022f21c "IAM\\ZONES.TAG") ret=0040ed42
1498190.214:00ec:00f0:Ret  KERNEL32.GetPrivateProfileStringA() retval=00000000 ret=0040ed42
1498190.214:00ec:00f0:Call KERNEL32.GetPrivateProfileStringA(004c07d8 "ZONES",0022f1fc "3097",004e749c "",0022f23c,00000400,0022f21c "IAM\\ZONES.TAG") ret=0040ed42
1498190.218:00ec:00f0:Ret  KERNEL32.GetPrivateProfileStringA() retval=00000000 ret=0040ed42
1498190.218:00ec:00f0:Call KERNEL32.GetPrivateProfileStringA(004c07e0 "ZONES",0022f1fc "2605",004e749c "",0022f23c,00000400,0022f21c "IAM\\ZONES.TAG") ret=0040ed42
1498190.221:00ec:00f0:Ret  KERNEL32.GetPrivateProfileStringA() retval=00000018 ret=0040ed42
1498190.238:00ec:00f0:Call KERNEL32.GetPrivateProfileStringA(004c0898 "CAMERAS",0022f1f8 "3796",004e749c "",0022f238,00000400,0022f218 "IAM\\CAMERAS.TAG") ret=0040ed42
1498190.240:00ec:00f0:Ret  KERNEL32.GetPrivateProfileStringA() retval=00000000 ret=0040ed42
1498190.322:00ec:00f0:Call KERNEL32.GetPrivateProfileStringA(004c06c4 "VARIABLES",0022f1fc "22",004e749c "",0022f23c,00000400,0022f21c "IAM\\VARIABLES.TAG") ret=0040ed42
1498190.322:00ec:00f0:Ret  KERNEL32.GetPrivateProfileStringA() retval=00000006 ret=0040ed42
1498190.322:00ec:00f0:Call KERNEL32.GetPrivateProfileStringA(004c06c4 "VARIABLES",0022f1fc "119",004e749c "",0022f23c,00000400,0022f21c "IAM\\VARIABLES.TAG") ret=0040ed42
1498190.323:00ec:00f0:Ret  KERNEL32.GetPrivateProfileStringA() retval=0000000d ret=0040ed42
1498190.323:00ec:00f0:Call KERNEL32.GetPrivateProfileStringA(004c0844 "OBJECTS",0022f0f4 "117",004e749c "",0022f134,00000400,0022f114 "IAM\\OBJECTS.TAG") ret=0040ed42
1498190.323:00ec:00f0:Ret  KERNEL32.GetPrivateProfileStringA() retval=0000000d ret=0040ed42
1498191.492:00ec:00f0:Call KERNEL32.GetPrivateProfileStringA(004c06c4 "VARIABLES",0022f1fc "22",004e749c "",0022f23c,00000400,0022f21c "IAM\\VARIABLES.TAG") ret=0040ed42
1498191.492:00ec:00f0:Ret  KERNEL32.GetPrivateProfileStringA() retval=00000006 ret=0040ed42
1498191.492:00ec:00f0:Call KERNEL32.GetPrivateProfileStringA(004c06c4 "VARIABLES",0022f1fc "119",004e749c "",0022f23c,00000400,0022f21c "IAM\\VARIABLES.TAG") ret=0040ed42
1498191.492:00ec:00f0:Ret  KERNEL32.GetPrivateProfileStringA() retval=0000000d ret=0040ed42
1498191.492:00ec:00f0:Call KERNEL32.GetPrivateProfileStringA(004c0844 "OBJECTS",0022f0f4 "116",004e749c "",0022f134,00000400,0022f114 "IAM\\OBJECTS.TAG") ret=0040ed42
1498191.492:00ec:00f0:Ret  KERNEL32.GetPrivateProfileStringA() retval=00000016 ret=0040ed42
1498192.872:00ec:00f0:Call KERNEL32.GetPrivateProfileStringA(004c0844 "OBJECTS",0022f0f4 "574",004e749c "",0022f134,00000400,0022f114 "IAM\\OBJECTS.TAG") ret=0040ed42
1498192.873:00ec:00f0:Ret  KERNEL32.GetPrivateProfileStringA() retval=0000001e ret=0040ed42
1498196.520:00ec:00f0:Call KERNEL32.GetPrivateProfileStringA(004c0898 "CAMERAS",0022f1f8 "6",004e749c "",0022f238,00000400,0022f218 "IAM\\CAMERAS.TAG") ret=0040ed42
1498196.522:00ec:00f0:Ret  KERNEL32.GetPrivateProfileStringA() retval=0000001b ret=0040ed42
1498196.919:00ec:00f0:Call KERNEL32.GetPrivateProfileStringA(004c0898 "CAMERAS",0022f1f8 "6",004e749c "",0022f238,00000400,0022f218 "IAM\\CAMERAS.TAG") ret=0040ed42
1498196.922:00ec:00f0:Ret  KERNEL32.GetPrivateProfileStringA() retval=0000001b ret=0040ed42
1498201.513:00ec:00f0:Call KERNEL32.GetPrivateProfileStringA(004c0898 "CAMERAS",0022f1f8 "3754",004e749c "",0022f238,00000400,0022f218 "IAM\\CAMERAS.TAG") ret=0040ed42
1498201.514:00ec:00f0:Ret  KERNEL32.GetPrivateProfileStringA() retval=00000000 ret=0040ed42
1498202.439:00ec:00f0:Call KERNEL32.GetPrivateProfileStringA(004c0790 "AREAS",0022f1f4 "157",004e749c "",0022f234,00000400,0022f214 "IAM\\AREAS.TAG") ret=0040ed42
1498202.440:00ec:00f0:Ret  KERNEL32.GetPrivateProfileStringA() retval=00000010 ret=0040ed42
1498203.183:00ec:00f0:Call KERNEL32.GetPrivateProfileStringA(004c07e0 "ZONES",0022f1fc "2642",004e749c "",0022f23c,00000400,0022f21c "IAM\\ZONES.TAG") ret=0040ed42
1498203.183:00ec:00f0:Ret  KERNEL32.GetPrivateProfileStringA() retval=00000011 ret=0040ed42
1498203.183:00ec:00f0:Call KERNEL32.GetPrivateProfileStringA(004c07f0 "ADDRESSES",0022f1fc "476",004e749c "",0022f23c,00000400,0022f21c "IAM\\ADDRESSES.TAG") ret=0040ed42
1498203.186:00ec:00f0:Ret  KERNEL32.GetPrivateProfileStringA() retval=0000000d ret=0040ed42
1498203.186:00ec:00f0:Call KERNEL32.GetPrivateProfileStringA(004c08a0 "CAMERAS",0022f1f0 "3075",004e749c "",0022f230,00000400,0022f210 "IAM\\CAMERAS.TAG") ret=0040ed42
1498203.187:00ec:00f0:Ret  KERNEL32.GetPrivateProfileStringA() retval=00000000 ret=0040ed42
1498205.254:00ec:00f0:Call KERNEL32.GetPrivateProfileStringA(004c0844 "OBJECTS",0022f0f4 "534",004e749c "",0022f134,00000400,0022f114 "IAM\\OBJECTS.TAG") ret=0040ed42
1498205.254:00ec:00f0:Ret  KERNEL32.GetPrivateProfileStringA() retval=00000017 ret=0040ed42
1498205.255:00ec:00f0:Call KERNEL32.GetPrivateProfileStringA(004c07cc "DIALOGS",0022f1fc "330",004e749c "",0022f23c,00000400,0022f21c "IAM\\DIALOGS.TAG") ret=0040ed42
1498205.256:00ec:00f0:Ret  KERNEL32.GetPrivateProfileStringA() retval=00000014 ret=0040ed42
1498210.666:00ec:00f0:Call KERNEL32.GetPrivateProfileStringA(004c07d8 "ZONES",0022f1fc "2605",004e749c "",0022f23c,00000400,0022f21c "IAM\\ZONES.TAG") ret=0040ed42
1498210.666:00ec:00f0:Ret  KERNEL32.GetPrivateProfileStringA() retval=00000018 ret=0040ed42
1498210.666:00ec:00f0:Call KERNEL32.GetPrivateProfileStringA(004c0898 "CAMERAS",0022f1f8 "3022",004e749c "",0022f238,00000400,0022f218 "IAM\\CAMERAS.TAG") ret=0040ed42
1498210.669:00ec:00f0:Ret  KERNEL32.GetPrivateProfileStringA() retval=00000000 ret=0040ed42
1498210.670:00ec:00f0:Call KERNEL32.GetPrivateProfileStringA(004c082c "ADDRESSES",0022f1fc "5",004e749c "",0022f23c,00000400,0022f21c "IAM\\ADDRESSES.TAG") ret=0040ed42
1498210.670:00ec:00f0:Ret  KERNEL32.GetPrivateProfileStringA() retval=0000001f ret=0040ed42
1498210.670:00ec:00f0:Call KERNEL32.GetPrivateProfileStringA(004c0c10 "OBJECTS",0022f1f8 "342",004e749c "",0022f238,00000400,0022f218 "IAM\\OBJECTS.TAG") ret=0040ed42
1498210.670:00ec:00f0:Ret  KERNEL32.GetPrivateProfileStringA() retval=00000014 ret=0040ed42
1498210.671:00ec:00f0:Call KERNEL32.GetPrivateProfileStringA(004c06e4 "VARIABLES",0022f200 "38",004e749c "",0022f240,00000400,0022f220 "IAM\\VARIABLES.TAG") ret=0040ed42
1498210.671:00ec:00f0:Ret  KERNEL32.GetPrivateProfileStringA() retval=00000017 ret=0040ed42
1498210.671:00ec:00f0:Call KERNEL32.GetPrivateProfileStringA(004c07e8 "SCENES",0022f1f0 "53",004e749c "",0022f230,00000400,0022f210 "IAM\\SCENES.TAG") ret=0040ed42
1498210.671:00ec:00f0:Ret  KERNEL32.GetPrivateProfileStringA() retval=00000010 ret=0040ed42
1498210.696:00ec:00f0:Call KERNEL32.GetPrivateProfileStringA(004c0898 "CAMERAS",0022f1f8 "3022",004e749c "",0022f238,00000400,0022f218 "IAM\\CAMERAS.TAG") ret=0040ed42
1498210.698:00ec:00f0:Ret  KERNEL32.GetPrivateProfileStringA() retval=00000000 ret=0040ed42
1498211.749:00ec:00f0:Call KERNEL32.GetPrivateProfileStringA(004c0898 "CAMERAS",0022f1f8 "3003",004e749c "",0022f238,00000400,0022f218 "IAM\\CAMERAS.TAG") ret=0040ed42
1498211.749:00ec:00f0:Ret  KERNEL32.GetPrivateProfileStringA() retval=00000000 ret=0040ed42
1498213.065:00ec:00f0:Call KERNEL32.GetPrivateProfileStringA(004c07d8 "ZONES",0022f1fc "2560",004e749c "",0022f23c,00000400,0022f21c "IAM\\ZONES.TAG") ret=0040ed42
1498213.066:00ec:00f0:Ret  KERNEL32.GetPrivateProfileStringA() retval=00000015 ret=0040ed42
1498214.286:00ec:00f0:Call KERNEL32.GetPrivateProfileStringA(004c07e0 "ZONES",0022f1fc "2528",004e749c "",0022f23c,00000400,0022f21c "IAM\\ZONES.TAG") ret=0040ed42
1498214.290:00ec:00f0:Ret  KERNEL32.GetPrivateProfileStringA() retval=00000015 ret=0040ed42
1498215.240:00ec:00f0:Call KERNEL32.GetPrivateProfileStringA(004c0898 "CAMERAS",0022f1f8 "2994",004e749c "",0022f238,00000400,0022f218 "IAM\\CAMERAS.TAG") ret=0040ed42
1498215.241:00ec:00f0:Ret  KERNEL32.GetPrivateProfileStringA() retval=00000000 ret=0040ed42
1498215.241:00ec:00f0:Call KERNEL32.GetPrivateProfileStringA(004c07d8 "ZONES",0022f1fc "2560",004e749c "",0022f23c,00000400,0022f21c "IAM\\ZONES.TAG") ret=0040ed42
1498215.241:00ec:00f0:Ret  KERNEL32.GetPrivateProfileStringA() retval=00000015 ret=0040ed42
1498215.243:00ec:00f0:Call KERNEL32.GetPrivateProfileStringA(004c07d8 "ZONES",0022f1fc "2528",004e749c "",0022f23c,00000400,0022f21c "IAM\\ZONES.TAG") ret=0040ed42
1498215.244:00ec:00f0:Ret  KERNEL32.GetPrivateProfileStringA() retval=00000015 ret=0040ed42
1498216.703:00ec:00f0:Call KERNEL32.GetPrivateProfileStringA(004c0898 "CAMERAS",0022f1f8 "2991",004e749c "",0022f238,00000400,0022f218 "IAM\\CAMERAS.TAG") ret=0040ed42
1498216.705:00ec:00f0:Ret  KERNEL32.GetPrivateProfileStringA() retval=00000000 ret=0040ed42
1498217.600:00ec:00f0:Call KERNEL32.GetPrivateProfileStringA(004c06c4 "VARIABLES",0022f1fc "496",004e749c "",0022f23c,00000400,0022f21c "IAM\\VARIABLES.TAG") ret=0040ed42
1498217.601:00ec:00f0:Ret  KERNEL32.GetPrivateProfileStringA() retval=00000005 ret=0040ed42
1498218.968:00ec:00f0:Call KERNEL32.GetPrivateProfileStringA(004c07f0 "ADDRESSES",0022f1fc "445",004e749c "",0022f23c,00000400,0022f21c "IAM\\ADDRESSES.TAG") ret=0040ed42
1498218.972:00ec:00f0:Ret  KERNEL32.GetPrivateProfileStringA() retval=00000016 ret=0040ed42
1498218.991:00ec:00f0:Call KERNEL32.GetPrivateProfileStringA(004c07d8 "ZONES",0022f1fc "2522",004e749c "",0022f23c,00000400,0022f21c "IAM\\ZONES.TAG") ret=0040ed42
1498218.992:00ec:00f0:Ret  KERNEL32.GetPrivateProfileStringA() retval=00000014 ret=0040ed42
1498218.993:00ec:00f0:Call KERNEL32.GetPrivateProfileStringA(004c07d8 "ZONES",0022f1fc "2554",004e749c "",0022f23c,00000400,0022f21c "IAM\\ZONES.TAG") ret=0040ed42
1498218.995:00ec:00f0:Ret  KERNEL32.GetPrivateProfileStringA() retval=00000014 ret=0040ed42
1498218.995:00ec:00f0:Call KERNEL32.GetPrivateProfileStringA(004c0898 "CAMERAS",0022f1f8 "2979",004e749c "",0022f238,00000400,0022f218 "IAM\\CAMERAS.TAG") ret=0040ed42
1498218.998:00ec:00f0:Ret  KERNEL32.GetPrivateProfileStringA() retval=00000000 ret=0040ed42
1498220.028:00ec:00f0:Call KERNEL32.GetPrivateProfileStringA(004c0898 "CAMERAS",0022f1f8 "3006",004e749c "",0022f238,00000400,0022f218 "IAM\\CAMERAS.TAG") ret=0040ed42
1498220.029:00ec:00f0:Ret  KERNEL32.GetPrivateProfileStringA() retval=00000000 ret=0040ed42
1498220.182:00ec:00f0:Call KERNEL32.GetPrivateProfileStringA(004c07e0 "ZONES",0022f1fc "2554",004e749c "",0022f23c,00000400,0022f21c "IAM\\ZONES.TAG") ret=0040ed42
1498220.183:00ec:00f0:Ret  KERNEL32.GetPrivateProfileStringA() retval=00000014 ret=0040ed42
1498220.366:00ec:00f0:Call KERNEL32.GetPrivateProfileStringA(004c06c4 "VARIABLES",0022f1fc "86",004e749c "",0022f23c,00000400,0022f21c "IAM\\VARIABLES.TAG") ret=0040ed42
1498220.367:00ec:00f0:Ret  KERNEL32.GetPrivateProfileStringA() retval=00000014 ret=0040ed42
1498220.763:00ec:00f0:Call KERNEL32.GetPrivateProfileStringA(004c0898 "CAMERAS",0022f1f8 "6",004e749c "",0022f238,00000400,0022f218 "IAM\\CAMERAS.TAG") ret=0040ed42
1498220.765:00ec:00f0:Ret  KERNEL32.GetPrivateProfileStringA() retval=0000001b ret=0040ed42
1498221.654:00ec:00f0:Call KERNEL32.GetPrivateProfileStringA(004c0898 "CAMERAS",0022f1f8 "6",004e749c "",0022f238,00000400,0022f218 "IAM\\CAMERAS.TAG") ret=0040ed42
1498221.654:00ec:00f0:Ret  KERNEL32.GetPrivateProfileStringA() retval=0000001b ret=0040ed42
1498221.995:00ec:00f0:Call KERNEL32.GetPrivateProfileStringA(004c07d8 "ZONES",0022f1fc "2576",004e749c "",0022f23c,00000400,0022f21c "IAM\\ZONES.TAG") ret=0040ed42
1498221.997:00ec:00f0:Ret  KERNEL32.GetPrivateProfileStringA() retval=00000010 ret=0040ed42
1498221.997:00ec:00f0:Call KERNEL32.GetPrivateProfileStringA(004c0790 "AREAS",0022f1f4 "218",004e749c "",0022f234,00000400,0022f214 "IAM\\AREAS.TAG") ret=0040ed42
1498222.000:00ec:00f0:Ret  KERNEL32.GetPrivateProfileStringA() retval=0000000e ret=0040ed42
1498222.964:00ec:00f0:Call KERNEL32.GetPrivateProfileStringA(004c0898 "CAMERAS",0022f1f8 "4222",004e749c "",0022f238,00000400,0022f218 "IAM\\CAMERAS.TAG") ret=0040ed42
1498222.965:00ec:00f0:Ret  KERNEL32.GetPrivateProfileStringA() retval=00000000 ret=0040ed42
1498223.006:00ec:00f0:Call KERNEL32.GetPrivateProfileStringA(004c0790 "AREAS",0022f1f4 "0",004e749c "",0022f234,00000400,0022f214 "IAM\\AREAS.TAG") ret=0040ed42
1498223.006:00ec:00f0:Ret  KERNEL32.GetPrivateProfileStringA() retval=00000007 ret=0040ed42
1498223.014:00ec:00f0:Call KERNEL32.GetPrivateProfileStringA(004c0790 "AREAS",0022f1f4 "0",004e749c "",0022f234,00000400,0022f214 "IAM\\AREAS.TAG") ret=0040ed42
1498223.015:00ec:00f0:Ret  KERNEL32.GetPrivateProfileStringA() retval=00000007 ret=0040ed42
1498223.022:00ec:00f0:Call KERNEL32.GetPrivateProfileStringA(004c0790 "AREAS",0022f1f4 "0",004e749c "",0022f234,00000400,0022f214 "IAM\\AREAS.TAG") ret=0040ed42
1498223.023:00ec:00f0:Ret  KERNEL32.GetPrivateProfileStringA() retval=00000007 ret=0040ed42
1498223.031:00ec:00f0:Call KERNEL32.GetPrivateProfileStringA(004c0790 "AREAS",0022f1f4 "0",004e749c "",0022f234,00000400,0022f214 "IAM\\AREAS.TAG") ret=0040ed42
1498223.031:00ec:00f0:Ret  KERNEL32.GetPrivateProfileStringA() retval=00000007 ret=0040ed42
1498223.039:00ec:00f0:Call KERNEL32.GetPrivateProfileStringA(004c0790 "AREAS",0022f1f4 "0",004e749c "",0022f234,00000400,0022f214 "IAM\\AREAS.TAG") ret=0040ed42
1498223.039:00ec:00f0:Ret  KERNEL32.GetPrivateProfileStringA() retval=00000007 ret=0040ed42
1498223.047:00ec:00f0:Call KERNEL32.GetPrivateProfileStringA(004c0790 "AREAS",0022f1f4 "0",004e749c "",0022f234,00000400,0022f214 "IAM\\AREAS.TAG") ret=0040ed42
1498223.048:00ec:00f0:Ret  KERNEL32.GetPrivateProfileStringA() retval=00000007 ret=0040ed42
1498223.056:00ec:00f0:Call KERNEL32.GetPrivateProfileStringA(004c0790 "AREAS",0022f1f4 "0",004e749c "",0022f234,00000400,0022f214 "IAM\\AREAS.TAG") ret=0040ed42
1498223.056:00ec:00f0:Ret  KERNEL32.GetPrivateProfileStringA() retval=00000007 ret=0040ed42
1498223.064:00ec:00f0:Call KERNEL32.GetPrivateProfileStringA(004c0790 "AREAS",0022f1f4 "0",004e749c "",0022f234,00000400,0022f214 "IAM\\AREAS.TAG") ret=0040ed42
1498223.064:00ec:00f0:Ret  KERNEL32.GetPrivateProfileStringA() retval=00000007 ret=0040ed42
1498223.073:00ec:00f0:Call KERNEL32.GetPrivateProfileStringA(004c0790 "AREAS",0022f1f4 "0",004e749c "",0022f234,00000400,0022f214 "IAM\\AREAS.TAG") ret=0040ed42
1498223.073:00ec:00f0:Ret  KERNEL32.GetPrivateProfileStringA() retval=00000007 ret=0040ed42
1498223.081:00ec:00f0:Call KERNEL32.GetPrivateProfileStringA(004c0790 "AREAS",0022f1f4 "0",004e749c "",0022f234,00000400,0022f214 "IAM\\AREAS.TAG") ret=0040ed42
1498223.082:00ec:00f0:Ret  KERNEL32.GetPrivateProfileStringA() retval=00000007 ret=0040ed42
1498223.089:00ec:00f0:Call KERNEL32.GetPrivateProfileStringA(004c0790 "AREAS",0022f1f4 "0",004e749c "",0022f234,00000400,0022f214 "IAM\\AREAS.TAG") ret=0040ed42
1498223.090:00ec:00f0:Ret  KERNEL32.GetPrivateProfileStringA() retval=00000007 ret=0040ed42
1498223.097:00ec:00f0:Call KERNEL32.GetPrivateProfileStringA(004c0790 "AREAS",0022f1f4 "0",004e749c "",0022f234,00000400,0022f214 "IAM\\AREAS.TAG") ret=0040ed42
1498223.098:00ec:00f0:Ret  KERNEL32.GetPrivateProfileStringA() retval=00000007 ret=0040ed42
1498223.105:00ec:00f0:Call KERNEL32.GetPrivateProfileStringA(004c0790 "AREAS",0022f1f4 "0",004e749c "",0022f234,00000400,0022f214 "IAM\\AREAS.TAG") ret=0040ed42
1498223.106:00ec:00f0:Ret  KERNEL32.GetPrivateProfileStringA() retval=00000007 ret=0040ed42
1498223.113:00ec:00f0:Call KERNEL32.GetPrivateProfileStringA(004c0790 "AREAS",0022f1f4 "0",004e749c "",0022f234,00000400,0022f214 "IAM\\AREAS.TAG") ret=0040ed42
1498223.115:00ec:00f0:Ret  KERNEL32.GetPrivateProfileStringA() retval=00000007 ret=0040ed42
1498223.122:00ec:00f0:Call KERNEL32.GetPrivateProfileStringA(004c0790 "AREAS",0022f1f4 "0",004e749c "",0022f234,00000400,0022f214 "IAM\\AREAS.TAG") ret=0040ed42
1498223.123:00ec:00f0:Ret  KERNEL32.GetPrivateProfileStringA() retval=00000007 ret=0040ed42
1498223.130:00ec:00f0:Call KERNEL32.GetPrivateProfileStringA(004c0790 "AREAS",0022f1f4 "0",004e749c "",0022f234,00000400,0022f214 "IAM\\AREAS.TAG") ret=0040ed42
1498223.131:00ec:00f0:Ret  KERNEL32.GetPrivateProfileStringA() retval=00000007 ret=0040ed42
1498223.138:00ec:00f0:Call KERNEL32.GetPrivateProfileStringA(004c0790 "AREAS",0022f1f4 "0",004e749c "",0022f234,00000400,0022f214 "IAM\\AREAS.TAG") ret=0040ed42
1498223.140:00ec:00f0:Ret  KERNEL32.GetPrivateProfileStringA() retval=00000007 ret=0040ed42
1498223.147:00ec:00f0:Call KERNEL32.GetPrivateProfileStringA(004c0790 "AREAS",0022f1f4 "0",004e749c "",0022f234,00000400,0022f214 "IAM\\AREAS.TAG") ret=0040ed42
1498223.148:00ec:00f0:Ret  KERNEL32.GetPrivateProfileStringA() retval=00000007 ret=0040ed42
1498223.155:00ec:00f0:Call KERNEL32.GetPrivateProfileStringA(004c0790 "AREAS",0022f1f4 "0",004e749c "",0022f234,00000400,0022f214 "IAM\\AREAS.TAG") ret=0040ed42
1498223.156:00ec:00f0:Ret  KERNEL32.GetPrivateProfileStringA() retval=00000007 ret=0040ed42
1498223.163:00ec:00f0:Call KERNEL32.GetPrivateProfileStringA(004c0790 "AREAS",0022f1f4 "0",004e749c "",0022f234,00000400,0022f214 "IAM\\AREAS.TAG") ret=0040ed42
1498223.164:00ec:00f0:Ret  KERNEL32.GetPrivateProfileStringA() retval=00000007 ret=0040ed42
1498223.173:00ec:00f0:Call KERNEL32.GetPrivateProfileStringA(004c0790 "AREAS",0022f1f4 "0",004e749c "",0022f234,00000400,0022f214 "IAM\\AREAS.TAG") ret=0040ed42
1498223.173:00ec:00f0:Ret  KERNEL32.GetPrivateProfileStringA() retval=00000007 ret=0040ed42
1498223.181:00ec:00f0:Call KERNEL32.GetPrivateProfileStringA(004c0790 "AREAS",0022f1f4 "0",004e749c "",0022f234,00000400,0022f214 "IAM\\AREAS.TAG") ret=0040ed42
1498223.181:00ec:00f0:Ret  KERNEL32.GetPrivateProfileStringA() retval=00000007 ret=0040ed42
1498223.188:00ec:00f0:Call KERNEL32.GetPrivateProfileStringA(004c0790 "AREAS",0022f1f4 "0",004e749c "",0022f234,00000400,0022f214 "IAM\\AREAS.TAG") ret=0040ed42
1498223.189:00ec:00f0:Ret  KERNEL32.GetPrivateProfileStringA() retval=00000007 ret=0040ed42
1498223.196:00ec:00f0:Call KERNEL32.GetPrivateProfileStringA(004c0790 "AREAS",0022f1f4 "0",004e749c "",0022f234,00000400,0022f214 "IAM\\AREAS.TAG") ret=0040ed42
1498223.197:00ec:00f0:Ret  KERNEL32.GetPrivateProfileStringA() retval=00000007 ret=0040ed42
1498223.204:00ec:00f0:Call KERNEL32.GetPrivateProfileStringA(004c0790 "AREAS",0022f1f4 "0",004e749c "",0022f234,00000400,0022f214 "IAM\\AREAS.TAG") ret=0040ed42
1498223.205:00ec:00f0:Ret  KERNEL32.GetPrivateProfileStringA() retval=00000007 ret=0040ed42
1498223.213:00ec:00f0:Call KERNEL32.GetPrivateProfileStringA(004c0790 "AREAS",0022f1f4 "0",004e749c "",0022f234,00000400,0022f214 "IAM\\AREAS.TAG") ret=0040ed42
1498223.214:00ec:00f0:Ret  KERNEL32.GetPrivateProfileStringA() retval=00000007 ret=0040ed42
1498223.221:00ec:00f0:Call KERNEL32.GetPrivateProfileStringA(004c0790 "AREAS",0022f1f4 "0",004e749c "",0022f234,00000400,0022f214 "IAM\\AREAS.TAG") ret=0040ed42
1498223.222:00ec:00f0:Ret  KERNEL32.GetPrivateProfileStringA() retval=00000007 ret=0040ed42
1498223.229:00ec:00f0:Call KERNEL32.GetPrivateProfileStringA(004c0790 "AREAS",0022f1f4 "0",004e749c "",0022f234,00000400,0022f214 "IAM\\AREAS.TAG") ret=0040ed42
1498223.230:00ec:00f0:Ret  KERNEL32.GetPrivateProfileStringA() retval=00000007 ret=0040ed42
1498223.237:00ec:00f0:Call KERNEL32.GetPrivateProfileStringA(004c0790 "AREAS",0022f1f4 "0",004e749c "",0022f234,00000400,0022f214 "IAM\\AREAS.TAG") ret=0040ed42
1498223.238:00ec:00f0:Ret  KERNEL32.GetPrivateProfileStringA() retval=00000007 ret=0040ed42
1498223.245:00ec:00f0:Call KERNEL32.GetPrivateProfileStringA(004c0790 "AREAS",0022f1f4 "0",004e749c "",0022f234,00000400,0022f214 "IAM\\AREAS.TAG") ret=0040ed42
1498223.247:00ec:00f0:Ret  KERNEL32.GetPrivateProfileStringA() retval=00000007 ret=0040ed42
1498223.254:00ec:00f0:Call KERNEL32.GetPrivateProfileStringA(004c0790 "AREAS",0022f1f4 "0",004e749c "",0022f234,00000400,0022f214 "IAM\\AREAS.TAG") ret=0040ed42
1498223.255:00ec:00f0:Ret  KERNEL32.GetPrivateProfileStringA() retval=00000007 ret=0040ed42
1498223.263:00ec:00f0:Call KERNEL32.GetPrivateProfileStringA(004c0790 "AREAS",0022f1f4 "0",004e749c "",0022f234,00000400,0022f214 "IAM\\AREAS.TAG") ret=0040ed42
1498223.263:00ec:00f0:Ret  KERNEL32.GetPrivateProfileStringA() retval=00000007 ret=0040ed42
1498223.270:00ec:00f0:Call KERNEL32.GetPrivateProfileStringA(004c0790 "AREAS",0022f1f4 "0",004e749c "",0022f234,00000400,0022f214 "IAM\\AREAS.TAG") ret=0040ed42
1498223.272:00ec:00f0:Ret  KERNEL32.GetPrivateProfileStringA() retval=00000007 ret=0040ed42
1498223.278:00ec:00f0:Call KERNEL32.GetPrivateProfileStringA(004c0790 "AREAS",0022f1f4 "0",004e749c "",0022f234,00000400,0022f214 "IAM\\AREAS.TAG") ret=0040ed42
1498223.280:00ec:00f0:Ret  KERNEL32.GetPrivateProfileStringA() retval=00000007 ret=0040ed42
1498223.287:00ec:00f0:Call KERNEL32.GetPrivateProfileStringA(004c0790 "AREAS",0022f1f4 "0",004e749c "",0022f234,00000400,0022f214 "IAM\\AREAS.TAG") ret=0040ed42
1498223.288:00ec:00f0:Ret  KERNEL32.GetPrivateProfileStringA() retval=00000007 ret=0040ed42
1498223.295:00ec:00f0:Call KERNEL32.GetPrivateProfileStringA(004c0790 "AREAS",0022f1f4 "0",004e749c "",0022f234,00000400,0022f214 "IAM\\AREAS.TAG") ret=0040ed42
1498223.297:00ec:00f0:Ret  KERNEL32.GetPrivateProfileStringA() retval=00000007 ret=0040ed42
1498223.304:00ec:00f0:Call KERNEL32.GetPrivateProfileStringA(004c0790 "AREAS",0022f1f4 "0",004e749c "",0022f234,00000400,0022f214 "IAM\\AREAS.TAG") ret=0040ed42
1498223.305:00ec:00f0:Ret  KERNEL32.GetPrivateProfileStringA() retval=00000007 ret=0040ed42
1498223.312:00ec:00f0:Call KERNEL32.GetPrivateProfileStringA(004c0790 "AREAS",0022f1f4 "0",004e749c "",0022f234,00000400,0022f214 "IAM\\AREAS.TAG") ret=0040ed42
1498223.313:00ec:00f0:Ret  KERNEL32.GetPrivateProfileStringA() retval=00000007 ret=0040ed42
1498223.320:00ec:00f0:Call KERNEL32.GetPrivateProfileStringA(004c0790 "AREAS",0022f1f4 "0",004e749c "",0022f234,00000400,0022f214 "IAM\\AREAS.TAG") ret=0040ed42
1498223.323:00ec:00f0:Ret  KERNEL32.GetPrivateProfileStringA() retval=00000007 ret=0040ed42
1498223.330:00ec:00f0:Call KERNEL32.GetPrivateProfileStringA(004c0790 "AREAS",0022f1f4 "0",004e749c "",0022f234,00000400,0022f214 "IAM\\AREAS.TAG") ret=0040ed42
1498223.333:00ec:00f0:Ret  KERNEL32.GetPrivateProfileStringA() retval=00000007 ret=0040ed42
1498223.340:00ec:00f0:Call KERNEL32.GetPrivateProfileStringA(004c0790 "AREAS",0022f1f4 "0",004e749c "",0022f234,00000400,0022f214 "IAM\\AREAS.TAG") ret=0040ed42
1498223.341:00ec:00f0:Ret  KERNEL32.GetPrivateProfileStringA() retval=00000007 ret=0040ed42
1498223.348:00ec:00f0:Call KERNEL32.GetPrivateProfileStringA(004c0790 "AREAS",0022f1f4 "0",004e749c "",0022f234,00000400,0022f214 "IAM\\AREAS.TAG") ret=0040ed42
1498223.349:00ec:00f0:Ret  KERNEL32.GetPrivateProfileStringA() retval=00000007 ret=0040ed42
1498223.356:00ec:00f0:Call KERNEL32.GetPrivateProfileStringA(004c0790 "AREAS",0022f1f4 "0",004e749c "",0022f234,00000400,0022f214 "IAM\\AREAS.TAG") ret=0040ed42
1498223.357:00ec:00f0:Ret  KERNEL32.GetPrivateProfileStringA() retval=00000007 ret=0040ed42
1498223.364:00ec:00f0:Call KERNEL32.GetPrivateProfileStringA(004c0790 "AREAS",0022f1f4 "0",004e749c "",0022f234,00000400,0022f214 "IAM\\AREAS.TAG") ret=0040ed42
1498223.365:00ec:00f0:Ret  KERNEL32.GetPrivateProfileStringA() retval=00000007 ret=0040ed42
1498223.373:00ec:00f0:Call KERNEL32.GetPrivateProfileStringA(004c0790 "AREAS",0022f1f4 "0",004e749c "",0022f234,00000400,0022f214 "IAM\\AREAS.TAG") ret=0040ed42
1498223.374:00ec:00f0:Ret  KERNEL32.GetPrivateProfileStringA() retval=00000007 ret=0040ed42
1498223.381:00ec:00f0:Call KERNEL32.GetPrivateProfileStringA(004c0790 "AREAS",0022f1f4 "0",004e749c "",0022f234,00000400,0022f214 "IAM\\AREAS.TAG") ret=0040ed42
1498223.382:00ec:00f0:Ret  KERNEL32.GetPrivateProfileStringA() retval=00000007 ret=0040ed42
1498223.389:00ec:00f0:Call KERNEL32.GetPrivateProfileStringA(004c0790 "AREAS",0022f1f4 "0",004e749c "",0022f234,00000400,0022f214 "IAM\\AREAS.TAG") ret=0040ed42
1498223.391:00ec:00f0:Ret  KERNEL32.GetPrivateProfileStringA() retval=00000007 ret=0040ed42
1498223.398:00ec:00f0:Call KERNEL32.GetPrivateProfileStringA(004c0790 "AREAS",0022f1f4 "0",004e749c "",0022f234,00000400,0022f214 "IAM\\AREAS.TAG") ret=0040ed42
1498223.399:00ec:00f0:Ret  KERNEL32.GetPrivateProfileStringA() retval=00000007 ret=0040ed42
1498223.406:00ec:00f0:Call KERNEL32.GetPrivateProfileStringA(004c0790 "AREAS",0022f1f4 "0",004e749c "",0022f234,00000400,0022f214 "IAM\\AREAS.TAG") ret=0040ed42
1498223.407:00ec:00f0:Ret  KERNEL32.GetPrivateProfileStringA() retval=00000007 ret=0040ed42
1498223.415:00ec:00f0:Call KERNEL32.GetPrivateProfileStringA(004c0790 "AREAS",0022f1f4 "0",004e749c "",0022f234,00000400,0022f214 "IAM\\AREAS.TAG") ret=0040ed42
1498223.416:00ec:00f0:Ret  KERNEL32.GetPrivateProfileStringA() retval=00000007 ret=0040ed42
1498223.424:00ec:00f0:Call KERNEL32.GetPrivateProfileStringA(004c0790 "AREAS",0022f1f4 "0",004e749c "",0022f234,00000400,0022f214 "IAM\\AREAS.TAG") ret=0040ed42
1498223.424:00ec:00f0:Ret  KERNEL32.GetPrivateProfileStringA() retval=00000007 ret=0040ed42
1498223.432:00ec:00f0:Call KERNEL32.GetPrivateProfileStringA(004c0790 "AREAS",0022f1f4 "0",004e749c "",0022f234,00000400,0022f214 "IAM\\AREAS.TAG") ret=0040ed42
1498223.432:00ec:00f0:Ret  KERNEL32.GetPrivateProfileStringA() retval=00000007 ret=0040ed42
1498223.440:00ec:00f0:Call KERNEL32.GetPrivateProfileStringA(004c0790 "AREAS",0022f1f4 "0",004e749c "",0022f234,00000400,0022f214 "IAM\\AREAS.TAG") ret=0040ed42
1498223.440:00ec:00f0:Ret  KERNEL32.GetPrivateProfileStringA() retval=00000007 ret=0040ed42
1498223.448:00ec:00f0:Call KERNEL32.GetPrivateProfileStringA(004c0790 "AREAS",0022f1f4 "0",004e749c "",0022f234,00000400,0022f214 "IAM\\AREAS.TAG") ret=0040ed42
1498223.449:00ec:00f0:Ret  KERNEL32.GetPrivateProfileStringA() retval=00000007 ret=0040ed42
1498223.456:00ec:00f0:Call KERNEL32.GetPrivateProfileStringA(004c0790 "AREAS",0022f1f4 "0",004e749c "",0022f234,00000400,0022f214 "IAM\\AREAS.TAG") ret=0040ed42
1498223.458:00ec:00f0:Ret  KERNEL32.GetPrivateProfileStringA() retval=00000007 ret=0040ed42
1498223.465:00ec:00f0:Call KERNEL32.GetPrivateProfileStringA(004c0790 "AREAS",0022f1f4 "0",004e749c "",0022f234,00000400,0022f214 "IAM\\AREAS.TAG") ret=0040ed42
1498223.465:00ec:00f0:Ret  KERNEL32.GetPrivateProfileStringA() retval=00000007 ret=0040ed42
1498223.473:00ec:00f0:Call KERNEL32.GetPrivateProfileStringA(004c0790 "AREAS",0022f1f4 "0",004e749c "",0022f234,00000400,0022f214 "IAM\\AREAS.TAG") ret=0040ed42
1498223.474:00ec:00f0:Ret  KERNEL32.GetPrivateProfileStringA() retval=00000007 ret=0040ed42
1498223.481:00ec:00f0:Call KERNEL32.GetPrivateProfileStringA(004c0790 "AREAS",0022f1f4 "0",004e749c "",0022f234,00000400,0022f214 "IAM\\AREAS.TAG") ret=0040ed42
1498223.482:00ec:00f0:Ret  KERNEL32.GetPrivateProfileStringA() retval=00000007 ret=0040ed42
1498223.489:00ec:00f0:Call KERNEL32.GetPrivateProfileStringA(004c0790 "AREAS",0022f1f4 "0",004e749c "",0022f234,00000400,0022f214 "IAM\\AREAS.TAG") ret=0040ed42
1498223.489:00ec:00f0:Ret  KERNEL32.GetPrivateProfileStringA() retval=00000007 ret=0040ed42
1498223.497:00ec:00f0:Call KERNEL32.GetPrivateProfileStringA(004c0790 "AREAS",0022f1f4 "0",004e749c "",0022f234,00000400,0022f214 "IAM\\AREAS.TAG") ret=0040ed42
1498223.499:00ec:00f0:Ret  KERNEL32.GetPrivateProfileStringA() retval=00000007 ret=0040ed42
1498223.505:00ec:00f0:Call KERNEL32.GetPrivateProfileStringA(004c0790 "AREAS",0022f1f4 "0",004e749c "",0022f234,00000400,0022f214 "IAM\\AREAS.TAG") ret=0040ed42
1498223.506:00ec:00f0:Ret  KERNEL32.GetPrivateProfileStringA() retval=00000007 ret=0040ed42
1498223.513:00ec:00f0:Call KERNEL32.GetPrivateProfileStringA(004c0790 "AREAS",0022f1f4 "0",004e749c "",0022f234,00000400,0022f214 "IAM\\AREAS.TAG") ret=0040ed42
1498223.514:00ec:00f0:Ret  KERNEL32.GetPrivateProfileStringA() retval=00000007 ret=0040ed42
1498223.521:00ec:00f0:Call KERNEL32.GetPrivateProfileStringA(004c0790 "AREAS",0022f1f4 "0",004e749c "",0022f234,00000400,0022f214 "IAM\\AREAS.TAG") ret=0040ed42
1498223.522:00ec:00f0:Ret  KERNEL32.GetPrivateProfileStringA() retval=00000007 ret=0040ed42
1498223.529:00ec:00f0:Call KERNEL32.GetPrivateProfileStringA(004c0790 "AREAS",0022f1f4 "0",004e749c "",0022f234,00000400,0022f214 "IAM\\AREAS.TAG") ret=0040ed42
1498223.530:00ec:00f0:Ret  KERNEL32.GetPrivateProfileStringA() retval=00000007 ret=0040ed42
1498223.537:00ec:00f0:Call KERNEL32.GetPrivateProfileStringA(004c0790 "AREAS",0022f1f4 "0",004e749c "",0022f234,00000400,0022f214 "IAM\\AREAS.TAG") ret=0040ed42
1498223.539:00ec:00f0:Ret  KERNEL32.GetPrivateProfileStringA() retval=00000007 ret=0040ed42
1498223.545:00ec:00f0:Call KERNEL32.GetPrivateProfileStringA(004c0790 "AREAS",0022f1f4 "0",004e749c "",0022f234,00000400,0022f214 "IAM\\AREAS.TAG") ret=0040ed42
1498223.547:00ec:00f0:Ret  KERNEL32.GetPrivateProfileStringA() retval=00000007 ret=0040ed42
1498223.553:00ec:00f0:Call KERNEL32.GetPrivateProfileStringA(004c0790 "AREAS",0022f1f4 "0",004e749c "",0022f234,00000400,0022f214 "IAM\\AREAS.TAG") ret=0040ed42
1498223.555:00ec:00f0:Ret  KERNEL32.GetPrivateProfileStringA() retval=00000007 ret=0040ed42
1498223.563:00ec:00f0:Call KERNEL32.GetPrivateProfileStringA(004c0790 "AREAS",0022f1f4 "0",004e749c "",0022f234,00000400,0022f214 "IAM\\AREAS.TAG") ret=0040ed42
1498223.563:00ec:00f0:Ret  KERNEL32.GetPrivateProfileStringA() retval=00000007 ret=0040ed42
1498223.570:00ec:00f0:Call KERNEL32.GetPrivateProfileStringA(004c0790 "AREAS",0022f1f4 "0",004e749c "",0022f234,00000400,0022f214 "IAM\\AREAS.TAG") ret=0040ed42
1498223.572:00ec:00f0:Ret  KERNEL32.GetPrivateProfileStringA() retval=00000007 ret=0040ed42
1498223.578:00ec:00f0:Call KERNEL32.GetPrivateProfileStringA(004c0790 "AREAS",0022f1f4 "0",004e749c "",0022f234,00000400,0022f214 "IAM\\AREAS.TAG") ret=0040ed42
1498223.580:00ec:00f0:Ret  KERNEL32.GetPrivateProfileStringA() retval=00000007 ret=0040ed42
1498223.587:00ec:00f0:Call KERNEL32.GetPrivateProfileStringA(004c0790 "AREAS",0022f1f4 "0",004e749c "",0022f234,00000400,0022f214 "IAM\\AREAS.TAG") ret=0040ed42
1498223.588:00ec:00f0:Ret  KERNEL32.GetPrivateProfileStringA() retval=00000007 ret=0040ed42
1498223.595:00ec:00f0:Call KERNEL32.GetPrivateProfileStringA(004c0790 "AREAS",0022f1f4 "0",004e749c "",0022f234,00000400,0022f214 "IAM\\AREAS.TAG") ret=0040ed42
1498223.597:00ec:00f0:Ret  KERNEL32.GetPrivateProfileStringA() retval=00000007 ret=0040ed42
1498223.603:00ec:00f0:Call KERNEL32.GetPrivateProfileStringA(004c0790 "AREAS",0022f1f4 "0",004e749c "",0022f234,00000400,0022f214 "IAM\\AREAS.TAG") ret=0040ed42
1498223.605:00ec:00f0:Ret  KERNEL32.GetPrivateProfileStringA() retval=00000007 ret=0040ed42
1498223.613:00ec:00f0:Call KERNEL32.GetPrivateProfileStringA(004c0790 "AREAS",0022f1f4 "0",004e749c "",0022f234,00000400,0022f214 "IAM\\AREAS.TAG") ret=0040ed42
1498223.613:00ec:00f0:Ret  KERNEL32.GetPrivateProfileStringA() retval=00000007 ret=0040ed42
1498223.620:00ec:00f0:Call KERNEL32.GetPrivateProfileStringA(004c0790 "AREAS",0022f1f4 "0",004e749c "",0022f234,00000400,0022f214 "IAM\\AREAS.TAG") ret=0040ed42
1498223.622:00ec:00f0:Ret  KERNEL32.GetPrivateProfileStringA() retval=00000007 ret=0040ed42
1498223.629:00ec:00f0:Call KERNEL32.GetPrivateProfileStringA(004c0790 "AREAS",0022f1f4 "0",004e749c "",0022f234,00000400,0022f214 "IAM\\AREAS.TAG") ret=0040ed42
1498223.630:00ec:00f0:Ret  KERNEL32.GetPrivateProfileStringA() retval=00000007 ret=0040ed42
1498223.637:00ec:00f0:Call KERNEL32.GetPrivateProfileStringA(004c0790 "AREAS",0022f1f4 "0",004e749c "",0022f234,00000400,0022f214 "IAM\\AREAS.TAG") ret=0040ed42
1498223.638:00ec:00f0:Ret  KERNEL32.GetPrivateProfileStringA() retval=00000007 ret=0040ed42
1498223.645:00ec:00f0:Call KERNEL32.GetPrivateProfileStringA(004c0790 "AREAS",0022f1f4 "0",004e749c "",0022f234,00000400,0022f214 "IAM\\AREAS.TAG") ret=0040ed42
1498223.646:00ec:00f0:Ret  KERNEL32.GetPrivateProfileStringA() retval=00000007 ret=0040ed42
1498223.653:00ec:00f0:Call KERNEL32.GetPrivateProfileStringA(004c0790 "AREAS",0022f1f4 "0",004e749c "",0022f234,00000400,0022f214 "IAM\\AREAS.TAG") ret=0040ed42
1498223.655:00ec:00f0:Ret  KERNEL32.GetPrivateProfileStringA() retval=00000007 ret=0040ed42
1498223.662:00ec:00f0:Call KERNEL32.GetPrivateProfileStringA(004c0790 "AREAS",0022f1f4 "0",004e749c "",0022f234,00000400,0022f214 "IAM\\AREAS.TAG") ret=0040ed42
1498223.663:00ec:00f0:Ret  KERNEL32.GetPrivateProfileStringA() retval=00000007 ret=0040ed42
1498223.670:00ec:00f0:Call KERNEL32.GetPrivateProfileStringA(004c0790 "AREAS",0022f1f4 "0",004e749c "",0022f234,00000400,0022f214 "IAM\\AREAS.TAG") ret=0040ed42
1498223.672:00ec:00f0:Ret  KERNEL32.GetPrivateProfileStringA() retval=00000007 ret=0040ed42
1498223.679:00ec:00f0:Call KERNEL32.GetPrivateProfileStringA(004c0790 "AREAS",0022f1f4 "0",004e749c "",0022f234,00000400,0022f214 "IAM\\AREAS.TAG") ret=0040ed42
1498223.680:00ec:00f0:Ret  KERNEL32.GetPrivateProfileStringA() retval=00000007 ret=0040ed42
1498223.686:00ec:00f0:Call KERNEL32.GetPrivateProfileStringA(004c0790 "AREAS",0022f1f4 "0",004e749c "",0022f234,00000400,0022f214 "IAM\\AREAS.TAG") ret=0040ed42
1498223.688:00ec:00f0:Ret  KERNEL32.GetPrivateProfileStringA() retval=00000007 ret=0040ed42
1498223.695:00ec:00f0:Call KERNEL32.GetPrivateProfileStringA(004c0790 "AREAS",0022f1f4 "0",004e749c "",0022f234,00000400,0022f214 "IAM\\AREAS.TAG") ret=0040ed42
1498223.696:00ec:00f0:Ret  KERNEL32.GetPrivateProfileStringA() retval=00000007 ret=0040ed42
1498223.703:00ec:00f0:Call KERNEL32.GetPrivateProfileStringA(004c0790 "AREAS",0022f1f4 "0",004e749c "",0022f234,00000400,0022f214 "IAM\\AREAS.TAG") ret=0040ed42
1498223.705:00ec:00f0:Ret  KERNEL32.GetPrivateProfileStringA() retval=00000007 ret=0040ed42
1498223.712:00ec:00f0:Call KERNEL32.GetPrivateProfileStringA(004c0790 "AREAS",0022f1f4 "0",004e749c "",0022f234,00000400,0022f214 "IAM\\AREAS.TAG") ret=0040ed42
1498223.713:00ec:00f0:Ret  KERNEL32.GetPrivateProfileStringA() retval=00000007 ret=0040ed42
1498223.720:00ec:00f0:Call KERNEL32.GetPrivateProfileStringA(004c0790 "AREAS",0022f1f4 "0",004e749c "",0022f234,00000400,0022f214 "IAM\\AREAS.TAG") ret=0040ed42
1498223.722:00ec:00f0:Ret  KERNEL32.GetPrivateProfileStringA() retval=00000007 ret=0040ed42
1498223.728:00ec:00f0:Call KERNEL32.GetPrivateProfileStringA(004c0790 "AREAS",0022f1f4 "0",004e749c "",0022f234,00000400,0022f214 "IAM\\AREAS.TAG") ret=0040ed42
1498223.730:00ec:00f0:Ret  KERNEL32.GetPrivateProfileStringA() retval=00000007 ret=0040ed42
1498223.737:00ec:00f0:Call KERNEL32.GetPrivateProfileStringA(004c0790 "AREAS",0022f1f4 "0",004e749c "",0022f234,00000400,0022f214 "IAM\\AREAS.TAG") ret=0040ed42
1498223.738:00ec:00f0:Ret  KERNEL32.GetPrivateProfileStringA() retval=00000007 ret=0040ed42
1498223.745:00ec:00f0:Call KERNEL32.GetPrivateProfileStringA(004c0790 "AREAS",0022f1f4 "0",004e749c "",0022f234,00000400,0022f214 "IAM\\AREAS.TAG") ret=0040ed42
1498223.746:00ec:00f0:Ret  KERNEL32.GetPrivateProfileStringA() retval=00000007 ret=0040ed42
1498223.753:00ec:00f0:Call KERNEL32.GetPrivateProfileStringA(004c0790 "AREAS",0022f1f4 "0",004e749c "",0022f234,00000400,0022f214 "IAM\\AREAS.TAG") ret=0040ed42
1498223.755:00ec:00f0:Ret  KERNEL32.GetPrivateProfileStringA() retval=00000007 ret=0040ed42
1498223.761:00ec:00f0:Call KERNEL32.GetPrivateProfileStringA(004c0790 "AREAS",0022f1f4 "0",004e749c "",0022f234,00000400,0022f214 "IAM\\AREAS.TAG") ret=0040ed42
1498223.763:00ec:00f0:Ret  KERNEL32.GetPrivateProfileStringA() retval=00000007 ret=0040ed42
1498223.770:00ec:00f0:Call KERNEL32.GetPrivateProfileStringA(004c0790 "AREAS",0022f1f4 "0",004e749c "",0022f234,00000400,0022f214 "IAM\\AREAS.TAG") ret=0040ed42
1498223.772:00ec:00f0:Ret  KERNEL32.GetPrivateProfileStringA() retval=00000007 ret=0040ed42
1498223.778:00ec:00f0:Call KERNEL32.GetPrivateProfileStringA(004c0790 "AREAS",0022f1f4 "0",004e749c "",0022f234,00000400,0022f214 "IAM\\AREAS.TAG") ret=0040ed42
1498223.780:00ec:00f0:Ret  KERNEL32.GetPrivateProfileStringA() retval=00000007 ret=0040ed42
1498223.786:00ec:00f0:Call KERNEL32.GetPrivateProfileStringA(004c0790 "AREAS",0022f1f4 "0",004e749c "",0022f234,00000400,0022f214 "IAM\\AREAS.TAG") ret=0040ed42
1498223.788:00ec:00f0:Ret  KERNEL32.GetPrivateProfileStringA() retval=00000007 ret=0040ed42
1498223.795:00ec:00f0:Call KERNEL32.GetPrivateProfileStringA(004c0790 "AREAS",0022f1f4 "0",004e749c "",0022f234,00000400,0022f214 "IAM\\AREAS.TAG") ret=0040ed42
1498223.797:00ec:00f0:Ret  KERNEL32.GetPrivateProfileStringA() retval=00000007 ret=0040ed42
1498223.804:00ec:00f0:Call KERNEL32.GetPrivateProfileStringA(004c0790 "AREAS",0022f1f4 "0",004e749c "",0022f234,00000400,0022f214 "IAM\\AREAS.TAG") ret=0040ed42
1498223.805:00ec:00f0:Ret  KERNEL32.GetPrivateProfileStringA() retval=00000007 ret=0040ed42
1498223.812:00ec:00f0:Call KERNEL32.GetPrivateProfileStringA(004c0790 "AREAS",0022f1f4 "0",004e749c "",0022f234,00000400,0022f214 "IAM\\AREAS.TAG") ret=0040ed42
1498223.813:00ec:00f0:Ret  KERNEL32.GetPrivateProfileStringA() retval=00000007 ret=0040ed42
1498223.820:00ec:00f0:Call KERNEL32.GetPrivateProfileStringA(004c0790 "AREAS",0022f1f4 "0",004e749c "",0022f234,00000400,0022f214 "IAM\\AREAS.TAG") ret=0040ed42
1498223.822:00ec:00f0:Ret  KERNEL32.GetPrivateProfileStringA() retval=00000007 ret=0040ed42
1498223.829:00ec:00f0:Call KERNEL32.GetPrivateProfileStringA(004c0790 "AREAS",0022f1f4 "0",004e749c "",0022f234,00000400,0022f214 "IAM\\AREAS.TAG") ret=0040ed42
1498223.831:00ec:00f0:Ret  KERNEL32.GetPrivateProfileStringA() retval=00000007 ret=0040ed42
1498223.838:00ec:00f0:Call KERNEL32.GetPrivateProfileStringA(004c0790 "AREAS",0022f1f4 "0",004e749c "",0022f234,00000400,0022f214 "IAM\\AREAS.TAG") ret=0040ed42
1498223.839:00ec:00f0:Ret  KERNEL32.GetPrivateProfileStringA() retval=00000007 ret=0040ed42
1498223.847:00ec:00f0:Call KERNEL32.GetPrivateProfileStringA(004c0790 "AREAS",0022f1f4 "0",004e749c "",0022f234,00000400,0022f214 "IAM\\AREAS.TAG") ret=0040ed42
1498223.848:00ec:00f0:Ret  KERNEL32.GetPrivateProfileStringA() retval=00000007 ret=0040ed42
1498223.856:00ec:00f0:Call KERNEL32.GetPrivateProfileStringA(004c0790 "AREAS",0022f1f4 "0",004e749c "",0022f234,00000400,0022f214 "IAM\\AREAS.TAG") ret=0040ed42
1498223.856:00ec:00f0:Ret  KERNEL32.GetPrivateProfileStringA() retval=00000007 ret=0040ed42
1498223.864:00ec:00f0:Call KERNEL32.GetPrivateProfileStringA(004c0790 "AREAS",0022f1f4 "0",004e749c "",0022f234,00000400,0022f214 "IAM\\AREAS.TAG") ret=0040ed42
1498223.864:00ec:00f0:Ret  KERNEL32.GetPrivateProfileStringA() retval=00000007 ret=0040ed42
1498223.871:00ec:00f0:Call KERNEL32.GetPrivateProfileStringA(004c0790 "AREAS",0022f1f4 "0",004e749c "",0022f234,00000400,0022f214 "IAM\\AREAS.TAG") ret=0040ed42
1498223.872:00ec:00f0:Ret  KERNEL32.GetPrivateProfileStringA() retval=00000007 ret=0040ed42
1498223.879:00ec:00f0:Call KERNEL32.GetPrivateProfileStringA(004c0790 "AREAS",0022f1f4 "0",004e749c "",0022f234,00000400,0022f214 "IAM\\AREAS.TAG") ret=0040ed42
1498223.880:00ec:00f0:Ret  KERNEL32.GetPrivateProfileStringA() retval=00000007 ret=0040ed42
1498223.887:00ec:00f0:Call KERNEL32.GetPrivateProfileStringA(004c0790 "AREAS",0022f1f4 "0",004e749c "",0022f234,00000400,0022f214 "IAM\\AREAS.TAG") ret=0040ed42
1498223.888:00ec:00f0:Ret  KERNEL32.GetPrivateProfileStringA() retval=00000007 ret=0040ed42
1498223.895:00ec:00f0:Call KERNEL32.GetPrivateProfileStringA(004c0790 "AREAS",0022f1f4 "0",004e749c "",0022f234,00000400,0022f214 "IAM\\AREAS.TAG") ret=0040ed42
1498223.896:00ec:00f0:Ret  KERNEL32.GetPrivateProfileStringA() retval=00000007 ret=0040ed42
1498223.903:00ec:00f0:Call KERNEL32.GetPrivateProfileStringA(004c0790 "AREAS",0022f1f4 "0",004e749c "",0022f234,00000400,0022f214 "IAM\\AREAS.TAG") ret=0040ed42
1498223.905:00ec:00f0:Ret  KERNEL32.GetPrivateProfileStringA() retval=00000007 ret=0040ed42
1498223.913:00ec:00f0:Call KERNEL32.GetPrivateProfileStringA(004c0790 "AREAS",0022f1f4 "0",004e749c "",0022f234,00000400,0022f214 "IAM\\AREAS.TAG") ret=0040ed42
1498223.913:00ec:00f0:Ret  KERNEL32.GetPrivateProfileStringA() retval=00000007 ret=0040ed42
1498223.920:00ec:00f0:Call KERNEL32.GetPrivateProfileStringA(004c0790 "AREAS",0022f1f4 "0",004e749c "",0022f234,00000400,0022f214 "IAM\\AREAS.TAG") ret=0040ed42
1498223.921:00ec:00f0:Ret  KERNEL32.GetPrivateProfileStringA() retval=00000007 ret=0040ed42
1498223.929:00ec:00f0:Call KERNEL32.GetPrivateProfileStringA(004c0790 "AREAS",0022f1f4 "0",004e749c "",0022f234,00000400,0022f214 "IAM\\AREAS.TAG") ret=0040ed42
1498223.930:00ec:00f0:Ret  KERNEL32.GetPrivateProfileStringA() retval=00000007 ret=0040ed42
1498223.937:00ec:00f0:Call KERNEL32.GetPrivateProfileStringA(004c0790 "AREAS",0022f1f4 "0",004e749c "",0022f234,00000400,0022f214 "IAM\\AREAS.TAG") ret=0040ed42
1498223.938:00ec:00f0:Ret  KERNEL32.GetPrivateProfileStringA() retval=00000007 ret=0040ed42
1498223.946:00ec:00f0:Call KERNEL32.GetPrivateProfileStringA(004c0790 "AREAS",0022f1f4 "0",004e749c "",0022f234,00000400,0022f214 "IAM\\AREAS.TAG") ret=0040ed42
1498223.947:00ec:00f0:Ret  KERNEL32.GetPrivateProfileStringA() retval=00000007 ret=0040ed42
1498223.954:00ec:00f0:Call KERNEL32.GetPrivateProfileStringA(004c0790 "AREAS",0022f1f4 "0",004e749c "",0022f234,00000400,0022f214 "IAM\\AREAS.TAG") ret=0040ed42
1498223.955:00ec:00f0:Ret  KERNEL32.GetPrivateProfileStringA() retval=00000007 ret=0040ed42
1498223.963:00ec:00f0:Call KERNEL32.GetPrivateProfileStringA(004c0790 "AREAS",0022f1f4 "0",004e749c "",0022f234,00000400,0022f214 "IAM\\AREAS.TAG") ret=0040ed42
1498223.963:00ec:00f0:Ret  KERNEL32.GetPrivateProfileStringA() retval=00000007 ret=0040ed42
1498223.970:00ec:00f0:Call KERNEL32.GetPrivateProfileStringA(004c0790 "AREAS",0022f1f4 "0",004e749c "",0022f234,00000400,0022f214 "IAM\\AREAS.TAG") ret=0040ed42
1498223.972:00ec:00f0:Ret  KERNEL32.GetPrivateProfileStringA() retval=00000007 ret=0040ed42
1498223.979:00ec:00f0:Call KERNEL32.GetPrivateProfileStringA(004c0790 "AREAS",0022f1f4 "0",004e749c "",0022f234,00000400,0022f214 "IAM\\AREAS.TAG") ret=0040ed42
1498223.980:00ec:00f0:Ret  KERNEL32.GetPrivateProfileStringA() retval=00000007 ret=0040ed42
1498223.987:00ec:00f0:Call KERNEL32.GetPrivateProfileStringA(004c0790 "AREAS",0022f1f4 "0",004e749c "",0022f234,00000400,0022f214 "IAM\\AREAS.TAG") ret=0040ed42
1498223.988:00ec:00f0:Ret  KERNEL32.GetPrivateProfileStringA() retval=00000007 ret=0040ed42
1498223.995:00ec:00f0:Call KERNEL32.GetPrivateProfileStringA(004c0790 "AREAS",0022f1f4 "0",004e749c "",0022f234,00000400,0022f214 "IAM\\AREAS.TAG") ret=0040ed42
1498223.996:00ec:00f0:Ret  KERNEL32.GetPrivateProfileStringA() retval=00000007 ret=0040ed42
1498224.003:00ec:00f0:Call KERNEL32.GetPrivateProfileStringA(004c0790 "AREAS",0022f1f4 "0",004e749c "",0022f234,00000400,0022f214 "IAM\\AREAS.TAG") ret=0040ed42
1498224.005:00ec:00f0:Ret  KERNEL32.GetPrivateProfileStringA() retval=00000007 ret=0040ed42
1498224.013:00ec:00f0:Call KERNEL32.GetPrivateProfileStringA(004c0790 "AREAS",0022f1f4 "0",004e749c "",0022f234,00000400,0022f214 "IAM\\AREAS.TAG") ret=0040ed42
1498224.013:00ec:00f0:Ret  KERNEL32.GetPrivateProfileStringA() retval=00000007 ret=0040ed42
1498224.020:00ec:00f0:Call KERNEL32.GetPrivateProfileStringA(004c0790 "AREAS",0022f1f4 "0",004e749c "",0022f234,00000400,0022f214 "IAM\\AREAS.TAG") ret=0040ed42
1498224.022:00ec:00f0:Ret  KERNEL32.GetPrivateProfileStringA() retval=00000007 ret=0040ed42
1498224.028:00ec:00f0:Call KERNEL32.GetPrivateProfileStringA(004c0790 "AREAS",0022f1f4 "0",004e749c "",0022f234,00000400,0022f214 "IAM\\AREAS.TAG") ret=0040ed42
1498224.030:00ec:00f0:Ret  KERNEL32.GetPrivateProfileStringA() retval=00000007 ret=0040ed42
1498224.037:00ec:00f0:Call KERNEL32.GetPrivateProfileStringA(004c0790 "AREAS",0022f1f4 "0",004e749c "",0022f234,00000400,0022f214 "IAM\\AREAS.TAG") ret=0040ed42
1498224.038:00ec:00f0:Ret  KERNEL32.GetPrivateProfileStringA() retval=00000007 ret=0040ed42
1498224.045:00ec:00f0:Call KERNEL32.GetPrivateProfileStringA(004c0790 "AREAS",0022f1f4 "0",004e749c "",0022f234,00000400,0022f214 "IAM\\AREAS.TAG") ret=0040ed42
1498224.046:00ec:00f0:Ret  KERNEL32.GetPrivateProfileStringA() retval=00000007 ret=0040ed42
1498224.053:00ec:00f0:Call KERNEL32.GetPrivateProfileStringA(004c0790 "AREAS",0022f1f4 "0",004e749c "",0022f234,00000400,0022f214 "IAM\\AREAS.TAG") ret=0040ed42
1498224.055:00ec:00f0:Ret  KERNEL32.GetPrivateProfileStringA() retval=00000007 ret=0040ed42
1498224.063:00ec:00f0:Call KERNEL32.GetPrivateProfileStringA(004c0790 "AREAS",0022f1f4 "0",004e749c "",0022f234,00000400,0022f214 "IAM\\AREAS.TAG") ret=0040ed42
1498224.063:00ec:00f0:Ret  KERNEL32.GetPrivateProfileStringA() retval=00000007 ret=0040ed42
1498224.070:00ec:00f0:Call KERNEL32.GetPrivateProfileStringA(004c0790 "AREAS",0022f1f4 "0",004e749c "",0022f234,00000400,0022f214 "IAM\\AREAS.TAG") ret=0040ed42
1498224.071:00ec:00f0:Ret  KERNEL32.GetPrivateProfileStringA() retval=00000007 ret=0040ed42
1498224.078:00ec:00f0:Call KERNEL32.GetPrivateProfileStringA(004c0790 "AREAS",0022f1f4 "0",004e749c "",0022f234,00000400,0022f214 "IAM\\AREAS.TAG") ret=0040ed42
1498224.080:00ec:00f0:Ret  KERNEL32.GetPrivateProfileStringA() retval=00000007 ret=0040ed42
1498224.087:00ec:00f0:Call KERNEL32.GetPrivateProfileStringA(004c0790 "AREAS",0022f1f4 "0",004e749c "",0022f234,00000400,0022f214 "IAM\\AREAS.TAG") ret=0040ed42
1498224.088:00ec:00f0:Ret  KERNEL32.GetPrivateProfileStringA() retval=00000007 ret=0040ed42
1498224.095:00ec:00f0:Call KERNEL32.GetPrivateProfileStringA(004c0790 "AREAS",0022f1f4 "0",004e749c "",0022f234,00000400,0022f214 "IAM\\AREAS.TAG") ret=0040ed42
1498224.096:00ec:00f0:Ret  KERNEL32.GetPrivateProfileStringA() retval=00000007 ret=0040ed42
1498224.103:00ec:00f0:Call KERNEL32.GetPrivateProfileStringA(004c0790 "AREAS",0022f1f4 "0",004e749c "",0022f234,00000400,0022f214 "IAM\\AREAS.TAG") ret=0040ed42
1498224.105:00ec:00f0:Ret  KERNEL32.GetPrivateProfileStringA() retval=00000007 ret=0040ed42
1498224.113:00ec:00f0:Call KERNEL32.GetPrivateProfileStringA(004c0790 "AREAS",0022f1f4 "0",004e749c "",0022f234,00000400,0022f214 "IAM\\AREAS.TAG") ret=0040ed42
1498224.113:00ec:00f0:Ret  KERNEL32.GetPrivateProfileStringA() retval=00000007 ret=0040ed42
1498224.120:00ec:00f0:Call KERNEL32.GetPrivateProfileStringA(004c0790 "AREAS",0022f1f4 "0",004e749c "",0022f234,00000400,0022f214 "IAM\\AREAS.TAG") ret=0040ed42
1498224.122:00ec:00f0:Ret  KERNEL32.GetPrivateProfileStringA() retval=00000007 ret=0040ed42
1498224.129:00ec:00f0:Call KERNEL32.GetPrivateProfileStringA(004c0790 "AREAS",0022f1f4 "0",004e749c "",0022f234,00000400,0022f214 "IAM\\AREAS.TAG") ret=0040ed42
1498224.130:00ec:00f0:Ret  KERNEL32.GetPrivateProfileStringA() retval=00000007 ret=0040ed42
1498224.137:00ec:00f0:Call KERNEL32.GetPrivateProfileStringA(004c0790 "AREAS",0022f1f4 "0",004e749c "",0022f234,00000400,0022f214 "IAM\\AREAS.TAG") ret=0040ed42
1498224.138:00ec:00f0:Ret  KERNEL32.GetPrivateProfileStringA() retval=00000007 ret=0040ed42
1498224.145:00ec:00f0:Call KERNEL32.GetPrivateProfileStringA(004c0790 "AREAS",0022f1f4 "0",004e749c "",0022f234,00000400,0022f214 "IAM\\AREAS.TAG") ret=0040ed42
1498224.147:00ec:00f0:Ret  KERNEL32.GetPrivateProfileStringA() retval=00000007 ret=0040ed42
1498224.154:00ec:00f0:Call KERNEL32.GetPrivateProfileStringA(004c0790 "AREAS",0022f1f4 "0",004e749c "",0022f234,00000400,0022f214 "IAM\\AREAS.TAG") ret=0040ed42
1498224.155:00ec:00f0:Ret  KERNEL32.GetPrivateProfileStringA() retval=00000007 ret=0040ed42
1498224.164:00ec:00f0:Call KERNEL32.GetPrivateProfileStringA(004c0790 "AREAS",0022f1f4 "0",004e749c "",0022f234,00000400,0022f214 "IAM\\AREAS.TAG") ret=0040ed42
1498224.166:00ec:00f0:Ret  KERNEL32.GetPrivateProfileStringA() retval=00000007 ret=0040ed42
1498224.177:00ec:00f0:Call KERNEL32.GetPrivateProfileStringA(004c0790 "AREAS",0022f1f4 "0",004e749c "",0022f234,00000400,0022f214 "IAM\\AREAS.TAG") ret=0040ed42
1498224.181:00ec:00f0:Ret  KERNEL32.GetPrivateProfileStringA() retval=00000007 ret=0040ed42
1498224.191:00ec:00f0:Call KERNEL32.GetPrivateProfileStringA(004c0790 "AREAS",0022f1f4 "0",004e749c "",0022f234,00000400,0022f214 "IAM\\AREAS.TAG") ret=0040ed42
1498224.192:00ec:00f0:Ret  KERNEL32.GetPrivateProfileStringA() retval=00000007 ret=0040ed42
1498224.199:00ec:00f0:Call KERNEL32.GetPrivateProfileStringA(004c0790 "AREAS",0022f1f4 "0",004e749c "",0022f234,00000400,0022f214 "IAM\\AREAS.TAG") ret=0040ed42
1498224.200:00ec:00f0:Ret  KERNEL32.GetPrivateProfileStringA() retval=00000007 ret=0040ed42
1498224.207:00ec:00f0:Call KERNEL32.GetPrivateProfileStringA(004c0790 "AREAS",0022f1f4 "0",004e749c "",0022f234,00000400,0022f214 "IAM\\AREAS.TAG") ret=0040ed42
1498224.208:00ec:00f0:Ret  KERNEL32.GetPrivateProfileStringA() retval=00000007 ret=0040ed42
1498224.215:00ec:00f0:Call KERNEL32.GetPrivateProfileStringA(004c0790 "AREAS",0022f1f4 "0",004e749c "",0022f234,00000400,0022f214 "IAM\\AREAS.TAG") ret=0040ed42
1498224.216:00ec:00f0:Ret  KERNEL32.GetPrivateProfileStringA() retval=00000007 ret=0040ed42
1498224.223:00ec:00f0:Call KERNEL32.GetPrivateProfileStringA(004c0790 "AREAS",0022f1f4 "0",004e749c "",0022f234,00000400,0022f214 "IAM\\AREAS.TAG") ret=0040ed42
1498224.224:00ec:00f0:Ret  KERNEL32.GetPrivateProfileStringA() retval=00000007 ret=0040ed42
1498224.231:00ec:00f0:Call KERNEL32.GetPrivateProfileStringA(004c0790 "AREAS",0022f1f4 "0",004e749c "",0022f234,00000400,0022f214 "IAM\\AREAS.TAG") ret=0040ed42
1498224.232:00ec:00f0:Ret  KERNEL32.GetPrivateProfileStringA() retval=00000007 ret=0040ed42
1498224.239:00ec:00f0:Call KERNEL32.GetPrivateProfileStringA(004c0790 "AREAS",0022f1f4 "0",004e749c "",0022f234,00000400,0022f214 "IAM\\AREAS.TAG") ret=0040ed42
1498224.240:00ec:00f0:Ret  KERNEL32.GetPrivateProfileStringA() retval=00000007 ret=0040ed42
1498224.247:00ec:00f0:Call KERNEL32.GetPrivateProfileStringA(004c0790 "AREAS",0022f1f4 "0",004e749c "",0022f234,00000400,0022f214 "IAM\\AREAS.TAG") ret=0040ed42
1498224.248:00ec:00f0:Ret  KERNEL32.GetPrivateProfileStringA() retval=00000007 ret=0040ed42
1498224.255:00ec:00f0:Call KERNEL32.GetPrivateProfileStringA(004c0790 "AREAS",0022f1f4 "0",004e749c "",0022f234,00000400,0022f214 "IAM\\AREAS.TAG") ret=0040ed42
1498224.256:00ec:00f0:Ret  KERNEL32.GetPrivateProfileStringA() retval=00000007 ret=0040ed42
1498224.263:00ec:00f0:Call KERNEL32.GetPrivateProfileStringA(004c0790 "AREAS",0022f1f4 "0",004e749c "",0022f234,00000400,0022f214 "IAM\\AREAS.TAG") ret=0040ed42
1498224.264:00ec:00f0:Ret  KERNEL32.GetPrivateProfileStringA() retval=00000007 ret=0040ed42
1498224.271:00ec:00f0:Call KERNEL32.GetPrivateProfileStringA(004c0790 "AREAS",0022f1f4 "0",004e749c "",0022f234,00000400,0022f214 "IAM\\AREAS.TAG") ret=0040ed42
1498224.272:00ec:00f0:Ret  KERNEL32.GetPrivateProfileStringA() retval=00000007 ret=0040ed42
1498224.280:00ec:00f0:Call KERNEL32.GetPrivateProfileStringA(004c0790 "AREAS",0022f1f4 "0",004e749c "",0022f234,00000400,0022f214 "IAM\\AREAS.TAG") ret=0040ed42
1498224.280:00ec:00f0:Ret  KERNEL32.GetPrivateProfileStringA() retval=00000007 ret=0040ed42
1498224.287:00ec:00f0:Call KERNEL32.GetPrivateProfileStringA(004c0790 "AREAS",0022f1f4 "0",004e749c "",0022f234,00000400,0022f214 "IAM\\AREAS.TAG") ret=0040ed42
1498224.288:00ec:00f0:Ret  KERNEL32.GetPrivateProfileStringA() retval=00000007 ret=0040ed42
1498224.296:00ec:00f0:Call KERNEL32.GetPrivateProfileStringA(004c0790 "AREAS",0022f1f4 "0",004e749c "",0022f234,00000400,0022f214 "IAM\\AREAS.TAG") ret=0040ed42
1498224.297:00ec:00f0:Ret  KERNEL32.GetPrivateProfileStringA() retval=00000007 ret=0040ed42
1498224.304:00ec:00f0:Call KERNEL32.GetPrivateProfileStringA(004c0790 "AREAS",0022f1f4 "0",004e749c "",0022f234,00000400,0022f214 "IAM\\AREAS.TAG") ret=0040ed42
1498224.305:00ec:00f0:Ret  KERNEL32.GetPrivateProfileStringA() retval=00000007 ret=0040ed42
1498224.312:00ec:00f0:Call KERNEL32.GetPrivateProfileStringA(004c0790 "AREAS",0022f1f4 "0",004e749c "",0022f234,00000400,0022f214 "IAM\\AREAS.TAG") ret=0040ed42
1498224.313:00ec:00f0:Ret  KERNEL32.GetPrivateProfileStringA() retval=00000007 ret=0040ed42
1498224.320:00ec:00f0:Call KERNEL32.GetPrivateProfileStringA(004c0790 "AREAS",0022f1f4 "0",004e749c "",0022f234,00000400,0022f214 "IAM\\AREAS.TAG") ret=0040ed42
1498224.322:00ec:00f0:Ret  KERNEL32.GetPrivateProfileStringA() retval=00000007 ret=0040ed42
1498224.329:00ec:00f0:Call KERNEL32.GetPrivateProfileStringA(004c0790 "AREAS",0022f1f4 "0",004e749c "",0022f234,00000400,0022f214 "IAM\\AREAS.TAG") ret=0040ed42
1498224.330:00ec:00f0:Ret  KERNEL32.GetPrivateProfileStringA() retval=00000007 ret=0040ed42
1498224.337:00ec:00f0:Call KERNEL32.GetPrivateProfileStringA(004c0790 "AREAS",0022f1f4 "0",004e749c "",0022f234,00000400,0022f214 "IAM\\AREAS.TAG") ret=0040ed42
1498224.339:00ec:00f0:Ret  KERNEL32.GetPrivateProfileStringA() retval=00000007 ret=0040ed42
1498224.346:00ec:00f0:Call KERNEL32.GetPrivateProfileStringA(004c0790 "AREAS",0022f1f4 "0",004e749c "",0022f234,00000400,0022f214 "IAM\\AREAS.TAG") ret=0040ed42
1498224.347:00ec:00f0:Ret  KERNEL32.GetPrivateProfileStringA() retval=00000007 ret=0040ed42
1498224.354:00ec:00f0:Call KERNEL32.GetPrivateProfileStringA(004c0790 "AREAS",0022f1f4 "0",004e749c "",0022f234,00000400,0022f214 "IAM\\AREAS.TAG") ret=0040ed42
1498224.355:00ec:00f0:Ret  KERNEL32.GetPrivateProfileStringA() retval=00000007 ret=0040ed42
1498224.363:00ec:00f0:Call KERNEL32.GetPrivateProfileStringA(004c0790 "AREAS",0022f1f4 "0",004e749c "",0022f234,00000400,0022f214 "IAM\\AREAS.TAG") ret=0040ed42
1498224.364:00ec:00f0:Ret  KERNEL32.GetPrivateProfileStringA() retval=00000007 ret=0040ed42
1498224.371:00ec:00f0:Call KERNEL32.GetPrivateProfileStringA(004c0790 "AREAS",0022f1f4 "0",004e749c "",0022f234,00000400,0022f214 "IAM\\AREAS.TAG") ret=0040ed42
1498224.372:00ec:00f0:Ret  KERNEL32.GetPrivateProfileStringA() retval=00000007 ret=0040ed42
1498224.379:00ec:00f0:Call KERNEL32.GetPrivateProfileStringA(004c0790 "AREAS",0022f1f4 "0",004e749c "",0022f234,00000400,0022f214 "IAM\\AREAS.TAG") ret=0040ed42
1498224.380:00ec:00f0:Ret  KERNEL32.GetPrivateProfileStringA() retval=00000007 ret=0040ed42
1498224.388:00ec:00f0:Call KERNEL32.GetPrivateProfileStringA(004c0790 "AREAS",0022f1f4 "0",004e749c "",0022f234,00000400,0022f214 "IAM\\AREAS.TAG") ret=0040ed42
1498224.389:00ec:00f0:Ret  KERNEL32.GetPrivateProfileStringA() retval=00000007 ret=0040ed42
1498224.395:00ec:00f0:Call KERNEL32.GetPrivateProfileStringA(004c0790 "AREAS",0022f1f4 "0",004e749c "",0022f234,00000400,0022f214 "IAM\\AREAS.TAG") ret=0040ed42
1498224.397:00ec:00f0:Ret  KERNEL32.GetPrivateProfileStringA() retval=00000007 ret=0040ed42
1498224.404:00ec:00f0:Call KERNEL32.GetPrivateProfileStringA(004c0790 "AREAS",0022f1f4 "0",004e749c "",0022f234,00000400,0022f214 "IAM\\AREAS.TAG") ret=0040ed42
1498224.405:00ec:00f0:Ret  KERNEL32.GetPrivateProfileStringA() retval=00000007 ret=0040ed42
1498224.413:00ec:00f0:Call KERNEL32.GetPrivateProfileStringA(004c0790 "AREAS",0022f1f4 "0",004e749c "",0022f234,00000400,0022f214 "IAM\\AREAS.TAG") ret=0040ed42
1498224.413:00ec:00f0:Ret  KERNEL32.GetPrivateProfileStringA() retval=00000007 ret=0040ed42
1498224.420:00ec:00f0:Call KERNEL32.GetPrivateProfileStringA(004c0790 "AREAS",0022f1f4 "0",004e749c "",0022f234,00000400,0022f214 "IAM\\AREAS.TAG") ret=0040ed42
1498224.422:00ec:00f0:Ret  KERNEL32.GetPrivateProfileStringA() retval=00000007 ret=0040ed42
1498224.429:00ec:00f0:Call KERNEL32.GetPrivateProfileStringA(004c0790 "AREAS",0022f1f4 "0",004e749c "",0022f234,00000400,0022f214 "IAM\\AREAS.TAG") ret=0040ed42
1498224.430:00ec:00f0:Ret  KERNEL32.GetPrivateProfileStringA() retval=00000007 ret=0040ed42
1498224.437:00ec:00f0:Call KERNEL32.GetPrivateProfileStringA(004c0790 "AREAS",0022f1f4 "0",004e749c "",0022f234,00000400,0022f214 "IAM\\AREAS.TAG") ret=0040ed42
1498224.438:00ec:00f0:Ret  KERNEL32.GetPrivateProfileStringA() retval=00000007 ret=0040ed42
1498224.445:00ec:00f0:Call KERNEL32.GetPrivateProfileStringA(004c0790 "AREAS",0022f1f4 "0",004e749c "",0022f234,00000400,0022f214 "IAM\\AREAS.TAG") ret=0040ed42
1498224.447:00ec:00f0:Ret  KERNEL32.GetPrivateProfileStringA() retval=00000007 ret=0040ed42
1498224.454:00ec:00f0:Call KERNEL32.GetPrivateProfileStringA(004c0790 "AREAS",0022f1f4 "0",004e749c "",0022f234,00000400,0022f214 "IAM\\AREAS.TAG") ret=0040ed42
1498224.455:00ec:00f0:Ret  KERNEL32.GetPrivateProfileStringA() retval=00000007 ret=0040ed42
1498224.462:00ec:00f0:Call KERNEL32.GetPrivateProfileStringA(004c0790 "AREAS",0022f1f4 "0",004e749c "",0022f234,00000400,0022f214 "IAM\\AREAS.TAG") ret=0040ed42
1498224.463:00ec:00f0:Ret  KERNEL32.GetPrivateProfileStringA() retval=00000007 ret=0040ed42
1498224.470:00ec:00f0:Call KERNEL32.GetPrivateProfileStringA(004c0790 "AREAS",0022f1f4 "0",004e749c "",0022f234,00000400,0022f214 "IAM\\AREAS.TAG") ret=0040ed42
1498224.472:00ec:00f0:Ret  KERNEL32.GetPrivateProfileStringA() retval=00000007 ret=0040ed42
1498224.479:00ec:00f0:Call KERNEL32.GetPrivateProfileStringA(004c0790 "AREAS",0022f1f4 "0",004e749c "",0022f234,00000400,0022f214 "IAM\\AREAS.TAG") ret=0040ed42
1498224.480:00ec:00f0:Ret  KERNEL32.GetPrivateProfileStringA() retval=00000007 ret=0040ed42
1498224.487:00ec:00f0:Call KERNEL32.GetPrivateProfileStringA(004c0790 "AREAS",0022f1f4 "0",004e749c "",0022f234,00000400,0022f214 "IAM\\AREAS.TAG") ret=0040ed42
1498224.488:00ec:00f0:Ret  KERNEL32.GetPrivateProfileStringA() retval=00000007 ret=0040ed42
1498224.494:00ec:00f0:Call KERNEL32.GetPrivateProfileStringA(004c0790 "AREAS",0022f1f4 "0",004e749c "",0022f234,00000400,0022f214 "IAM\\AREAS.TAG") ret=0040ed42
1498224.497:00ec:00f0:Ret  KERNEL32.GetPrivateProfileStringA() retval=00000007 ret=0040ed42
1498224.750:00ec:00f0:Call KERNEL32.GetPrivateProfileStringA(004c082c "ADDRESSES",0022f1fc "1",004e749c "",0022f23c,00000400,0022f21c "IAM\\ADDRESSES.TAG") ret=0040ed42
1498224.751:00ec:00f0:Ret  KERNEL32.GetPrivateProfileStringA() retval=0000001a ret=0040ed42
1498224.751:00ec:00f0:Call KERNEL32.GetPrivateProfileStringA(004c082c "ADDRESSES",0022f1fc "335",004e749c "",0022f23c,00000400,0022f21c "IAM\\ADDRESSES.TAG") ret=0040ed42
1498224.751:00ec:00f0:Ret  KERNEL32.GetPrivateProfileStringA() retval=0000001a ret=0040ed42
1498224.751:00ec:00f0:Call KERNEL32.GetPrivateProfileStringA(004c06d8 "VARIABLES",0022f200 "224",004e749c "",0022f240,00000400,0022f220 "IAM\\VARIABLES.TAG") ret=0040ed42
1498224.751:00ec:00f0:Ret  KERNEL32.GetPrivateProfileStringA() retval=0000000e ret=0040ed42
1498226.474:00ec:00f0:Call KERNEL32.GetPrivateProfileStringA(004c0898 "CAMERAS",0022f1f8 "78",004e749c "",0022f238,00000400,0022f218 "IAM\\CAMERAS.TAG") ret=0040ed42
1498226.474:00ec:00f0:Ret  KERNEL32.GetPrivateProfileStringA() retval=0000000d ret=0040ed42
1498226.727:00ec:00f0:Call KERNEL32.GetPrivateProfileStringA(004c0898 "CAMERAS",0022f1f8 "0",004e749c "",0022f238,00000400,0022f218 "IAM\\CAMERAS.TAG") ret=0040ed42
1498226.730:00ec:00f0:Ret  KERNEL32.GetPrivateProfileStringA() retval=0000000d ret=0040ed42
1498282.263:00ec:00f0:Call KERNEL32.GetPrivateProfileStringA(004c0790 "AREAS",0022f1f4 "217",004e749c "",0022f234,00000400,0022f214 "IAM\\AREAS.TAG") ret=0040ed42
1498282.264:00ec:00f0:Ret  KERNEL32.GetPrivateProfileStringA() retval=00000014 ret=0040ed42
1498283.456:00ec:00f0:Call KERNEL32.GetPrivateProfileStringA(004c0898 "CAMERAS",0022f1f8 "4156",004e749c "",0022f238,00000400,0022f218 "IAM\\CAMERAS.TAG") ret=0040ed42
1498283.457:00ec:00f0:Ret  KERNEL32.GetPrivateProfileStringA() retval=00000000 ret=0040ed42
1498287.476:00ec:00f0:Call KERNEL32.GetPrivateProfileStringA(004c0898 "CAMERAS",0022f1f8 "0",004e749c "",0022f238,00000400,0022f218 "IAM\\CAMERAS.TAG") ret=0040ed42
1498287.479:00ec:00f0:Ret  KERNEL32.GetPrivateProfileStringA() retval=0000000d ret=0040ed42
1498290.465:00ec:00f0:Call KERNEL32.GetPrivateProfileStringA(004c0898 "CAMERAS",0022f1f8 "0",004e749c "",0022f238,00000400,0022f218 "IAM\\CAMERAS.TAG") ret=0040ed42
1498290.466:00ec:00f0:Ret  KERNEL32.GetPrivateProfileStringA() retval=0000000d ret=0040ed42
1498294.429:00ec:00f0:Call KERNEL32.GetPrivateProfileStringA(004c0898 "CAMERAS",0022f1f8 "4157",004e749c "",0022f238,00000400,0022f218 "IAM\\CAMERAS.TAG") ret=0040ed42
1498294.430:00ec:00f0:Ret  KERNEL32.GetPrivateProfileStringA() retval=00000000 ret=0040ed42
1498294.430:00ec:00f0:Call KERNEL32.GetPrivateProfileStringA(004c06c4 "VARIABLES",0022f1fc "60",004e749c "",0022f23c,00000400,0022f21c "IAM\\VARIABLES.TAG") ret=0040ed42
1498294.431:00ec:00f0:Ret  KERNEL32.GetPrivateProfileStringA() retval=00000007 ret=0040ed42
1498296.878:00ec:00f0:Call KERNEL32.GetPrivateProfileStringA(004c0898 "CAMERAS",0022f1f8 "6",004e749c "",0022f238,00000400,0022f218 "IAM\\CAMERAS.TAG") ret=0040ed42
1498296.879:00ec:00f0:Ret  KERNEL32.GetPrivateProfileStringA() retval=0000001b ret=0040ed42
1498300.918:00ec:00f0:Call KERNEL32.GetPrivateProfileStringA(004c0898 "CAMERAS",0022f1f8 "0",004e749c "",0022f238,00000400,0022f218 "IAM\\CAMERAS.TAG") ret=0040ed42
1498300.922:00ec:00f0:Ret  KERNEL32.GetPrivateProfileStringA() retval=0000000d ret=0040ed42
1498307.554:00ec:00f0:Call KERNEL32.GetPrivateProfileStringA(004c06c4 "VARIABLES",0022f1fc "119",004e749c "",0022f23c,00000400,0022f21c "IAM\\VARIABLES.TAG") ret=0040ed42
1498307.555:00ec:00f0:Ret  KERNEL32.GetPrivateProfileStringA() retval=0000000d ret=0040ed42
1498307.555:00ec:00f0:Call KERNEL32.GetPrivateProfileStringA(004c0844 "OBJECTS",0022f0f4 "109",004e749c "",0022f134,00000400,0022f114 "IAM\\OBJECTS.TAG") ret=0040ed42
1498307.556:00ec:00f0:Ret  KERNEL32.GetPrivateProfileStringA() retval=00000011 ret=0040ed42
1498309.986:00ec:00f0:Call KERNEL32.GetPrivateProfileStringA(004c07e0 "ZONES",0022f1fc "3732",004e749c "",0022f23c,00000400,0022f21c "IAM\\ZONES.TAG") ret=0040ed42
1498309.987:00ec:00f0:Ret  KERNEL32.GetPrivateProfileStringA() retval=00000000 ret=0040ed42
1498309.987:00ec:00f0:Call KERNEL32.GetPrivateProfileStringA(004c0838 "ADDRESSES",0022f1fc "5",004e749c "",0022f23c,00000400,0022f21c "IAM\\ADDRESSES.TAG") ret=0040ed42
1498309.989:00ec:00f0:Ret  KERNEL32.GetPrivateProfileStringA() retval=0000001f ret=0040ed42
1498312.623:00ec:00f0:Call KERNEL32.GetPrivateProfileStringA(004c0c20 "OBJECTS",0022f1ec "342",004e749c "",0022f22c,00000400,0022f20c "IAM\\OBJECTS.TAG") ret=0040ed42
1498312.624:00ec:00f0:Ret  KERNEL32.GetPrivateProfileStringA() retval=00000014 ret=0040ed42
1498312.624:00ec:00f0:Call KERNEL32.GetPrivateProfileStringA(004c07cc "DIALOGS",0022f1fc "387",004e749c "",0022f23c,00000400,0022f21c "IAM\\DIALOGS.TAG") ret=0040ed42
1498312.624:00ec:00f0:Ret  KERNEL32.GetPrivateProfileStringA() retval=0000000e ret=0040ed42
1498341.486:00ec:00f0:Call KERNEL32.GetPrivateProfileStringA(004c06e4 "VARIABLES",0022f118 "596",004e749c "",0022f158,00000400,0022f138 "IAM\\VARIABLES.TAG") ret=0040ed42
1498341.487:00ec:00f0:Ret  KERNEL32.GetPrivateProfileStringA() retval=0000000a ret=0040ed42
1498373.945:00ec:00f0:Call KERNEL32.GetPrivateProfileStringA(004c0898 "CAMERAS",0022f1f8 "4210",004e749c "",0022f238,00000400,0022f218 "IAM\\CAMERAS.TAG") ret=0040ed42
1498373.945:00ec:00f0:Ret  KERNEL32.GetPrivateProfileStringA() retval=00000000 ret=0040ed42
1498373.945:00ec:00f0:Call KERNEL32.GetPrivateProfileStringA(004c08a0 "CAMERAS",0022f1f0 "4211",004e749c "",0022f230,00000400,0022f210 "IAM\\CAMERAS.TAG") ret=0040ed42
1498373.945:00ec:00f0:Ret  KERNEL32.GetPrivateProfileStringA() retval=00000000 ret=0040ed42
1498376.232:00ec:00f0:Call KERNEL32.GetPrivateProfileStringA(004c07f0 "ADDRESSES",0022f1fc "638",004e749c "",0022f23c,00000400,0022f21c "IAM\\ADDRESSES.TAG") ret=0040ed42
1498376.233:00ec:00f0:Ret  KERNEL32.GetPrivateProfileStringA() retval=00000015 ret=0040ed42
1498376.233:00ec:00f0:Call KERNEL32.GetPrivateProfileStringA(004c0898 "CAMERAS",0022f1f8 "4217",004e749c "",0022f238,00000400,0022f218 "IAM\\CAMERAS.TAG") ret=0040ed42
1498376.233:00ec:00f0:Ret  KERNEL32.GetPrivateProfileStringA() retval=00000000 ret=0040ed42
1498376.233:00ec:00f0:Call KERNEL32.GetPrivateProfileStringA(004c08a0 "CAMERAS",0022f1f0 "4218",004e749c "",0022f230,00000400,0022f210 "IAM\\CAMERAS.TAG") ret=0040ed42
1498376.234:00ec:00f0:Ret  KERNEL32.GetPrivateProfileStringA() retval=00000000 ret=0040ed42
1498377.957:00ec:00f0:Call KERNEL32.GetPrivateProfileStringA(004c07cc "DIALOGS",0022f1fc "386",004e749c "",0022f23c,00000400,0022f21c "IAM\\DIALOGS.TAG") ret=0040ed42
1498377.957:00ec:00f0:Ret  KERNEL32.GetPrivateProfileStringA() retval=0000001a ret=0040ed42
1498383.554:00ec:00f0:Call KERNEL32.GetPrivateProfileStringA(004c0844 "OBJECTS",0022f00c "534",004e749c "",0022f04c,00000400,0022f02c "IAM\\OBJECTS.TAG") ret=0040ed42
1498383.555:00ec:00f0:Ret  KERNEL32.GetPrivateProfileStringA() retval=00000017 ret=0040ed42
1498395.843:00ec:00f0:Call KERNEL32.GetPrivateProfileStringA(004c0c10 "OBJECTS",0022f1f8 "344",004e749c "",0022f238,00000400,0022f218 "IAM\\OBJECTS.TAG") ret=0040ed42
1498395.845:00ec:00f0:Ret  KERNEL32.GetPrivateProfileStringA() retval=0000001a ret=0040ed42
1498395.846:00ec:00f0:Call KERNEL32.GetPrivateProfileStringA(004c082c "ADDRESSES",0022f1fc "4",004e749c "",0022f23c,00000400,0022f21c "IAM\\ADDRESSES.TAG") ret=0040ed42
1498395.846:00ec:00f0:Ret  KERNEL32.GetPrivateProfileStringA() retval=0000001f ret=0040ed42
1498395.846:00ec:00f0:Call KERNEL32.GetPrivateProfileStringA(004c07e8 "SCENES",0022f1f0 "56",004e749c "",0022f230,00000400,0022f210 "IAM\\SCENES.TAG") ret=0040ed42
1498395.846:00ec:00f0:Ret  KERNEL32.GetPrivateProfileStringA() retval=00000016 ret=0040ed42
1498395.846:00ec:00f0:Call KERNEL32.GetPrivateProfileStringA(004c07f0 "ADDRESSES",0022f1fc "637",004e749c "",0022f23c,00000400,0022f21c "IAM\\ADDRESSES.TAG") ret=0040ed42
1498395.848:00ec:00f0:Ret  KERNEL32.GetPrivateProfileStringA() retval=00000016 ret=0040ed42
1498395.848:00ec:00f0:Call KERNEL32.GetPrivateProfileStringA(004c07cc "DIALOGS",0022f1fc "388",004e749c "",0022f23c,00000400,0022f21c "IAM\\DIALOGS.TAG") ret=0040ed42
1498395.849:00ec:00f0:Ret  KERNEL32.GetPrivateProfileStringA() retval=00000013 ret=0040ed42
1498406.558:00ec:00f0:Call KERNEL32.GetPrivateProfileStringA(004c0c38 "OBJECTS",0022f1f8 "27",004e749c "",0022f238,00000400,0022f218 "IAM\\OBJECTS.TAG") ret=0040ed42
1498406.558:00ec:00f0:Ret  KERNEL32.GetPrivateProfileStringA() retval=0000000e ret=0040ed42
1498406.558:00ec:00f0:Call KERNEL32.GetPrivateProfileStringA(004c07d8 "ZONES",0022f1fc "3733",004e749c "",0022f23c,00000400,0022f21c "IAM\\ZONES.TAG") ret=0040ed42
1498406.559:00ec:00f0:Ret  KERNEL32.GetPrivateProfileStringA() retval=00000000 ret=0040ed42
1498406.559:00ec:00f0:Call KERNEL32.GetPrivateProfileStringA(004c07e0 "ZONES",0022f1fc "3718",004e749c "",0022f23c,00000400,0022f21c "IAM\\ZONES.TAG") ret=0040ed42
1498406.561:00ec:00f0:Ret  KERNEL32.GetPrivateProfileStringA() retval=00000000 ret=0040ed42
1498406.563:00ec:00f0:Call KERNEL32.GetPrivateProfileStringA(004c0898 "CAMERAS",0022f1f8 "4215",004e749c "",0022f238,00000400,0022f218 "IAM\\CAMERAS.TAG") ret=0040ed42
1498406.563:00ec:00f0:Ret  KERNEL32.GetPrivateProfileStringA() retval=00000000 ret=0040ed42
1498406.563:00ec:00f0:Call KERNEL32.GetPrivateProfileStringA(004c08a0 "CAMERAS",0022f1f0 "4216",004e749c "",0022f230,00000400,0022f210 "IAM\\CAMERAS.TAG") ret=0040ed42
1498406.563:00ec:00f0:Ret  KERNEL32.GetPrivateProfileStringA() retval=00000000 ret=0040ed42
1498409.263:00ec:00f0:Call KERNEL32.GetPrivateProfileStringA(004c0898 "CAMERAS",0022f1f8 "0",004e749c "",0022f238,00000400,0022f218 "IAM\\CAMERAS.TAG") ret=0040ed42
1498409.264:00ec:00f0:Ret  KERNEL32.GetPrivateProfileStringA() retval=0000000d ret=0040ed42
1498409.264:00ec:00f0:Call KERNEL32.GetPrivateProfileStringA(004c06e4 "VARIABLES",0022f200 "5",004e749c "",0022f240,00000400,0022f220 "IAM\\VARIABLES.TAG") ret=0040ed42
1498409.264:00ec:00f0:Ret  KERNEL32.GetPrivateProfileStringA() retval=00000015 ret=0040ed42
1498409.264:00ec:00f0:Call KERNEL32.GetPrivateProfileStringA(004c06d8 "VARIABLES",0022f200 "38",004e749c "",0022f240,00000400,0022f220 "IAM\\VARIABLES.TAG") ret=0040ed42
1498409.264:00ec:00f0:Ret  KERNEL32.GetPrivateProfileStringA() retval=00000017 ret=0040ed42
1498409.264:00ec:00f0:Call KERNEL32.GetPrivateProfileStringA(004c06e4 "VARIABLES",0022f200 "8",004e749c "",0022f240,00000400,0022f220 "IAM\\VARIABLES.TAG") ret=0040ed42
1498409.264:00ec:00f0:Ret  KERNEL32.GetPrivateProfileStringA() retval=00000018 ret=0040ed42
1498409.264:00ec:00f0:Call KERNEL32.GetPrivateProfileStringA(004c07e0 "ZONES",0022f1fc "3734",004e749c "",0022f23c,00000400,0022f21c "IAM\\ZONES.TAG") ret=0040ed42
1498409.264:00ec:00f0:Ret  KERNEL32.GetPrivateProfileStringA() retval=00000000 ret=0040ed42
1498409.264:00ec:00f0:Call KERNEL32.GetPrivateProfileStringA(004c07e0 "ZONES",0022f1fc "3735",004e749c "",0022f23c,00000400,0022f21c "IAM\\ZONES.TAG") ret=0040ed42
1498409.267:00ec:00f0:Ret  KERNEL32.GetPrivateProfileStringA() retval=00000000 ret=0040ed42
1498409.267:00ec:00f0:Call KERNEL32.GetPrivateProfileStringA(004c07e0 "ZONES",0022f1fc "3736",004e749c "",0022f23c,00000400,0022f21c "IAM\\ZONES.TAG") ret=0040ed42
1498409.269:00ec:00f0:Ret  KERNEL32.GetPrivateProfileStringA() retval=00000000 ret=0040ed42
1498416.577:00ec:00f0:Call KERNEL32.GetPrivateProfileStringA(004c0898 "CAMERAS",0022f1f8 "0",004e749c "",0022f238,00000400,0022f218 "IAM\\CAMERAS.TAG") ret=0040ed42
1498416.579:00ec:00f0:Ret  KERNEL32.GetPrivateProfileStringA() retval=0000000d ret=0040ed42
1498422.830:00ec:00f0:Call KERNEL32.GetPrivateProfileStringA(004c0898 "CAMERAS",0022f1f8 "4157",004e749c "",0022f238,00000400,0022f218 "IAM\\CAMERAS.TAG") ret=0040ed42
1498422.830:00ec:00f0:Ret  KERNEL32.GetPrivateProfileStringA() retval=00000000 ret=0040ed42
1498422.830:00ec:00f0:Call KERNEL32.GetPrivateProfileStringA(004c06c4 "VARIABLES",0022f1fc "60",004e749c "",0022f23c,00000400,0022f21c "IAM\\VARIABLES.TAG") ret=0040ed42
1498422.830:00ec:00f0:Ret  KERNEL32.GetPrivateProfileStringA() retval=00000007 ret=0040ed42
1498422.830:00ec:00f0:Call KERNEL32.GetPrivateProfileStringA(004c0844 "OBJECTS",0022f0f4 "990",004e749c "",0022f134,00000400,0022f114 "IAM\\OBJECTS.TAG") ret=0040ed42
1498422.830:00ec:00f0:Ret  KERNEL32.GetPrivateProfileStringA() retval=0000001d ret=0040ed42
1498422.832:00ec:00f0:Call KERNEL32.GetPrivateProfileStringA(004c0898 "CAMERAS",0022f1f8 "6",004e749c "",0022f238,00000400,0022f218 "IAM\\CAMERAS.TAG") ret=0040ed42
1498422.832:00ec:00f0:Ret  KERNEL32.GetPrivateProfileStringA() retval=0000001b ret=0040ed42
1498424.084:00ec:00f0:Call KERNEL32.GetPrivateProfileStringA(004c0898 "CAMERAS",0022f1f8 "4157",004e749c "",0022f238,00000400,0022f218 "IAM\\CAMERAS.TAG") ret=0040ed42
1498424.087:00ec:00f0:Ret  KERNEL32.GetPrivateProfileStringA() retval=00000000 ret=0040ed42
1498424.087:00ec:00f0:Call KERNEL32.GetPrivateProfileStringA(004c06c4 "VARIABLES",0022f1fc "60",004e749c "",0022f23c,00000400,0022f21c "IAM\\VARIABLES.TAG") ret=0040ed42
1498424.087:00ec:00f0:Ret  KERNEL32.GetPrivateProfileStringA() retval=00000007 ret=0040ed42
1498424.087:00ec:00f0:Call KERNEL32.GetPrivateProfileStringA(004c0844 "OBJECTS",0022f0f4 "990",004e749c "",0022f134,00000400,0022f114 "IAM\\OBJECTS.TAG") ret=0040ed42
1498424.087:00ec:00f0:Ret  KERNEL32.GetPrivateProfileStringA() retval=0000001d ret=0040ed42
1498424.088:00ec:00f0:Call KERNEL32.GetPrivateProfileStringA(004c0898 "CAMERAS",0022f1f8 "6",004e749c "",0022f238,00000400,0022f218 "IAM\\CAMERAS.TAG") ret=0040ed42
1498424.089:00ec:00f0:Ret  KERNEL32.GetPrivateProfileStringA() retval=0000001b ret=0040ed42
1498427.689:00ec:00f0:Call KERNEL32.GetPrivateProfileStringA(004c0c08 "OBJECTS",0022f1f8 "27",004e749c "",0022f238,00000400,0022f218 "IAM\\OBJECTS.TAG") ret=0040ed42
1498427.690:00ec:00f0:Ret  KERNEL32.GetPrivateProfileStringA() retval=0000000e ret=0040ed42
1498427.690:00ec:00f0:Call KERNEL32.GetPrivateProfileStringA(004c06c4 "VARIABLES",0022f1fc "20",004e749c "",0022f23c,00000400,0022f21c "IAM\\VARIABLES.TAG") ret=0040ed42
1498427.690:00ec:00f0:Ret  KERNEL32.GetPrivateProfileStringA() retval=0000000a ret=0040ed42
1498427.690:00ec:00f0:Call KERNEL32.GetPrivateProfileStringA(004c07d8 "ZONES",0022f1fc "3718",004e749c "",0022f23c,00000400,0022f21c "IAM\\ZONES.TAG") ret=0040ed42
1498427.691:00ec:00f0:Ret  KERNEL32.GetPrivateProfileStringA() retval=00000000 ret=0040ed42
1498427.691:00ec:00f0:Call KERNEL32.GetPrivateProfileStringA(004c07e0 "ZONES",0022f1fc "3733",004e749c "",0022f23c,00000400,0022f21c "IAM\\ZONES.TAG") ret=0040ed42
1498427.693:00ec:00f0:Ret  KERNEL32.GetPrivateProfileStringA() retval=00000000 ret=0040ed42
1498427.764:00ec:00f0:Call KERNEL32.GetPrivateProfileStringA(004c0790 "AREAS",0022f1f4 "0",004e749c "",0022f234,00000400,0022f214 "IAM\\AREAS.TAG") ret=0040ed42
1498427.765:00ec:00f0:Ret  KERNEL32.GetPrivateProfileStringA() retval=00000007 ret=0040ed42
1498429.218:00ec:00f0:Call KERNEL32.GetPrivateProfileStringA(004c0898 "CAMERAS",0022f1f8 "96",004e749c "",0022f238,00000400,0022f218 "IAM\\CAMERAS.TAG") ret=0040ed42
1498429.220:00ec:00f0:Ret  KERNEL32.GetPrivateProfileStringA() retval=00000012 ret=0040ed42
1498440.483:00ec:00f0:Call KERNEL32.GetPrivateProfileStringA(004c06e4 "VARIABLES",0022f200 "175",004e749c "",0022f240,00000400,0022f220 "IAM\\VARIABLES.TAG") ret=0040ed42
1498440.483:00ec:00f0:Ret  KERNEL32.GetPrivateProfileStringA() retval=0000000d ret=0040ed42
1498440.483:00ec:00f0:Call KERNEL32.GetPrivateProfileStringA(004c06f0 "VARIABLES",0022f1fc "170",004e749c "",0022f23c,00000400,0022f21c "IAM\\VARIABLES.TAG") ret=0040ed42
1498440.483:00ec:00f0:Ret  KERNEL32.GetPrivateProfileStringA() retval=00000010 ret=0040ed42
1498440.485:00ec:00f0:Call KERNEL32.GetPrivateProfileStringA(004c0844 "OBJECTS",0022f0f4 "997",004e749c "",0022f134,00000400,0022f114 "IAM\\OBJECTS.TAG") ret=0040ed42
1498440.485:00ec:00f0:Ret  KERNEL32.GetPrivateProfileStringA() retval=0000001a ret=0040ed42
