1327772.928:0028:002c:trace:relay:load_list L"RelayInclude" = L"KERNEL32.GetPrivateProfileStringA"
1327772.954:0028:002c:trace:relay:load_list L"RelayInclude" = L"KERNEL32.GetPrivateProfileStringA"
1327773.126:0030:0034:trace:relay:load_list L"RelayInclude" = L"KERNEL32.GetPrivateProfileStringA"
1327773.147:0030:0034:trace:relay:load_list L"RelayInclude" = L"KERNEL32.GetPrivateProfileStringA"
1327773.277:003c:0040:trace:relay:load_list L"RelayInclude" = L"KERNEL32.GetPrivateProfileStringA"
1327773.301:003c:0040:trace:relay:load_list L"RelayInclude" = L"KERNEL32.GetPrivateProfileStringA"
1327773.434:0060:0064:trace:relay:load_list L"RelayInclude" = L"KERNEL32.GetPrivateProfileStringA"
1327773.454:0060:0064:trace:relay:load_list L"RelayInclude" = L"KERNEL32.GetPrivateProfileStringA"
1327773.714:0078:007c:trace:relay:load_list L"RelayInclude" = L"KERNEL32.GetPrivateProfileStringA"
1327773.735:0078:007c:trace:relay:load_list L"RelayInclude" = L"KERNEL32.GetPrivateProfileStringA"
1327773.860:0090:0094:trace:relay:load_list L"RelayInclude" = L"KERNEL32.GetPrivateProfileStringA"
1327773.881:0090:0094:trace:relay:load_list L"RelayInclude" = L"KERNEL32.GetPrivateProfileStringA"
1327774.391:0020:0024:trace:relay:load_list L"RelayInclude" = L"KERNEL32.GetPrivateProfileStringA"
1327774.412:0020:0024:trace:relay:load_list L"RelayInclude" = L"KERNEL32.GetPrivateProfileStringA"
1327774.601:00cc:00d0:trace:relay:load_list L"RelayInclude" = L"KERNEL32.GetPrivateProfileStringA"
1327774.621:00cc:00d0:trace:relay:load_list L"RelayInclude" = L"KERNEL32.GetPrivateProfileStringA"
1327774.836:00d4:00d8:trace:relay:load_list L"RelayInclude" = L"KERNEL32.GetPrivateProfileStringA"
1327774.857:00d4:00d8:trace:relay:load_list L"RelayInclude" = L"KERNEL32.GetPrivateProfileStringA"
1327775.938:00ec:00f0:trace:relay:load_list L"RelayInclude" = L"KERNEL32.GetPrivateProfileStringA"
1327775.961:00ec:00f0:trace:relay:load_list L"RelayInclude" = L"KERNEL32.GetPrivateProfileStringA"
1327776.023:00fc:0100:trace:relay:load_list L"RelayInclude" = L"KERNEL32.GetPrivateProfileStringA"
1327776.045:00fc:0100:trace:relay:load_list L"RelayInclude" = L"KERNEL32.GetPrivateProfileStringA"
1327794.631:00ec:00f0:Call KERNEL32.GetPrivateProfileStringA(004c06e4 "VARIABLES",0022f200 "175",004e749c "",0022f240,00000400,0022f220 "IAM\\VARIABLES.TAG") ret=0040ed42
1327794.634:00ec:00f0:Ret  KERNEL32.GetPrivateProfileStringA() retval=0000000d ret=0040ed42
1327794.634:00ec:00f0:Call KERNEL32.GetPrivateProfileStringA(004c06f0 "VARIABLES",0022f1fc "170",004e749c "",0022f23c,00000400,0022f21c "IAM\\VARIABLES.TAG") ret=0040ed42
1327794.634:00ec:00f0:Ret  KERNEL32.GetPrivateProfileStringA() retval=00000010 ret=0040ed42
1327794.637:00ec:00f0:Call KERNEL32.GetPrivateProfileStringA(004c0844 "OBJECTS",0022f0f4 "997",004e749c "",0022f134,00000400,0022f114 "IAM\\OBJECTS.TAG") ret=0040ed42
1327794.639:00ec:00f0:Ret  KERNEL32.GetPrivateProfileStringA() retval=0000001a ret=0040ed42
1327802.771:00ec:00f0:Call KERNEL32.GetPrivateProfileStringA(004c1fd8 "Cdchange",004c1fcc "Quitgame",004c1fc0 "Quit game ?",0022eff4,000003ff,0022eef0 "Y:\\Documents\\omk\\fr\\IAM\\cdchange.txt") ret=00412424
1327802.773:00ec:00f0:Ret  KERNEL32.GetPrivateProfileStringA() retval=00000010 ret=00412424
1327802.773:00ec:00f0:Call KERNEL32.GetPrivateProfileStringA(004c1fec "Cdchange",004c1fe8 "Yes",004c1fe4 "Yes",0022eff4,000003ff,0022eef0 "Y:\\Documents\\omk\\fr\\IAM\\cdchange.txt") ret=004124d4
1327802.773:00ec:00f0:Ret  KERNEL32.GetPrivateProfileStringA() retval=00000003 ret=004124d4
1327802.773:00ec:00f0:Call KERNEL32.GetPrivateProfileStringA(004c2000 "Cdchange",004c1ffc "No",004c1ff8 "No",0022eff4,000003ff,0022eef0 "Y:\\Documents\\omk\\fr\\IAM\\cdchange.txt") ret=00412595
1327802.773:00ec:00f0:Ret  KERNEL32.GetPrivateProfileStringA() retval=00000003 ret=00412595
1327802.776:00ec:00f0:Call KERNEL32.GetPrivateProfileStringA(004c1fd8 "Cdchange",004c1fcc "Quitgame",004c1fc0 "Quit game ?",0022eff4,000003ff,0022eef0 "Y:\\Documents\\omk\\fr\\IAM\\cdchange.txt") ret=00412424
1327802.777:00ec:00f0:Ret  KERNEL32.GetPrivateProfileStringA() retval=00000010 ret=00412424
1327802.777:00ec:00f0:Call KERNEL32.GetPrivateProfileStringA(004c1fec "Cdchange",004c1fe8 "Yes",004c1fe4 "Yes",0022eff4,000003ff,0022eef0 "Y:\\Documents\\omk\\fr\\IAM\\cdchange.txt") ret=004124d4
1327802.777:00ec:00f0:Ret  KERNEL32.GetPrivateProfileStringA() retval=00000003 ret=004124d4
1327802.777:00ec:00f0:Call KERNEL32.GetPrivateProfileStringA(004c2000 "Cdchange",004c1ffc "No",004c1ff8 "No",0022eff4,000003ff,0022eef0 "Y:\\Documents\\omk\\fr\\IAM\\cdchange.txt") ret=00412595
1327802.777:00ec:00f0:Ret  KERNEL32.GetPrivateProfileStringA() retval=00000003 ret=00412595
1327802.789:00ec:00f0:Call KERNEL32.GetPrivateProfileStringA(004c1fd8 "Cdchange",004c1fcc "Quitgame",004c1fc0 "Quit game ?",0022eff4,000003ff,0022eef0 "Y:\\Documents\\omk\\fr\\IAM\\cdchange.txt") ret=00412424
1327802.789:00ec:00f0:Ret  KERNEL32.GetPrivateProfileStringA() retval=00000010 ret=00412424
1327802.789:00ec:00f0:Call KERNEL32.GetPrivateProfileStringA(004c1fec "Cdchange",004c1fe8 "Yes",004c1fe4 "Yes",0022eff4,000003ff,0022eef0 "Y:\\Documents\\omk\\fr\\IAM\\cdchange.txt") ret=004124d4
1327802.789:00ec:00f0:Ret  KERNEL32.GetPrivateProfileStringA() retval=00000003 ret=004124d4
1327802.789:00ec:00f0:Call KERNEL32.GetPrivateProfileStringA(004c2000 "Cdchange",004c1ffc "No",004c1ff8 "No",0022eff4,000003ff,0022eef0 "Y:\\Documents\\omk\\fr\\IAM\\cdchange.txt") ret=00412595
1327802.789:00ec:00f0:Ret  KERNEL32.GetPrivateProfileStringA() retval=00000003 ret=00412595
1327802.797:00ec:00f0:Call KERNEL32.GetPrivateProfileStringA(004c1fd8 "Cdchange",004c1fcc "Quitgame",004c1fc0 "Quit game ?",0022eff4,000003ff,0022eef0 "Y:\\Documents\\omk\\fr\\IAM\\cdchange.txt") ret=00412424
1327802.798:00ec:00f0:Ret  KERNEL32.GetPrivateProfileStringA() retval=00000010 ret=00412424
1327802.798:00ec:00f0:Call KERNEL32.GetPrivateProfileStringA(004c1fec "Cdchange",004c1fe8 "Yes",004c1fe4 "Yes",0022eff4,000003ff,0022eef0 "Y:\\Documents\\omk\\fr\\IAM\\cdchange.txt") ret=004124d4
1327802.798:00ec:00f0:Ret  KERNEL32.GetPrivateProfileStringA() retval=00000003 ret=004124d4
1327802.798:00ec:00f0:Call KERNEL32.GetPrivateProfileStringA(004c2000 "Cdchange",004c1ffc "No",004c1ff8 "No",0022eff4,000003ff,0022eef0 "Y:\\Documents\\omk\\fr\\IAM\\cdchange.txt") ret=00412595
1327802.799:00ec:00f0:Ret  KERNEL32.GetPrivateProfileStringA() retval=00000003 ret=00412595
1327802.802:00ec:00f0:Call KERNEL32.GetPrivateProfileStringA(004c1fd8 "Cdchange",004c1fcc "Quitgame",004c1fc0 "Quit game ?",0022eff4,000003ff,0022eef0 "Y:\\Documents\\omk\\fr\\IAM\\cdchange.txt") ret=00412424
1327802.802:00ec:00f0:Ret  KERNEL32.GetPrivateProfileStringA() retval=00000010 ret=00412424
1327802.802:00ec:00f0:Call KERNEL32.GetPrivateProfileStringA(004c1fec "Cdchange",004c1fe8 "Yes",004c1fe4 "Yes",0022eff4,000003ff,0022eef0 "Y:\\Documents\\omk\\fr\\IAM\\cdchange.txt") ret=004124d4
1327802.802:00ec:00f0:Ret  KERNEL32.GetPrivateProfileStringA() retval=00000003 ret=004124d4
1327802.802:00ec:00f0:Call KERNEL32.GetPrivateProfileStringA(004c2000 "Cdchange",004c1ffc "No",004c1ff8 "No",0022eff4,000003ff,0022eef0 "Y:\\Documents\\omk\\fr\\IAM\\cdchange.txt") ret=00412595
1327802.802:00ec:00f0:Ret  KERNEL32.GetPrivateProfileStringA() retval=00000003 ret=00412595
1327802.816:00ec:00f0:Call KERNEL32.GetPrivateProfileStringA(004c1fd8 "Cdchange",004c1fcc "Quitgame",004c1fc0 "Quit game ?",0022eff4,000003ff,0022eef0 "Y:\\Documents\\omk\\fr\\IAM\\cdchange.txt") ret=00412424
1327802.817:00ec:00f0:Ret  KERNEL32.GetPrivateProfileStringA() retval=00000010 ret=00412424
1327802.817:00ec:00f0:Call KERNEL32.GetPrivateProfileStringA(004c1fec "Cdchange",004c1fe8 "Yes",004c1fe4 "Yes",0022eff4,000003ff,0022eef0 "Y:\\Documents\\omk\\fr\\IAM\\cdchange.txt") ret=004124d4
1327802.817:00ec:00f0:Ret  KERNEL32.GetPrivateProfileStringA() retval=00000003 ret=004124d4
1327802.817:00ec:00f0:Call KERNEL32.GetPrivateProfileStringA(004c2000 "Cdchange",004c1ffc "No",004c1ff8 "No",0022eff4,000003ff,0022eef0 "Y:\\Documents\\omk\\fr\\IAM\\cdchange.txt") ret=00412595
1327802.817:00ec:00f0:Ret  KERNEL32.GetPrivateProfileStringA() retval=00000003 ret=00412595
1327802.822:00ec:00f0:Call KERNEL32.GetPrivateProfileStringA(004c1fd8 "Cdchange",004c1fcc "Quitgame",004c1fc0 "Quit game ?",0022eff4,000003ff,0022eef0 "Y:\\Documents\\omk\\fr\\IAM\\cdchange.txt") ret=00412424
1327802.822:00ec:00f0:Ret  KERNEL32.GetPrivateProfileStringA() retval=00000010 ret=00412424
1327802.822:00ec:00f0:Call KERNEL32.GetPrivateProfileStringA(004c1fec "Cdchange",004c1fe8 "Yes",004c1fe4 "Yes",0022eff4,000003ff,0022eef0 "Y:\\Documents\\omk\\fr\\IAM\\cdchange.txt") ret=004124d4
1327802.823:00ec:00f0:Ret  KERNEL32.GetPrivateProfileStringA() retval=00000003 ret=004124d4
1327802.823:00ec:00f0:Call KERNEL32.GetPrivateProfileStringA(004c2000 "Cdchange",004c1ffc "No",004c1ff8 "No",0022eff4,000003ff,0022eef0 "Y:\\Documents\\omk\\fr\\IAM\\cdchange.txt") ret=00412595
1327802.823:00ec:00f0:Ret  KERNEL32.GetPrivateProfileStringA() retval=00000003 ret=00412595
1327802.825:00ec:00f0:Call KERNEL32.GetPrivateProfileStringA(004c1fd8 "Cdchange",004c1fcc "Quitgame",004c1fc0 "Quit game ?",0022eff4,000003ff,0022eef0 "Y:\\Documents\\omk\\fr\\IAM\\cdchange.txt") ret=00412424
1327802.825:00ec:00f0:Ret  KERNEL32.GetPrivateProfileStringA() retval=00000010 ret=00412424
1327802.825:00ec:00f0:Call KERNEL32.GetPrivateProfileStringA(004c1fec "Cdchange",004c1fe8 "Yes",004c1fe4 "Yes",0022eff4,000003ff,0022eef0 "Y:\\Documents\\omk\\fr\\IAM\\cdchange.txt") ret=004124d4
1327802.825:00ec:00f0:Ret  KERNEL32.GetPrivateProfileStringA() retval=00000003 ret=004124d4
1327802.825:00ec:00f0:Call KERNEL32.GetPrivateProfileStringA(004c2000 "Cdchange",004c1ffc "No",004c1ff8 "No",0022eff4,000003ff,0022eef0 "Y:\\Documents\\omk\\fr\\IAM\\cdchange.txt") ret=00412595
1327802.826:00ec:00f0:Ret  KERNEL32.GetPrivateProfileStringA() retval=00000003 ret=00412595
1327802.838:00ec:00f0:Call KERNEL32.GetPrivateProfileStringA(004c1fd8 "Cdchange",004c1fcc "Quitgame",004c1fc0 "Quit game ?",0022eff4,000003ff,0022eef0 "Y:\\Documents\\omk\\fr\\IAM\\cdchange.txt") ret=00412424
1327802.838:00ec:00f0:Ret  KERNEL32.GetPrivateProfileStringA() retval=00000010 ret=00412424
1327802.838:00ec:00f0:Call KERNEL32.GetPrivateProfileStringA(004c1fec "Cdchange",004c1fe8 "Yes",004c1fe4 "Yes",0022eff4,000003ff,0022eef0 "Y:\\Documents\\omk\\fr\\IAM\\cdchange.txt") ret=004124d4
1327802.839:00ec:00f0:Ret  KERNEL32.GetPrivateProfileStringA() retval=00000003 ret=004124d4
1327802.839:00ec:00f0:Call KERNEL32.GetPrivateProfileStringA(004c2000 "Cdchange",004c1ffc "No",004c1ff8 "No",0022eff4,000003ff,0022eef0 "Y:\\Documents\\omk\\fr\\IAM\\cdchange.txt") ret=00412595
1327802.839:00ec:00f0:Ret  KERNEL32.GetPrivateProfileStringA() retval=00000003 ret=00412595
1327802.847:00ec:00f0:Call KERNEL32.GetPrivateProfileStringA(004c1fd8 "Cdchange",004c1fcc "Quitgame",004c1fc0 "Quit game ?",0022eff4,000003ff,0022eef0 "Y:\\Documents\\omk\\fr\\IAM\\cdchange.txt") ret=00412424
1327802.847:00ec:00f0:Ret  KERNEL32.GetPrivateProfileStringA() retval=00000010 ret=00412424
1327802.847:00ec:00f0:Call KERNEL32.GetPrivateProfileStringA(004c1fec "Cdchange",004c1fe8 "Yes",004c1fe4 "Yes",0022eff4,000003ff,0022eef0 "Y:\\Documents\\omk\\fr\\IAM\\cdchange.txt") ret=004124d4
1327802.847:00ec:00f0:Ret  KERNEL32.GetPrivateProfileStringA() retval=00000003 ret=004124d4
1327802.847:00ec:00f0:Call KERNEL32.GetPrivateProfileStringA(004c2000 "Cdchange",004c1ffc "No",004c1ff8 "No",0022eff4,000003ff,0022eef0 "Y:\\Documents\\omk\\fr\\IAM\\cdchange.txt") ret=00412595
1327802.847:00ec:00f0:Ret  KERNEL32.GetPrivateProfileStringA() retval=00000003 ret=00412595
1327802.850:00ec:00f0:Call KERNEL32.GetPrivateProfileStringA(004c1fd8 "Cdchange",004c1fcc "Quitgame",004c1fc0 "Quit game ?",0022eff4,000003ff,0022eef0 "Y:\\Documents\\omk\\fr\\IAM\\cdchange.txt") ret=00412424
1327802.850:00ec:00f0:Ret  KERNEL32.GetPrivateProfileStringA() retval=00000010 ret=00412424
1327802.850:00ec:00f0:Call KERNEL32.GetPrivateProfileStringA(004c1fec "Cdchange",004c1fe8 "Yes",004c1fe4 "Yes",0022eff4,000003ff,0022eef0 "Y:\\Documents\\omk\\fr\\IAM\\cdchange.txt") ret=004124d4
1327802.851:00ec:00f0:Ret  KERNEL32.GetPrivateProfileStringA() retval=00000003 ret=004124d4
1327802.851:00ec:00f0:Call KERNEL32.GetPrivateProfileStringA(004c2000 "Cdchange",004c1ffc "No",004c1ff8 "No",0022eff4,000003ff,0022eef0 "Y:\\Documents\\omk\\fr\\IAM\\cdchange.txt") ret=00412595
1327802.851:00ec:00f0:Ret  KERNEL32.GetPrivateProfileStringA() retval=00000003 ret=00412595
1327802.863:00ec:00f0:Call KERNEL32.GetPrivateProfileStringA(004c1fd8 "Cdchange",004c1fcc "Quitgame",004c1fc0 "Quit game ?",0022eff4,000003ff,0022eef0 "Y:\\Documents\\omk\\fr\\IAM\\cdchange.txt") ret=00412424
1327802.863:00ec:00f0:Ret  KERNEL32.GetPrivateProfileStringA() retval=00000010 ret=00412424
1327802.863:00ec:00f0:Call KERNEL32.GetPrivateProfileStringA(004c1fec "Cdchange",004c1fe8 "Yes",004c1fe4 "Yes",0022eff4,000003ff,0022eef0 "Y:\\Documents\\omk\\fr\\IAM\\cdchange.txt") ret=004124d4
1327802.864:00ec:00f0:Ret  KERNEL32.GetPrivateProfileStringA() retval=00000003 ret=004124d4
1327802.864:00ec:00f0:Call KERNEL32.GetPrivateProfileStringA(004c2000 "Cdchange",004c1ffc "No",004c1ff8 "No",0022eff4,000003ff,0022eef0 "Y:\\Documents\\omk\\fr\\IAM\\cdchange.txt") ret=00412595
1327802.864:00ec:00f0:Ret  KERNEL32.GetPrivateProfileStringA() retval=00000003 ret=00412595
1327802.872:00ec:00f0:Call KERNEL32.GetPrivateProfileStringA(004c1fd8 "Cdchange",004c1fcc "Quitgame",004c1fc0 "Quit game ?",0022eff4,000003ff,0022eef0 "Y:\\Documents\\omk\\fr\\IAM\\cdchange.txt") ret=00412424
1327802.872:00ec:00f0:Ret  KERNEL32.GetPrivateProfileStringA() retval=00000010 ret=00412424
1327802.872:00ec:00f0:Call KERNEL32.GetPrivateProfileStringA(004c1fec "Cdchange",004c1fe8 "Yes",004c1fe4 "Yes",0022eff4,000003ff,0022eef0 "Y:\\Documents\\omk\\fr\\IAM\\cdchange.txt") ret=004124d4
1327802.872:00ec:00f0:Ret  KERNEL32.GetPrivateProfileStringA() retval=00000003 ret=004124d4
1327802.872:00ec:00f0:Call KERNEL32.GetPrivateProfileStringA(004c2000 "Cdchange",004c1ffc "No",004c1ff8 "No",0022eff4,000003ff,0022eef0 "Y:\\Documents\\omk\\fr\\IAM\\cdchange.txt") ret=00412595
1327802.872:00ec:00f0:Ret  KERNEL32.GetPrivateProfileStringA() retval=00000003 ret=00412595
1327802.876:00ec:00f0:Call KERNEL32.GetPrivateProfileStringA(004c1fd8 "Cdchange",004c1fcc "Quitgame",004c1fc0 "Quit game ?",0022eff4,000003ff,0022eef0 "Y:\\Documents\\omk\\fr\\IAM\\cdchange.txt") ret=00412424
1327802.877:00ec:00f0:Ret  KERNEL32.GetPrivateProfileStringA() retval=00000010 ret=00412424
1327802.877:00ec:00f0:Call KERNEL32.GetPrivateProfileStringA(004c1fec "Cdchange",004c1fe8 "Yes",004c1fe4 "Yes",0022eff4,000003ff,0022eef0 "Y:\\Documents\\omk\\fr\\IAM\\cdchange.txt") ret=004124d4
1327802.877:00ec:00f0:Ret  KERNEL32.GetPrivateProfileStringA() retval=00000003 ret=004124d4
1327802.877:00ec:00f0:Call KERNEL32.GetPrivateProfileStringA(004c2000 "Cdchange",004c1ffc "No",004c1ff8 "No",0022eff4,000003ff,0022eef0 "Y:\\Documents\\omk\\fr\\IAM\\cdchange.txt") ret=00412595
1327802.877:00ec:00f0:Ret  KERNEL32.GetPrivateProfileStringA() retval=00000003 ret=00412595
1327802.888:00ec:00f0:Call KERNEL32.GetPrivateProfileStringA(004c1fd8 "Cdchange",004c1fcc "Quitgame",004c1fc0 "Quit game ?",0022eff4,000003ff,0022eef0 "Y:\\Documents\\omk\\fr\\IAM\\cdchange.txt") ret=00412424
1327802.889:00ec:00f0:Ret  KERNEL32.GetPrivateProfileStringA() retval=00000010 ret=00412424
1327802.889:00ec:00f0:Call KERNEL32.GetPrivateProfileStringA(004c1fec "Cdchange",004c1fe8 "Yes",004c1fe4 "Yes",0022eff4,000003ff,0022eef0 "Y:\\Documents\\omk\\fr\\IAM\\cdchange.txt") ret=004124d4
1327802.889:00ec:00f0:Ret  KERNEL32.GetPrivateProfileStringA() retval=00000003 ret=004124d4
1327802.889:00ec:00f0:Call KERNEL32.GetPrivateProfileStringA(004c2000 "Cdchange",004c1ffc "No",004c1ff8 "No",0022eff4,000003ff,0022eef0 "Y:\\Documents\\omk\\fr\\IAM\\cdchange.txt") ret=00412595
1327802.889:00ec:00f0:Ret  KERNEL32.GetPrivateProfileStringA() retval=00000003 ret=00412595
1327802.897:00ec:00f0:Call KERNEL32.GetPrivateProfileStringA(004c1fd8 "Cdchange",004c1fcc "Quitgame",004c1fc0 "Quit game ?",0022eff4,000003ff,0022eef0 "Y:\\Documents\\omk\\fr\\IAM\\cdchange.txt") ret=00412424
1327802.897:00ec:00f0:Ret  KERNEL32.GetPrivateProfileStringA() retval=00000010 ret=00412424
1327802.897:00ec:00f0:Call KERNEL32.GetPrivateProfileStringA(004c1fec "Cdchange",004c1fe8 "Yes",004c1fe4 "Yes",0022eff4,000003ff,0022eef0 "Y:\\Documents\\omk\\fr\\IAM\\cdchange.txt") ret=004124d4
1327802.898:00ec:00f0:Ret  KERNEL32.GetPrivateProfileStringA() retval=00000003 ret=004124d4
1327802.898:00ec:00f0:Call KERNEL32.GetPrivateProfileStringA(004c2000 "Cdchange",004c1ffc "No",004c1ff8 "No",0022eff4,000003ff,0022eef0 "Y:\\Documents\\omk\\fr\\IAM\\cdchange.txt") ret=00412595
1327802.898:00ec:00f0:Ret  KERNEL32.GetPrivateProfileStringA() retval=00000003 ret=00412595
1327802.900:00ec:00f0:Call KERNEL32.GetPrivateProfileStringA(004c1fd8 "Cdchange",004c1fcc "Quitgame",004c1fc0 "Quit game ?",0022eff4,000003ff,0022eef0 "Y:\\Documents\\omk\\fr\\IAM\\cdchange.txt") ret=00412424
1327802.900:00ec:00f0:Ret  KERNEL32.GetPrivateProfileStringA() retval=00000010 ret=00412424
1327802.900:00ec:00f0:Call KERNEL32.GetPrivateProfileStringA(004c1fec "Cdchange",004c1fe8 "Yes",004c1fe4 "Yes",0022eff4,000003ff,0022eef0 "Y:\\Documents\\omk\\fr\\IAM\\cdchange.txt") ret=004124d4
1327802.900:00ec:00f0:Ret  KERNEL32.GetPrivateProfileStringA() retval=00000003 ret=004124d4
1327802.900:00ec:00f0:Call KERNEL32.GetPrivateProfileStringA(004c2000 "Cdchange",004c1ffc "No",004c1ff8 "No",0022eff4,000003ff,0022eef0 "Y:\\Documents\\omk\\fr\\IAM\\cdchange.txt") ret=00412595
1327802.901:00ec:00f0:Ret  KERNEL32.GetPrivateProfileStringA() retval=00000003 ret=00412595
1327802.913:00ec:00f0:Call KERNEL32.GetPrivateProfileStringA(004c1fd8 "Cdchange",004c1fcc "Quitgame",004c1fc0 "Quit game ?",0022eff4,000003ff,0022eef0 "Y:\\Documents\\omk\\fr\\IAM\\cdchange.txt") ret=00412424
1327802.914:00ec:00f0:Ret  KERNEL32.GetPrivateProfileStringA() retval=00000010 ret=00412424
1327802.914:00ec:00f0:Call KERNEL32.GetPrivateProfileStringA(004c1fec "Cdchange",004c1fe8 "Yes",004c1fe4 "Yes",0022eff4,000003ff,0022eef0 "Y:\\Documents\\omk\\fr\\IAM\\cdchange.txt") ret=004124d4
1327802.914:00ec:00f0:Ret  KERNEL32.GetPrivateProfileStringA() retval=00000003 ret=004124d4
1327802.914:00ec:00f0:Call KERNEL32.GetPrivateProfileStringA(004c2000 "Cdchange",004c1ffc "No",004c1ff8 "No",0022eff4,000003ff,0022eef0 "Y:\\Documents\\omk\\fr\\IAM\\cdchange.txt") ret=00412595
1327802.914:00ec:00f0:Ret  KERNEL32.GetPrivateProfileStringA() retval=00000003 ret=00412595
1327802.921:00ec:00f0:Call KERNEL32.GetPrivateProfileStringA(004c1fd8 "Cdchange",004c1fcc "Quitgame",004c1fc0 "Quit game ?",0022eff4,000003ff,0022eef0 "Y:\\Documents\\omk\\fr\\IAM\\cdchange.txt") ret=00412424
1327802.922:00ec:00f0:Ret  KERNEL32.GetPrivateProfileStringA() retval=00000010 ret=00412424
1327802.922:00ec:00f0:Call KERNEL32.GetPrivateProfileStringA(004c1fec "Cdchange",004c1fe8 "Yes",004c1fe4 "Yes",0022eff4,000003ff,0022eef0 "Y:\\Documents\\omk\\fr\\IAM\\cdchange.txt") ret=004124d4
1327802.922:00ec:00f0:Ret  KERNEL32.GetPrivateProfileStringA() retval=00000003 ret=004124d4
1327802.922:00ec:00f0:Call KERNEL32.GetPrivateProfileStringA(004c2000 "Cdchange",004c1ffc "No",004c1ff8 "No",0022eff4,000003ff,0022eef0 "Y:\\Documents\\omk\\fr\\IAM\\cdchange.txt") ret=00412595
1327802.922:00ec:00f0:Ret  KERNEL32.GetPrivateProfileStringA() retval=00000003 ret=00412595
1327802.926:00ec:00f0:Call KERNEL32.GetPrivateProfileStringA(004c1fd8 "Cdchange",004c1fcc "Quitgame",004c1fc0 "Quit game ?",0022eff4,000003ff,0022eef0 "Y:\\Documents\\omk\\fr\\IAM\\cdchange.txt") ret=00412424
1327802.926:00ec:00f0:Ret  KERNEL32.GetPrivateProfileStringA() retval=00000010 ret=00412424
1327802.926:00ec:00f0:Call KERNEL32.GetPrivateProfileStringA(004c1fec "Cdchange",004c1fe8 "Yes",004c1fe4 "Yes",0022eff4,000003ff,0022eef0 "Y:\\Documents\\omk\\fr\\IAM\\cdchange.txt") ret=004124d4
1327802.926:00ec:00f0:Ret  KERNEL32.GetPrivateProfileStringA() retval=00000003 ret=004124d4
1327802.926:00ec:00f0:Call KERNEL32.GetPrivateProfileStringA(004c2000 "Cdchange",004c1ffc "No",004c1ff8 "No",0022eff4,000003ff,0022eef0 "Y:\\Documents\\omk\\fr\\IAM\\cdchange.txt") ret=00412595
1327802.926:00ec:00f0:Ret  KERNEL32.GetPrivateProfileStringA() retval=00000003 ret=00412595
1327802.938:00ec:00f0:Call KERNEL32.GetPrivateProfileStringA(004c1fd8 "Cdchange",004c1fcc "Quitgame",004c1fc0 "Quit game ?",0022eff4,000003ff,0022eef0 "Y:\\Documents\\omk\\fr\\IAM\\cdchange.txt") ret=00412424
1327802.939:00ec:00f0:Ret  KERNEL32.GetPrivateProfileStringA() retval=00000010 ret=00412424
1327802.939:00ec:00f0:Call KERNEL32.GetPrivateProfileStringA(004c1fec "Cdchange",004c1fe8 "Yes",004c1fe4 "Yes",0022eff4,000003ff,0022eef0 "Y:\\Documents\\omk\\fr\\IAM\\cdchange.txt") ret=004124d4
1327802.939:00ec:00f0:Ret  KERNEL32.GetPrivateProfileStringA() retval=00000003 ret=004124d4
1327802.939:00ec:00f0:Call KERNEL32.GetPrivateProfileStringA(004c2000 "Cdchange",004c1ffc "No",004c1ff8 "No",0022eff4,000003ff,0022eef0 "Y:\\Documents\\omk\\fr\\IAM\\cdchange.txt") ret=00412595
1327802.939:00ec:00f0:Ret  KERNEL32.GetPrivateProfileStringA() retval=00000003 ret=00412595
1327802.948:00ec:00f0:Call KERNEL32.GetPrivateProfileStringA(004c1fd8 "Cdchange",004c1fcc "Quitgame",004c1fc0 "Quit game ?",0022eff4,000003ff,0022eef0 "Y:\\Documents\\omk\\fr\\IAM\\cdchange.txt") ret=00412424
1327802.949:00ec:00f0:Ret  KERNEL32.GetPrivateProfileStringA() retval=00000010 ret=00412424
1327802.949:00ec:00f0:Call KERNEL32.GetPrivateProfileStringA(004c1fec "Cdchange",004c1fe8 "Yes",004c1fe4 "Yes",0022eff4,000003ff,0022eef0 "Y:\\Documents\\omk\\fr\\IAM\\cdchange.txt") ret=004124d4
1327802.949:00ec:00f0:Ret  KERNEL32.GetPrivateProfileStringA() retval=00000003 ret=004124d4
1327802.949:00ec:00f0:Call KERNEL32.GetPrivateProfileStringA(004c2000 "Cdchange",004c1ffc "No",004c1ff8 "No",0022eff4,000003ff,0022eef0 "Y:\\Documents\\omk\\fr\\IAM\\cdchange.txt") ret=00412595
1327802.949:00ec:00f0:Ret  KERNEL32.GetPrivateProfileStringA() retval=00000003 ret=00412595
1327802.963:00ec:00f0:Call KERNEL32.GetPrivateProfileStringA(004c1fd8 "Cdchange",004c1fcc "Quitgame",004c1fc0 "Quit game ?",0022eff4,000003ff,0022eef0 "Y:\\Documents\\omk\\fr\\IAM\\cdchange.txt") ret=00412424
1327802.964:00ec:00f0:Ret  KERNEL32.GetPrivateProfileStringA() retval=00000010 ret=00412424
1327802.964:00ec:00f0:Call KERNEL32.GetPrivateProfileStringA(004c1fec "Cdchange",004c1fe8 "Yes",004c1fe4 "Yes",0022eff4,000003ff,0022eef0 "Y:\\Documents\\omk\\fr\\IAM\\cdchange.txt") ret=004124d4
1327802.964:00ec:00f0:Ret  KERNEL32.GetPrivateProfileStringA() retval=00000003 ret=004124d4
1327802.964:00ec:00f0:Call KERNEL32.GetPrivateProfileStringA(004c2000 "Cdchange",004c1ffc "No",004c1ff8 "No",0022eff4,000003ff,0022eef0 "Y:\\Documents\\omk\\fr\\IAM\\cdchange.txt") ret=00412595
1327802.964:00ec:00f0:Ret  KERNEL32.GetPrivateProfileStringA() retval=00000003 ret=00412595
1327802.972:00ec:00f0:Call KERNEL32.GetPrivateProfileStringA(004c1fd8 "Cdchange",004c1fcc "Quitgame",004c1fc0 "Quit game ?",0022eff4,000003ff,0022eef0 "Y:\\Documents\\omk\\fr\\IAM\\cdchange.txt") ret=00412424
1327802.972:00ec:00f0:Ret  KERNEL32.GetPrivateProfileStringA() retval=00000010 ret=00412424
1327802.972:00ec:00f0:Call KERNEL32.GetPrivateProfileStringA(004c1fec "Cdchange",004c1fe8 "Yes",004c1fe4 "Yes",0022eff4,000003ff,0022eef0 "Y:\\Documents\\omk\\fr\\IAM\\cdchange.txt") ret=004124d4
1327802.972:00ec:00f0:Ret  KERNEL32.GetPrivateProfileStringA() retval=00000003 ret=004124d4
1327802.972:00ec:00f0:Call KERNEL32.GetPrivateProfileStringA(004c2000 "Cdchange",004c1ffc "No",004c1ff8 "No",0022eff4,000003ff,0022eef0 "Y:\\Documents\\omk\\fr\\IAM\\cdchange.txt") ret=00412595
1327802.972:00ec:00f0:Ret  KERNEL32.GetPrivateProfileStringA() retval=00000003 ret=00412595
1327802.988:00ec:00f0:Call KERNEL32.GetPrivateProfileStringA(004c1fd8 "Cdchange",004c1fcc "Quitgame",004c1fc0 "Quit game ?",0022eff4,000003ff,0022eef0 "Y:\\Documents\\omk\\fr\\IAM\\cdchange.txt") ret=00412424
1327802.989:00ec:00f0:Ret  KERNEL32.GetPrivateProfileStringA() retval=00000010 ret=00412424
1327802.989:00ec:00f0:Call KERNEL32.GetPrivateProfileStringA(004c1fec "Cdchange",004c1fe8 "Yes",004c1fe4 "Yes",0022eff4,000003ff,0022eef0 "Y:\\Documents\\omk\\fr\\IAM\\cdchange.txt") ret=004124d4
1327802.989:00ec:00f0:Ret  KERNEL32.GetPrivateProfileStringA() retval=00000003 ret=004124d4
1327802.989:00ec:00f0:Call KERNEL32.GetPrivateProfileStringA(004c2000 "Cdchange",004c1ffc "No",004c1ff8 "No",0022eff4,000003ff,0022eef0 "Y:\\Documents\\omk\\fr\\IAM\\cdchange.txt") ret=00412595
1327802.989:00ec:00f0:Ret  KERNEL32.GetPrivateProfileStringA() retval=00000003 ret=00412595
1327803.006:00ec:00f0:Call KERNEL32.GetPrivateProfileStringA(004c1fd8 "Cdchange",004c1fcc "Quitgame",004c1fc0 "Quit game ?",0022eff4,000003ff,0022eef0 "Y:\\Documents\\omk\\fr\\IAM\\cdchange.txt") ret=00412424
1327803.006:00ec:00f0:Ret  KERNEL32.GetPrivateProfileStringA() retval=00000010 ret=00412424
1327803.006:00ec:00f0:Call KERNEL32.GetPrivateProfileStringA(004c1fec "Cdchange",004c1fe8 "Yes",004c1fe4 "Yes",0022eff4,000003ff,0022eef0 "Y:\\Documents\\omk\\fr\\IAM\\cdchange.txt") ret=004124d4
1327803.006:00ec:00f0:Ret  KERNEL32.GetPrivateProfileStringA() retval=00000003 ret=004124d4
1327803.006:00ec:00f0:Call KERNEL32.GetPrivateProfileStringA(004c2000 "Cdchange",004c1ffc "No",004c1ff8 "No",0022eff4,000003ff,0022eef0 "Y:\\Documents\\omk\\fr\\IAM\\cdchange.txt") ret=00412595
1327803.007:00ec:00f0:Ret  KERNEL32.GetPrivateProfileStringA() retval=00000003 ret=00412595
1327803.017:00ec:00f0:Call KERNEL32.GetPrivateProfileStringA(004c1fd8 "Cdchange",004c1fcc "Quitgame",004c1fc0 "Quit game ?",0022eff4,000003ff,0022eef0 "Y:\\Documents\\omk\\fr\\IAM\\cdchange.txt") ret=00412424
1327803.017:00ec:00f0:Ret  KERNEL32.GetPrivateProfileStringA() retval=00000010 ret=00412424
1327803.017:00ec:00f0:Call KERNEL32.GetPrivateProfileStringA(004c1fec "Cdchange",004c1fe8 "Yes",004c1fe4 "Yes",0022eff4,000003ff,0022eef0 "Y:\\Documents\\omk\\fr\\IAM\\cdchange.txt") ret=004124d4
1327803.017:00ec:00f0:Ret  KERNEL32.GetPrivateProfileStringA() retval=00000003 ret=004124d4
1327803.017:00ec:00f0:Call KERNEL32.GetPrivateProfileStringA(004c2000 "Cdchange",004c1ffc "No",004c1ff8 "No",0022eff4,000003ff,0022eef0 "Y:\\Documents\\omk\\fr\\IAM\\cdchange.txt") ret=00412595
1327803.017:00ec:00f0:Ret  KERNEL32.GetPrivateProfileStringA() retval=00000003 ret=00412595
1327803.020:00ec:00f0:Call KERNEL32.GetPrivateProfileStringA(004c1fd8 "Cdchange",004c1fcc "Quitgame",004c1fc0 "Quit game ?",0022eff4,000003ff,0022eef0 "Y:\\Documents\\omk\\fr\\IAM\\cdchange.txt") ret=00412424
1327803.021:00ec:00f0:Ret  KERNEL32.GetPrivateProfileStringA() retval=00000010 ret=00412424
1327803.021:00ec:00f0:Call KERNEL32.GetPrivateProfileStringA(004c1fec "Cdchange",004c1fe8 "Yes",004c1fe4 "Yes",0022eff4,000003ff,0022eef0 "Y:\\Documents\\omk\\fr\\IAM\\cdchange.txt") ret=004124d4
1327803.021:00ec:00f0:Ret  KERNEL32.GetPrivateProfileStringA() retval=00000003 ret=004124d4
1327803.021:00ec:00f0:Call KERNEL32.GetPrivateProfileStringA(004c2000 "Cdchange",004c1ffc "No",004c1ff8 "No",0022eff4,000003ff,0022eef0 "Y:\\Documents\\omk\\fr\\IAM\\cdchange.txt") ret=00412595
1327803.021:00ec:00f0:Ret  KERNEL32.GetPrivateProfileStringA() retval=00000003 ret=00412595
1327803.024:00ec:00f0:Call KERNEL32.GetPrivateProfileStringA(004c1fd8 "Cdchange",004c1fcc "Quitgame",004c1fc0 "Quit game ?",0022eff4,000003ff,0022eef0 "Y:\\Documents\\omk\\fr\\IAM\\cdchange.txt") ret=00412424
1327803.025:00ec:00f0:Ret  KERNEL32.GetPrivateProfileStringA() retval=00000010 ret=00412424
1327803.025:00ec:00f0:Call KERNEL32.GetPrivateProfileStringA(004c1fec "Cdchange",004c1fe8 "Yes",004c1fe4 "Yes",0022eff4,000003ff,0022eef0 "Y:\\Documents\\omk\\fr\\IAM\\cdchange.txt") ret=004124d4
1327803.025:00ec:00f0:Ret  KERNEL32.GetPrivateProfileStringA() retval=00000003 ret=004124d4
1327803.025:00ec:00f0:Call KERNEL32.GetPrivateProfileStringA(004c2000 "Cdchange",004c1ffc "No",004c1ff8 "No",0022eff4,000003ff,0022eef0 "Y:\\Documents\\omk\\fr\\IAM\\cdchange.txt") ret=00412595
1327803.025:00ec:00f0:Ret  KERNEL32.GetPrivateProfileStringA() retval=00000003 ret=00412595
1327803.038:00ec:00f0:Call KERNEL32.GetPrivateProfileStringA(004c1fd8 "Cdchange",004c1fcc "Quitgame",004c1fc0 "Quit game ?",0022eff4,000003ff,0022eef0 "Y:\\Documents\\omk\\fr\\IAM\\cdchange.txt") ret=00412424
1327803.039:00ec:00f0:Ret  KERNEL32.GetPrivateProfileStringA() retval=00000010 ret=00412424
1327803.039:00ec:00f0:Call KERNEL32.GetPrivateProfileStringA(004c1fec "Cdchange",004c1fe8 "Yes",004c1fe4 "Yes",0022eff4,000003ff,0022eef0 "Y:\\Documents\\omk\\fr\\IAM\\cdchange.txt") ret=004124d4
1327803.039:00ec:00f0:Ret  KERNEL32.GetPrivateProfileStringA() retval=00000003 ret=004124d4
1327803.039:00ec:00f0:Call KERNEL32.GetPrivateProfileStringA(004c2000 "Cdchange",004c1ffc "No",004c1ff8 "No",0022eff4,000003ff,0022eef0 "Y:\\Documents\\omk\\fr\\IAM\\cdchange.txt") ret=00412595
1327803.039:00ec:00f0:Ret  KERNEL32.GetPrivateProfileStringA() retval=00000003 ret=00412595
1327803.047:00ec:00f0:Call KERNEL32.GetPrivateProfileStringA(004c1fd8 "Cdchange",004c1fcc "Quitgame",004c1fc0 "Quit game ?",0022eff4,000003ff,0022eef0 "Y:\\Documents\\omk\\fr\\IAM\\cdchange.txt") ret=00412424
1327803.047:00ec:00f0:Ret  KERNEL32.GetPrivateProfileStringA() retval=00000010 ret=00412424
1327803.047:00ec:00f0:Call KERNEL32.GetPrivateProfileStringA(004c1fec "Cdchange",004c1fe8 "Yes",004c1fe4 "Yes",0022eff4,000003ff,0022eef0 "Y:\\Documents\\omk\\fr\\IAM\\cdchange.txt") ret=004124d4
1327803.048:00ec:00f0:Ret  KERNEL32.GetPrivateProfileStringA() retval=00000003 ret=004124d4
1327803.048:00ec:00f0:Call KERNEL32.GetPrivateProfileStringA(004c2000 "Cdchange",004c1ffc "No",004c1ff8 "No",0022eff4,000003ff,0022eef0 "Y:\\Documents\\omk\\fr\\IAM\\cdchange.txt") ret=00412595
1327803.048:00ec:00f0:Ret  KERNEL32.GetPrivateProfileStringA() retval=00000003 ret=00412595
1327803.051:00ec:00f0:Call KERNEL32.GetPrivateProfileStringA(004c1fd8 "Cdchange",004c1fcc "Quitgame",004c1fc0 "Quit game ?",0022eff4,000003ff,0022eef0 "Y:\\Documents\\omk\\fr\\IAM\\cdchange.txt") ret=00412424
1327803.051:00ec:00f0:Ret  KERNEL32.GetPrivateProfileStringA() retval=00000010 ret=00412424
1327803.051:00ec:00f0:Call KERNEL32.GetPrivateProfileStringA(004c1fec "Cdchange",004c1fe8 "Yes",004c1fe4 "Yes",0022eff4,000003ff,0022eef0 "Y:\\Documents\\omk\\fr\\IAM\\cdchange.txt") ret=004124d4
1327803.051:00ec:00f0:Ret  KERNEL32.GetPrivateProfileStringA() retval=00000003 ret=004124d4
1327803.051:00ec:00f0:Call KERNEL32.GetPrivateProfileStringA(004c2000 "Cdchange",004c1ffc "No",004c1ff8 "No",0022eff4,000003ff,0022eef0 "Y:\\Documents\\omk\\fr\\IAM\\cdchange.txt") ret=00412595
1327803.051:00ec:00f0:Ret  KERNEL32.GetPrivateProfileStringA() retval=00000003 ret=00412595
1327803.063:00ec:00f0:Call KERNEL32.GetPrivateProfileStringA(004c1fd8 "Cdchange",004c1fcc "Quitgame",004c1fc0 "Quit game ?",0022eff4,000003ff,0022eef0 "Y:\\Documents\\omk\\fr\\IAM\\cdchange.txt") ret=00412424
1327803.064:00ec:00f0:Ret  KERNEL32.GetPrivateProfileStringA() retval=00000010 ret=00412424
1327803.064:00ec:00f0:Call KERNEL32.GetPrivateProfileStringA(004c1fec "Cdchange",004c1fe8 "Yes",004c1fe4 "Yes",0022eff4,000003ff,0022eef0 "Y:\\Documents\\omk\\fr\\IAM\\cdchange.txt") ret=004124d4
1327803.064:00ec:00f0:Ret  KERNEL32.GetPrivateProfileStringA() retval=00000003 ret=004124d4
1327803.064:00ec:00f0:Call KERNEL32.GetPrivateProfileStringA(004c2000 "Cdchange",004c1ffc "No",004c1ff8 "No",0022eff4,000003ff,0022eef0 "Y:\\Documents\\omk\\fr\\IAM\\cdchange.txt") ret=00412595
1327803.064:00ec:00f0:Ret  KERNEL32.GetPrivateProfileStringA() retval=00000003 ret=00412595
1327803.072:00ec:00f0:Call KERNEL32.GetPrivateProfileStringA(004c1fd8 "Cdchange",004c1fcc "Quitgame",004c1fc0 "Quit game ?",0022eff4,000003ff,0022eef0 "Y:\\Documents\\omk\\fr\\IAM\\cdchange.txt") ret=00412424
1327803.072:00ec:00f0:Ret  KERNEL32.GetPrivateProfileStringA() retval=00000010 ret=00412424
1327803.072:00ec:00f0:Call KERNEL32.GetPrivateProfileStringA(004c1fec "Cdchange",004c1fe8 "Yes",004c1fe4 "Yes",0022eff4,000003ff,0022eef0 "Y:\\Documents\\omk\\fr\\IAM\\cdchange.txt") ret=004124d4
1327803.072:00ec:00f0:Ret  KERNEL32.GetPrivateProfileStringA() retval=00000003 ret=004124d4
1327803.072:00ec:00f0:Call KERNEL32.GetPrivateProfileStringA(004c2000 "Cdchange",004c1ffc "No",004c1ff8 "No",0022eff4,000003ff,0022eef0 "Y:\\Documents\\omk\\fr\\IAM\\cdchange.txt") ret=00412595
1327803.072:00ec:00f0:Ret  KERNEL32.GetPrivateProfileStringA() retval=00000003 ret=00412595
1327803.074:00ec:00f0:Call KERNEL32.GetPrivateProfileStringA(004c1fd8 "Cdchange",004c1fcc "Quitgame",004c1fc0 "Quit game ?",0022eff4,000003ff,0022eef0 "Y:\\Documents\\omk\\fr\\IAM\\cdchange.txt") ret=00412424
1327803.075:00ec:00f0:Ret  KERNEL32.GetPrivateProfileStringA() retval=00000010 ret=00412424
1327803.075:00ec:00f0:Call KERNEL32.GetPrivateProfileStringA(004c1fec "Cdchange",004c1fe8 "Yes",004c1fe4 "Yes",0022eff4,000003ff,0022eef0 "Y:\\Documents\\omk\\fr\\IAM\\cdchange.txt") ret=004124d4
1327803.075:00ec:00f0:Ret  KERNEL32.GetPrivateProfileStringA() retval=00000003 ret=004124d4
1327803.075:00ec:00f0:Call KERNEL32.GetPrivateProfileStringA(004c2000 "Cdchange",004c1ffc "No",004c1ff8 "No",0022eff4,000003ff,0022eef0 "Y:\\Documents\\omk\\fr\\IAM\\cdchange.txt") ret=00412595
1327803.075:00ec:00f0:Ret  KERNEL32.GetPrivateProfileStringA() retval=00000003 ret=00412595
1327803.088:00ec:00f0:Call KERNEL32.GetPrivateProfileStringA(004c1fd8 "Cdchange",004c1fcc "Quitgame",004c1fc0 "Quit game ?",0022eff4,000003ff,0022eef0 "Y:\\Documents\\omk\\fr\\IAM\\cdchange.txt") ret=00412424
1327803.089:00ec:00f0:Ret  KERNEL32.GetPrivateProfileStringA() retval=00000010 ret=00412424
1327803.089:00ec:00f0:Call KERNEL32.GetPrivateProfileStringA(004c1fec "Cdchange",004c1fe8 "Yes",004c1fe4 "Yes",0022eff4,000003ff,0022eef0 "Y:\\Documents\\omk\\fr\\IAM\\cdchange.txt") ret=004124d4
1327803.089:00ec:00f0:Ret  KERNEL32.GetPrivateProfileStringA() retval=00000003 ret=004124d4
1327803.089:00ec:00f0:Call KERNEL32.GetPrivateProfileStringA(004c2000 "Cdchange",004c1ffc "No",004c1ff8 "No",0022eff4,000003ff,0022eef0 "Y:\\Documents\\omk\\fr\\IAM\\cdchange.txt") ret=00412595
1327803.089:00ec:00f0:Ret  KERNEL32.GetPrivateProfileStringA() retval=00000003 ret=00412595
1327803.097:00ec:00f0:Call KERNEL32.GetPrivateProfileStringA(004c1fd8 "Cdchange",004c1fcc "Quitgame",004c1fc0 "Quit game ?",0022eff4,000003ff,0022eef0 "Y:\\Documents\\omk\\fr\\IAM\\cdchange.txt") ret=00412424
1327803.097:00ec:00f0:Ret  KERNEL32.GetPrivateProfileStringA() retval=00000010 ret=00412424
1327803.097:00ec:00f0:Call KERNEL32.GetPrivateProfileStringA(004c1fec "Cdchange",004c1fe8 "Yes",004c1fe4 "Yes",0022eff4,000003ff,0022eef0 "Y:\\Documents\\omk\\fr\\IAM\\cdchange.txt") ret=004124d4
1327803.097:00ec:00f0:Ret  KERNEL32.GetPrivateProfileStringA() retval=00000003 ret=004124d4
1327803.097:00ec:00f0:Call KERNEL32.GetPrivateProfileStringA(004c2000 "Cdchange",004c1ffc "No",004c1ff8 "No",0022eff4,000003ff,0022eef0 "Y:\\Documents\\omk\\fr\\IAM\\cdchange.txt") ret=00412595
1327803.097:00ec:00f0:Ret  KERNEL32.GetPrivateProfileStringA() retval=00000003 ret=00412595
1327803.101:00ec:00f0:Call KERNEL32.GetPrivateProfileStringA(004c1fd8 "Cdchange",004c1fcc "Quitgame",004c1fc0 "Quit game ?",0022eff4,000003ff,0022eef0 "Y:\\Documents\\omk\\fr\\IAM\\cdchange.txt") ret=00412424
1327803.101:00ec:00f0:Ret  KERNEL32.GetPrivateProfileStringA() retval=00000010 ret=00412424
1327803.101:00ec:00f0:Call KERNEL32.GetPrivateProfileStringA(004c1fec "Cdchange",004c1fe8 "Yes",004c1fe4 "Yes",0022eff4,000003ff,0022eef0 "Y:\\Documents\\omk\\fr\\IAM\\cdchange.txt") ret=004124d4
1327803.101:00ec:00f0:Ret  KERNEL32.GetPrivateProfileStringA() retval=00000003 ret=004124d4
1327803.101:00ec:00f0:Call KERNEL32.GetPrivateProfileStringA(004c2000 "Cdchange",004c1ffc "No",004c1ff8 "No",0022eff4,000003ff,0022eef0 "Y:\\Documents\\omk\\fr\\IAM\\cdchange.txt") ret=00412595
1327803.102:00ec:00f0:Ret  KERNEL32.GetPrivateProfileStringA() retval=00000003 ret=00412595
1327803.113:00ec:00f0:Call KERNEL32.GetPrivateProfileStringA(004c1fd8 "Cdchange",004c1fcc "Quitgame",004c1fc0 "Quit game ?",0022eff4,000003ff,0022eef0 "Y:\\Documents\\omk\\fr\\IAM\\cdchange.txt") ret=00412424
1327803.114:00ec:00f0:Ret  KERNEL32.GetPrivateProfileStringA() retval=00000010 ret=00412424
1327803.114:00ec:00f0:Call KERNEL32.GetPrivateProfileStringA(004c1fec "Cdchange",004c1fe8 "Yes",004c1fe4 "Yes",0022eff4,000003ff,0022eef0 "Y:\\Documents\\omk\\fr\\IAM\\cdchange.txt") ret=004124d4
1327803.114:00ec:00f0:Ret  KERNEL32.GetPrivateProfileStringA() retval=00000003 ret=004124d4
1327803.114:00ec:00f0:Call KERNEL32.GetPrivateProfileStringA(004c2000 "Cdchange",004c1ffc "No",004c1ff8 "No",0022eff4,000003ff,0022eef0 "Y:\\Documents\\omk\\fr\\IAM\\cdchange.txt") ret=00412595
1327803.114:00ec:00f0:Ret  KERNEL32.GetPrivateProfileStringA() retval=00000003 ret=00412595
1327803.122:00ec:00f0:Call KERNEL32.GetPrivateProfileStringA(004c1fd8 "Cdchange",004c1fcc "Quitgame",004c1fc0 "Quit game ?",0022eff4,000003ff,0022eef0 "Y:\\Documents\\omk\\fr\\IAM\\cdchange.txt") ret=00412424
1327803.122:00ec:00f0:Ret  KERNEL32.GetPrivateProfileStringA() retval=00000010 ret=00412424
1327803.122:00ec:00f0:Call KERNEL32.GetPrivateProfileStringA(004c1fec "Cdchange",004c1fe8 "Yes",004c1fe4 "Yes",0022eff4,000003ff,0022eef0 "Y:\\Documents\\omk\\fr\\IAM\\cdchange.txt") ret=004124d4
1327803.123:00ec:00f0:Ret  KERNEL32.GetPrivateProfileStringA() retval=00000003 ret=004124d4
1327803.123:00ec:00f0:Call KERNEL32.GetPrivateProfileStringA(004c2000 "Cdchange",004c1ffc "No",004c1ff8 "No",0022eff4,000003ff,0022eef0 "Y:\\Documents\\omk\\fr\\IAM\\cdchange.txt") ret=00412595
1327803.123:00ec:00f0:Ret  KERNEL32.GetPrivateProfileStringA() retval=00000003 ret=00412595
1327803.125:00ec:00f0:Call KERNEL32.GetPrivateProfileStringA(004c1fd8 "Cdchange",004c1fcc "Quitgame",004c1fc0 "Quit game ?",0022eff4,000003ff,0022eef0 "Y:\\Documents\\omk\\fr\\IAM\\cdchange.txt") ret=00412424
1327803.125:00ec:00f0:Ret  KERNEL32.GetPrivateProfileStringA() retval=00000010 ret=00412424
1327803.125:00ec:00f0:Call KERNEL32.GetPrivateProfileStringA(004c1fec "Cdchange",004c1fe8 "Yes",004c1fe4 "Yes",0022eff4,000003ff,0022eef0 "Y:\\Documents\\omk\\fr\\IAM\\cdchange.txt") ret=004124d4
1327803.125:00ec:00f0:Ret  KERNEL32.GetPrivateProfileStringA() retval=00000003 ret=004124d4
1327803.125:00ec:00f0:Call KERNEL32.GetPrivateProfileStringA(004c2000 "Cdchange",004c1ffc "No",004c1ff8 "No",0022eff4,000003ff,0022eef0 "Y:\\Documents\\omk\\fr\\IAM\\cdchange.txt") ret=00412595
1327803.125:00ec:00f0:Ret  KERNEL32.GetPrivateProfileStringA() retval=00000003 ret=00412595
1327803.138:00ec:00f0:Call KERNEL32.GetPrivateProfileStringA(004c1fd8 "Cdchange",004c1fcc "Quitgame",004c1fc0 "Quit game ?",0022eff4,000003ff,0022eef0 "Y:\\Documents\\omk\\fr\\IAM\\cdchange.txt") ret=00412424
1327803.139:00ec:00f0:Ret  KERNEL32.GetPrivateProfileStringA() retval=00000010 ret=00412424
1327803.139:00ec:00f0:Call KERNEL32.GetPrivateProfileStringA(004c1fec "Cdchange",004c1fe8 "Yes",004c1fe4 "Yes",0022eff4,000003ff,0022eef0 "Y:\\Documents\\omk\\fr\\IAM\\cdchange.txt") ret=004124d4
1327803.139:00ec:00f0:Ret  KERNEL32.GetPrivateProfileStringA() retval=00000003 ret=004124d4
1327803.139:00ec:00f0:Call KERNEL32.GetPrivateProfileStringA(004c2000 "Cdchange",004c1ffc "No",004c1ff8 "No",0022eff4,000003ff,0022eef0 "Y:\\Documents\\omk\\fr\\IAM\\cdchange.txt") ret=00412595
1327803.139:00ec:00f0:Ret  KERNEL32.GetPrivateProfileStringA() retval=00000003 ret=00412595
1327803.148:00ec:00f0:Call KERNEL32.GetPrivateProfileStringA(004c1fd8 "Cdchange",004c1fcc "Quitgame",004c1fc0 "Quit game ?",0022eff4,000003ff,0022eef0 "Y:\\Documents\\omk\\fr\\IAM\\cdchange.txt") ret=00412424
1327803.148:00ec:00f0:Ret  KERNEL32.GetPrivateProfileStringA() retval=00000010 ret=00412424
1327803.148:00ec:00f0:Call KERNEL32.GetPrivateProfileStringA(004c1fec "Cdchange",004c1fe8 "Yes",004c1fe4 "Yes",0022eff4,000003ff,0022eef0 "Y:\\Documents\\omk\\fr\\IAM\\cdchange.txt") ret=004124d4
1327803.149:00ec:00f0:Ret  KERNEL32.GetPrivateProfileStringA() retval=00000003 ret=004124d4
1327803.149:00ec:00f0:Call KERNEL32.GetPrivateProfileStringA(004c2000 "Cdchange",004c1ffc "No",004c1ff8 "No",0022eff4,000003ff,0022eef0 "Y:\\Documents\\omk\\fr\\IAM\\cdchange.txt") ret=00412595
1327803.149:00ec:00f0:Ret  KERNEL32.GetPrivateProfileStringA() retval=00000003 ret=00412595
1327803.163:00ec:00f0:Call KERNEL32.GetPrivateProfileStringA(004c1fd8 "Cdchange",004c1fcc "Quitgame",004c1fc0 "Quit game ?",0022eff4,000003ff,0022eef0 "Y:\\Documents\\omk\\fr\\IAM\\cdchange.txt") ret=00412424
1327803.163:00ec:00f0:Ret  KERNEL32.GetPrivateProfileStringA() retval=00000010 ret=00412424
1327803.163:00ec:00f0:Call KERNEL32.GetPrivateProfileStringA(004c1fec "Cdchange",004c1fe8 "Yes",004c1fe4 "Yes",0022eff4,000003ff,0022eef0 "Y:\\Documents\\omk\\fr\\IAM\\cdchange.txt") ret=004124d4
1327803.164:00ec:00f0:Ret  KERNEL32.GetPrivateProfileStringA() retval=00000003 ret=004124d4
1327803.164:00ec:00f0:Call KERNEL32.GetPrivateProfileStringA(004c2000 "Cdchange",004c1ffc "No",004c1ff8 "No",0022eff4,000003ff,0022eef0 "Y:\\Documents\\omk\\fr\\IAM\\cdchange.txt") ret=00412595
1327803.164:00ec:00f0:Ret  KERNEL32.GetPrivateProfileStringA() retval=00000003 ret=00412595
1327803.171:00ec:00f0:Call KERNEL32.GetPrivateProfileStringA(004c1fd8 "Cdchange",004c1fcc "Quitgame",004c1fc0 "Quit game ?",0022eff4,000003ff,0022eef0 "Y:\\Documents\\omk\\fr\\IAM\\cdchange.txt") ret=00412424
1327803.172:00ec:00f0:Ret  KERNEL32.GetPrivateProfileStringA() retval=00000010 ret=00412424
1327803.172:00ec:00f0:Call KERNEL32.GetPrivateProfileStringA(004c1fec "Cdchange",004c1fe8 "Yes",004c1fe4 "Yes",0022eff4,000003ff,0022eef0 "Y:\\Documents\\omk\\fr\\IAM\\cdchange.txt") ret=004124d4
1327803.172:00ec:00f0:Ret  KERNEL32.GetPrivateProfileStringA() retval=00000003 ret=004124d4
1327803.172:00ec:00f0:Call KERNEL32.GetPrivateProfileStringA(004c2000 "Cdchange",004c1ffc "No",004c1ff8 "No",0022eff4,000003ff,0022eef0 "Y:\\Documents\\omk\\fr\\IAM\\cdchange.txt") ret=00412595
1327803.172:00ec:00f0:Ret  KERNEL32.GetPrivateProfileStringA() retval=00000003 ret=00412595
1327803.177:00ec:00f0:Call KERNEL32.GetPrivateProfileStringA(004c1fd8 "Cdchange",004c1fcc "Quitgame",004c1fc0 "Quit game ?",0022eff4,000003ff,0022eef0 "Y:\\Documents\\omk\\fr\\IAM\\cdchange.txt") ret=00412424
1327803.177:00ec:00f0:Ret  KERNEL32.GetPrivateProfileStringA() retval=00000010 ret=00412424
1327803.177:00ec:00f0:Call KERNEL32.GetPrivateProfileStringA(004c1fec "Cdchange",004c1fe8 "Yes",004c1fe4 "Yes",0022eff4,000003ff,0022eef0 "Y:\\Documents\\omk\\fr\\IAM\\cdchange.txt") ret=004124d4
1327803.177:00ec:00f0:Ret  KERNEL32.GetPrivateProfileStringA() retval=00000003 ret=004124d4
1327803.177:00ec:00f0:Call KERNEL32.GetPrivateProfileStringA(004c2000 "Cdchange",004c1ffc "No",004c1ff8 "No",0022eff4,000003ff,0022eef0 "Y:\\Documents\\omk\\fr\\IAM\\cdchange.txt") ret=00412595
1327803.177:00ec:00f0:Ret  KERNEL32.GetPrivateProfileStringA() retval=00000003 ret=00412595
1327803.189:00ec:00f0:Call KERNEL32.GetPrivateProfileStringA(004c1fd8 "Cdchange",004c1fcc "Quitgame",004c1fc0 "Quit game ?",0022eff4,000003ff,0022eef0 "Y:\\Documents\\omk\\fr\\IAM\\cdchange.txt") ret=00412424
1327803.189:00ec:00f0:Ret  KERNEL32.GetPrivateProfileStringA() retval=00000010 ret=00412424
1327803.189:00ec:00f0:Call KERNEL32.GetPrivateProfileStringA(004c1fec "Cdchange",004c1fe8 "Yes",004c1fe4 "Yes",0022eff4,000003ff,0022eef0 "Y:\\Documents\\omk\\fr\\IAM\\cdchange.txt") ret=004124d4
1327803.189:00ec:00f0:Ret  KERNEL32.GetPrivateProfileStringA() retval=00000003 ret=004124d4
1327803.189:00ec:00f0:Call KERNEL32.GetPrivateProfileStringA(004c2000 "Cdchange",004c1ffc "No",004c1ff8 "No",0022eff4,000003ff,0022eef0 "Y:\\Documents\\omk\\fr\\IAM\\cdchange.txt") ret=00412595
1327803.189:00ec:00f0:Ret  KERNEL32.GetPrivateProfileStringA() retval=00000003 ret=00412595
1327803.196:00ec:00f0:Call KERNEL32.GetPrivateProfileStringA(004c1fd8 "Cdchange",004c1fcc "Quitgame",004c1fc0 "Quit game ?",0022eff4,000003ff,0022eef0 "Y:\\Documents\\omk\\fr\\IAM\\cdchange.txt") ret=00412424
1327803.197:00ec:00f0:Ret  KERNEL32.GetPrivateProfileStringA() retval=00000010 ret=00412424
1327803.197:00ec:00f0:Call KERNEL32.GetPrivateProfileStringA(004c1fec "Cdchange",004c1fe8 "Yes",004c1fe4 "Yes",0022eff4,000003ff,0022eef0 "Y:\\Documents\\omk\\fr\\IAM\\cdchange.txt") ret=004124d4
1327803.197:00ec:00f0:Ret  KERNEL32.GetPrivateProfileStringA() retval=00000003 ret=004124d4
1327803.197:00ec:00f0:Call KERNEL32.GetPrivateProfileStringA(004c2000 "Cdchange",004c1ffc "No",004c1ff8 "No",0022eff4,000003ff,0022eef0 "Y:\\Documents\\omk\\fr\\IAM\\cdchange.txt") ret=00412595
1327803.197:00ec:00f0:Ret  KERNEL32.GetPrivateProfileStringA() retval=00000003 ret=00412595
1327803.202:00ec:00f0:Call KERNEL32.GetPrivateProfileStringA(004c1fd8 "Cdchange",004c1fcc "Quitgame",004c1fc0 "Quit game ?",0022eff4,000003ff,0022eef0 "Y:\\Documents\\omk\\fr\\IAM\\cdchange.txt") ret=00412424
1327803.203:00ec:00f0:Ret  KERNEL32.GetPrivateProfileStringA() retval=00000010 ret=00412424
1327803.203:00ec:00f0:Call KERNEL32.GetPrivateProfileStringA(004c1fec "Cdchange",004c1fe8 "Yes",004c1fe4 "Yes",0022eff4,000003ff,0022eef0 "Y:\\Documents\\omk\\fr\\IAM\\cdchange.txt") ret=004124d4
1327803.203:00ec:00f0:Ret  KERNEL32.GetPrivateProfileStringA() retval=00000003 ret=004124d4
1327803.203:00ec:00f0:Call KERNEL32.GetPrivateProfileStringA(004c2000 "Cdchange",004c1ffc "No",004c1ff8 "No",0022eff4,000003ff,0022eef0 "Y:\\Documents\\omk\\fr\\IAM\\cdchange.txt") ret=00412595
1327803.203:00ec:00f0:Ret  KERNEL32.GetPrivateProfileStringA() retval=00000003 ret=00412595
1327803.215:00ec:00f0:Call KERNEL32.GetPrivateProfileStringA(004c1fd8 "Cdchange",004c1fcc "Quitgame",004c1fc0 "Quit game ?",0022eff4,000003ff,0022eef0 "Y:\\Documents\\omk\\fr\\IAM\\cdchange.txt") ret=00412424
1327803.215:00ec:00f0:Ret  KERNEL32.GetPrivateProfileStringA() retval=00000010 ret=00412424
1327803.215:00ec:00f0:Call KERNEL32.GetPrivateProfileStringA(004c1fec "Cdchange",004c1fe8 "Yes",004c1fe4 "Yes",0022eff4,000003ff,0022eef0 "Y:\\Documents\\omk\\fr\\IAM\\cdchange.txt") ret=004124d4
1327803.215:00ec:00f0:Ret  KERNEL32.GetPrivateProfileStringA() retval=00000003 ret=004124d4
1327803.215:00ec:00f0:Call KERNEL32.GetPrivateProfileStringA(004c2000 "Cdchange",004c1ffc "No",004c1ff8 "No",0022eff4,000003ff,0022eef0 "Y:\\Documents\\omk\\fr\\IAM\\cdchange.txt") ret=00412595
1327803.215:00ec:00f0:Ret  KERNEL32.GetPrivateProfileStringA() retval=00000003 ret=00412595
1327803.222:00ec:00f0:Call KERNEL32.GetPrivateProfileStringA(004c1fd8 "Cdchange",004c1fcc "Quitgame",004c1fc0 "Quit game ?",0022eff4,000003ff,0022eef0 "Y:\\Documents\\omk\\fr\\IAM\\cdchange.txt") ret=00412424
1327803.222:00ec:00f0:Ret  KERNEL32.GetPrivateProfileStringA() retval=00000010 ret=00412424
1327803.222:00ec:00f0:Call KERNEL32.GetPrivateProfileStringA(004c1fec "Cdchange",004c1fe8 "Yes",004c1fe4 "Yes",0022eff4,000003ff,0022eef0 "Y:\\Documents\\omk\\fr\\IAM\\cdchange.txt") ret=004124d4
1327803.223:00ec:00f0:Ret  KERNEL32.GetPrivateProfileStringA() retval=00000003 ret=004124d4
1327803.223:00ec:00f0:Call KERNEL32.GetPrivateProfileStringA(004c2000 "Cdchange",004c1ffc "No",004c1ff8 "No",0022eff4,000003ff,0022eef0 "Y:\\Documents\\omk\\fr\\IAM\\cdchange.txt") ret=00412595
1327803.223:00ec:00f0:Ret  KERNEL32.GetPrivateProfileStringA() retval=00000003 ret=00412595
1327803.225:00ec:00f0:Call KERNEL32.GetPrivateProfileStringA(004c1fd8 "Cdchange",004c1fcc "Quitgame",004c1fc0 "Quit game ?",0022eff4,000003ff,0022eef0 "Y:\\Documents\\omk\\fr\\IAM\\cdchange.txt") ret=00412424
1327803.225:00ec:00f0:Ret  KERNEL32.GetPrivateProfileStringA() retval=00000010 ret=00412424
1327803.225:00ec:00f0:Call KERNEL32.GetPrivateProfileStringA(004c1fec "Cdchange",004c1fe8 "Yes",004c1fe4 "Yes",0022eff4,000003ff,0022eef0 "Y:\\Documents\\omk\\fr\\IAM\\cdchange.txt") ret=004124d4
1327803.225:00ec:00f0:Ret  KERNEL32.GetPrivateProfileStringA() retval=00000003 ret=004124d4
1327803.225:00ec:00f0:Call KERNEL32.GetPrivateProfileStringA(004c2000 "Cdchange",004c1ffc "No",004c1ff8 "No",0022eff4,000003ff,0022eef0 "Y:\\Documents\\omk\\fr\\IAM\\cdchange.txt") ret=00412595
1327803.225:00ec:00f0:Ret  KERNEL32.GetPrivateProfileStringA() retval=00000003 ret=00412595
1327803.239:00ec:00f0:Call KERNEL32.GetPrivateProfileStringA(004c1fd8 "Cdchange",004c1fcc "Quitgame",004c1fc0 "Quit game ?",0022eff4,000003ff,0022eef0 "Y:\\Documents\\omk\\fr\\IAM\\cdchange.txt") ret=00412424
1327803.239:00ec:00f0:Ret  KERNEL32.GetPrivateProfileStringA() retval=00000010 ret=00412424
1327803.239:00ec:00f0:Call KERNEL32.GetPrivateProfileStringA(004c1fec "Cdchange",004c1fe8 "Yes",004c1fe4 "Yes",0022eff4,000003ff,0022eef0 "Y:\\Documents\\omk\\fr\\IAM\\cdchange.txt") ret=004124d4
1327803.239:00ec:00f0:Ret  KERNEL32.GetPrivateProfileStringA() retval=00000003 ret=004124d4
1327803.239:00ec:00f0:Call KERNEL32.GetPrivateProfileStringA(004c2000 "Cdchange",004c1ffc "No",004c1ff8 "No",0022eff4,000003ff,0022eef0 "Y:\\Documents\\omk\\fr\\IAM\\cdchange.txt") ret=00412595
1327803.240:00ec:00f0:Ret  KERNEL32.GetPrivateProfileStringA() retval=00000003 ret=00412595
1327803.247:00ec:00f0:Call KERNEL32.GetPrivateProfileStringA(004c1fd8 "Cdchange",004c1fcc "Quitgame",004c1fc0 "Quit game ?",0022eff4,000003ff,0022eef0 "Y:\\Documents\\omk\\fr\\IAM\\cdchange.txt") ret=00412424
1327803.247:00ec:00f0:Ret  KERNEL32.GetPrivateProfileStringA() retval=00000010 ret=00412424
1327803.247:00ec:00f0:Call KERNEL32.GetPrivateProfileStringA(004c1fec "Cdchange",004c1fe8 "Yes",004c1fe4 "Yes",0022eff4,000003ff,0022eef0 "Y:\\Documents\\omk\\fr\\IAM\\cdchange.txt") ret=004124d4
1327803.247:00ec:00f0:Ret  KERNEL32.GetPrivateProfileStringA() retval=00000003 ret=004124d4
1327803.247:00ec:00f0:Call KERNEL32.GetPrivateProfileStringA(004c2000 "Cdchange",004c1ffc "No",004c1ff8 "No",0022eff4,000003ff,0022eef0 "Y:\\Documents\\omk\\fr\\IAM\\cdchange.txt") ret=00412595
1327803.247:00ec:00f0:Ret  KERNEL32.GetPrivateProfileStringA() retval=00000003 ret=00412595
1327803.250:00ec:00f0:Call KERNEL32.GetPrivateProfileStringA(004c1fd8 "Cdchange",004c1fcc "Quitgame",004c1fc0 "Quit game ?",0022eff4,000003ff,0022eef0 "Y:\\Documents\\omk\\fr\\IAM\\cdchange.txt") ret=00412424
1327803.250:00ec:00f0:Ret  KERNEL32.GetPrivateProfileStringA() retval=00000010 ret=00412424
1327803.250:00ec:00f0:Call KERNEL32.GetPrivateProfileStringA(004c1fec "Cdchange",004c1fe8 "Yes",004c1fe4 "Yes",0022eff4,000003ff,0022eef0 "Y:\\Documents\\omk\\fr\\IAM\\cdchange.txt") ret=004124d4
1327803.251:00ec:00f0:Ret  KERNEL32.GetPrivateProfileStringA() retval=00000003 ret=004124d4
1327803.251:00ec:00f0:Call KERNEL32.GetPrivateProfileStringA(004c2000 "Cdchange",004c1ffc "No",004c1ff8 "No",0022eff4,000003ff,0022eef0 "Y:\\Documents\\omk\\fr\\IAM\\cdchange.txt") ret=00412595
1327803.251:00ec:00f0:Ret  KERNEL32.GetPrivateProfileStringA() retval=00000003 ret=00412595
1327803.263:00ec:00f0:Call KERNEL32.GetPrivateProfileStringA(004c1fd8 "Cdchange",004c1fcc "Quitgame",004c1fc0 "Quit game ?",0022eff4,000003ff,0022eef0 "Y:\\Documents\\omk\\fr\\IAM\\cdchange.txt") ret=00412424
1327803.263:00ec:00f0:Ret  KERNEL32.GetPrivateProfileStringA() retval=00000010 ret=00412424
1327803.263:00ec:00f0:Call KERNEL32.GetPrivateProfileStringA(004c1fec "Cdchange",004c1fe8 "Yes",004c1fe4 "Yes",0022eff4,000003ff,0022eef0 "Y:\\Documents\\omk\\fr\\IAM\\cdchange.txt") ret=004124d4
1327803.264:00ec:00f0:Ret  KERNEL32.GetPrivateProfileStringA() retval=00000003 ret=004124d4
1327803.264:00ec:00f0:Call KERNEL32.GetPrivateProfileStringA(004c2000 "Cdchange",004c1ffc "No",004c1ff8 "No",0022eff4,000003ff,0022eef0 "Y:\\Documents\\omk\\fr\\IAM\\cdchange.txt") ret=00412595
1327803.264:00ec:00f0:Ret  KERNEL32.GetPrivateProfileStringA() retval=00000003 ret=00412595
1327803.272:00ec:00f0:Call KERNEL32.GetPrivateProfileStringA(004c1fd8 "Cdchange",004c1fcc "Quitgame",004c1fc0 "Quit game ?",0022eff4,000003ff,0022eef0 "Y:\\Documents\\omk\\fr\\IAM\\cdchange.txt") ret=00412424
1327803.272:00ec:00f0:Ret  KERNEL32.GetPrivateProfileStringA() retval=00000010 ret=00412424
1327803.272:00ec:00f0:Call KERNEL32.GetPrivateProfileStringA(004c1fec "Cdchange",004c1fe8 "Yes",004c1fe4 "Yes",0022eff4,000003ff,0022eef0 "Y:\\Documents\\omk\\fr\\IAM\\cdchange.txt") ret=004124d4
1327803.272:00ec:00f0:Ret  KERNEL32.GetPrivateProfileStringA() retval=00000003 ret=004124d4
1327803.272:00ec:00f0:Call KERNEL32.GetPrivateProfileStringA(004c2000 "Cdchange",004c1ffc "No",004c1ff8 "No",0022eff4,000003ff,0022eef0 "Y:\\Documents\\omk\\fr\\IAM\\cdchange.txt") ret=00412595
1327803.273:00ec:00f0:Ret  KERNEL32.GetPrivateProfileStringA() retval=00000003 ret=00412595
1327803.275:00ec:00f0:Call KERNEL32.GetPrivateProfileStringA(004c1fd8 "Cdchange",004c1fcc "Quitgame",004c1fc0 "Quit game ?",0022eff4,000003ff,0022eef0 "Y:\\Documents\\omk\\fr\\IAM\\cdchange.txt") ret=00412424
1327803.275:00ec:00f0:Ret  KERNEL32.GetPrivateProfileStringA() retval=00000010 ret=00412424
1327803.275:00ec:00f0:Call KERNEL32.GetPrivateProfileStringA(004c1fec "Cdchange",004c1fe8 "Yes",004c1fe4 "Yes",0022eff4,000003ff,0022eef0 "Y:\\Documents\\omk\\fr\\IAM\\cdchange.txt") ret=004124d4
1327803.275:00ec:00f0:Ret  KERNEL32.GetPrivateProfileStringA() retval=00000003 ret=004124d4
1327803.275:00ec:00f0:Call KERNEL32.GetPrivateProfileStringA(004c2000 "Cdchange",004c1ffc "No",004c1ff8 "No",0022eff4,000003ff,0022eef0 "Y:\\Documents\\omk\\fr\\IAM\\cdchange.txt") ret=00412595
1327803.275:00ec:00f0:Ret  KERNEL32.GetPrivateProfileStringA() retval=00000003 ret=00412595
1327803.288:00ec:00f0:Call KERNEL32.GetPrivateProfileStringA(004c1fd8 "Cdchange",004c1fcc "Quitgame",004c1fc0 "Quit game ?",0022eff4,000003ff,0022eef0 "Y:\\Documents\\omk\\fr\\IAM\\cdchange.txt") ret=00412424
1327803.288:00ec:00f0:Ret  KERNEL32.GetPrivateProfileStringA() retval=00000010 ret=00412424
1327803.288:00ec:00f0:Call KERNEL32.GetPrivateProfileStringA(004c1fec "Cdchange",004c1fe8 "Yes",004c1fe4 "Yes",0022eff4,000003ff,0022eef0 "Y:\\Documents\\omk\\fr\\IAM\\cdchange.txt") ret=004124d4
1327803.289:00ec:00f0:Ret  KERNEL32.GetPrivateProfileStringA() retval=00000003 ret=004124d4
1327803.289:00ec:00f0:Call KERNEL32.GetPrivateProfileStringA(004c2000 "Cdchange",004c1ffc "No",004c1ff8 "No",0022eff4,000003ff,0022eef0 "Y:\\Documents\\omk\\fr\\IAM\\cdchange.txt") ret=00412595
1327803.289:00ec:00f0:Ret  KERNEL32.GetPrivateProfileStringA() retval=00000003 ret=00412595
1327803.297:00ec:00f0:Call KERNEL32.GetPrivateProfileStringA(004c1fd8 "Cdchange",004c1fcc "Quitgame",004c1fc0 "Quit game ?",0022eff4,000003ff,0022eef0 "Y:\\Documents\\omk\\fr\\IAM\\cdchange.txt") ret=00412424
1327803.297:00ec:00f0:Ret  KERNEL32.GetPrivateProfileStringA() retval=00000010 ret=00412424
1327803.297:00ec:00f0:Call KERNEL32.GetPrivateProfileStringA(004c1fec "Cdchange",004c1fe8 "Yes",004c1fe4 "Yes",0022eff4,000003ff,0022eef0 "Y:\\Documents\\omk\\fr\\IAM\\cdchange.txt") ret=004124d4
1327803.297:00ec:00f0:Ret  KERNEL32.GetPrivateProfileStringA() retval=00000003 ret=004124d4
1327803.297:00ec:00f0:Call KERNEL32.GetPrivateProfileStringA(004c2000 "Cdchange",004c1ffc "No",004c1ff8 "No",0022eff4,000003ff,0022eef0 "Y:\\Documents\\omk\\fr\\IAM\\cdchange.txt") ret=00412595
1327803.297:00ec:00f0:Ret  KERNEL32.GetPrivateProfileStringA() retval=00000003 ret=00412595
1327803.301:00ec:00f0:Call KERNEL32.GetPrivateProfileStringA(004c1fd8 "Cdchange",004c1fcc "Quitgame",004c1fc0 "Quit game ?",0022eff4,000003ff,0022eef0 "Y:\\Documents\\omk\\fr\\IAM\\cdchange.txt") ret=00412424
1327803.302:00ec:00f0:Ret  KERNEL32.GetPrivateProfileStringA() retval=00000010 ret=00412424
1327803.302:00ec:00f0:Call KERNEL32.GetPrivateProfileStringA(004c1fec "Cdchange",004c1fe8 "Yes",004c1fe4 "Yes",0022eff4,000003ff,0022eef0 "Y:\\Documents\\omk\\fr\\IAM\\cdchange.txt") ret=004124d4
1327803.302:00ec:00f0:Ret  KERNEL32.GetPrivateProfileStringA() retval=00000003 ret=004124d4
1327803.302:00ec:00f0:Call KERNEL32.GetPrivateProfileStringA(004c2000 "Cdchange",004c1ffc "No",004c1ff8 "No",0022eff4,000003ff,0022eef0 "Y:\\Documents\\omk\\fr\\IAM\\cdchange.txt") ret=00412595
1327803.302:00ec:00f0:Ret  KERNEL32.GetPrivateProfileStringA() retval=00000003 ret=00412595
1327803.313:00ec:00f0:Call KERNEL32.GetPrivateProfileStringA(004c1fd8 "Cdchange",004c1fcc "Quitgame",004c1fc0 "Quit game ?",0022eff4,000003ff,0022eef0 "Y:\\Documents\\omk\\fr\\IAM\\cdchange.txt") ret=00412424
1327803.314:00ec:00f0:Ret  KERNEL32.GetPrivateProfileStringA() retval=00000010 ret=00412424
1327803.314:00ec:00f0:Call KERNEL32.GetPrivateProfileStringA(004c1fec "Cdchange",004c1fe8 "Yes",004c1fe4 "Yes",0022eff4,000003ff,0022eef0 "Y:\\Documents\\omk\\fr\\IAM\\cdchange.txt") ret=004124d4
1327803.314:00ec:00f0:Ret  KERNEL32.GetPrivateProfileStringA() retval=00000003 ret=004124d4
1327803.314:00ec:00f0:Call KERNEL32.GetPrivateProfileStringA(004c2000 "Cdchange",004c1ffc "No",004c1ff8 "No",0022eff4,000003ff,0022eef0 "Y:\\Documents\\omk\\fr\\IAM\\cdchange.txt") ret=00412595
1327803.314:00ec:00f0:Ret  KERNEL32.GetPrivateProfileStringA() retval=00000003 ret=00412595
1327803.321:00ec:00f0:Call KERNEL32.GetPrivateProfileStringA(004c1fd8 "Cdchange",004c1fcc "Quitgame",004c1fc0 "Quit game ?",0022eff4,000003ff,0022eef0 "Y:\\Documents\\omk\\fr\\IAM\\cdchange.txt") ret=00412424
1327803.322:00ec:00f0:Ret  KERNEL32.GetPrivateProfileStringA() retval=00000010 ret=00412424
1327803.322:00ec:00f0:Call KERNEL32.GetPrivateProfileStringA(004c1fec "Cdchange",004c1fe8 "Yes",004c1fe4 "Yes",0022eff4,000003ff,0022eef0 "Y:\\Documents\\omk\\fr\\IAM\\cdchange.txt") ret=004124d4
1327803.322:00ec:00f0:Ret  KERNEL32.GetPrivateProfileStringA() retval=00000003 ret=004124d4
1327803.322:00ec:00f0:Call KERNEL32.GetPrivateProfileStringA(004c2000 "Cdchange",004c1ffc "No",004c1ff8 "No",0022eff4,000003ff,0022eef0 "Y:\\Documents\\omk\\fr\\IAM\\cdchange.txt") ret=00412595
1327803.322:00ec:00f0:Ret  KERNEL32.GetPrivateProfileStringA() retval=00000003 ret=00412595
1327803.324:00ec:00f0:Call KERNEL32.GetPrivateProfileStringA(004c1fd8 "Cdchange",004c1fcc "Quitgame",004c1fc0 "Quit game ?",0022eff4,000003ff,0022eef0 "Y:\\Documents\\omk\\fr\\IAM\\cdchange.txt") ret=00412424
1327803.324:00ec:00f0:Ret  KERNEL32.GetPrivateProfileStringA() retval=00000010 ret=00412424
1327803.324:00ec:00f0:Call KERNEL32.GetPrivateProfileStringA(004c1fec "Cdchange",004c1fe8 "Yes",004c1fe4 "Yes",0022eff4,000003ff,0022eef0 "Y:\\Documents\\omk\\fr\\IAM\\cdchange.txt") ret=004124d4
1327803.325:00ec:00f0:Ret  KERNEL32.GetPrivateProfileStringA() retval=00000003 ret=004124d4
1327803.325:00ec:00f0:Call KERNEL32.GetPrivateProfileStringA(004c2000 "Cdchange",004c1ffc "No",004c1ff8 "No",0022eff4,000003ff,0022eef0 "Y:\\Documents\\omk\\fr\\IAM\\cdchange.txt") ret=00412595
1327803.325:00ec:00f0:Ret  KERNEL32.GetPrivateProfileStringA() retval=00000003 ret=00412595
1327803.338:00ec:00f0:Call KERNEL32.GetPrivateProfileStringA(004c1fd8 "Cdchange",004c1fcc "Quitgame",004c1fc0 "Quit game ?",0022eff4,000003ff,0022eef0 "Y:\\Documents\\omk\\fr\\IAM\\cdchange.txt") ret=00412424
1327803.339:00ec:00f0:Ret  KERNEL32.GetPrivateProfileStringA() retval=00000010 ret=00412424
1327803.339:00ec:00f0:Call KERNEL32.GetPrivateProfileStringA(004c1fec "Cdchange",004c1fe8 "Yes",004c1fe4 "Yes",0022eff4,000003ff,0022eef0 "Y:\\Documents\\omk\\fr\\IAM\\cdchange.txt") ret=004124d4
1327803.339:00ec:00f0:Ret  KERNEL32.GetPrivateProfileStringA() retval=00000003 ret=004124d4
1327803.339:00ec:00f0:Call KERNEL32.GetPrivateProfileStringA(004c2000 "Cdchange",004c1ffc "No",004c1ff8 "No",0022eff4,000003ff,0022eef0 "Y:\\Documents\\omk\\fr\\IAM\\cdchange.txt") ret=00412595
1327803.339:00ec:00f0:Ret  KERNEL32.GetPrivateProfileStringA() retval=00000003 ret=00412595
1327803.348:00ec:00f0:Call KERNEL32.GetPrivateProfileStringA(004c1fd8 "Cdchange",004c1fcc "Quitgame",004c1fc0 "Quit game ?",0022eff4,000003ff,0022eef0 "Y:\\Documents\\omk\\fr\\IAM\\cdchange.txt") ret=00412424
1327803.349:00ec:00f0:Ret  KERNEL32.GetPrivateProfileStringA() retval=00000010 ret=00412424
1327803.349:00ec:00f0:Call KERNEL32.GetPrivateProfileStringA(004c1fec "Cdchange",004c1fe8 "Yes",004c1fe4 "Yes",0022eff4,000003ff,0022eef0 "Y:\\Documents\\omk\\fr\\IAM\\cdchange.txt") ret=004124d4
1327803.349:00ec:00f0:Ret  KERNEL32.GetPrivateProfileStringA() retval=00000003 ret=004124d4
1327803.349:00ec:00f0:Call KERNEL32.GetPrivateProfileStringA(004c2000 "Cdchange",004c1ffc "No",004c1ff8 "No",0022eff4,000003ff,0022eef0 "Y:\\Documents\\omk\\fr\\IAM\\cdchange.txt") ret=00412595
1327803.349:00ec:00f0:Ret  KERNEL32.GetPrivateProfileStringA() retval=00000003 ret=00412595
1327803.363:00ec:00f0:Call KERNEL32.GetPrivateProfileStringA(004c1fd8 "Cdchange",004c1fcc "Quitgame",004c1fc0 "Quit game ?",0022eff4,000003ff,0022eef0 "Y:\\Documents\\omk\\fr\\IAM\\cdchange.txt") ret=00412424
1327803.364:00ec:00f0:Ret  KERNEL32.GetPrivateProfileStringA() retval=00000010 ret=00412424
1327803.364:00ec:00f0:Call KERNEL32.GetPrivateProfileStringA(004c1fec "Cdchange",004c1fe8 "Yes",004c1fe4 "Yes",0022eff4,000003ff,0022eef0 "Y:\\Documents\\omk\\fr\\IAM\\cdchange.txt") ret=004124d4
1327803.364:00ec:00f0:Ret  KERNEL32.GetPrivateProfileStringA() retval=00000003 ret=004124d4
1327803.364:00ec:00f0:Call KERNEL32.GetPrivateProfileStringA(004c2000 "Cdchange",004c1ffc "No",004c1ff8 "No",0022eff4,000003ff,0022eef0 "Y:\\Documents\\omk\\fr\\IAM\\cdchange.txt") ret=00412595
1327803.364:00ec:00f0:Ret  KERNEL32.GetPrivateProfileStringA() retval=00000003 ret=00412595
1327803.372:00ec:00f0:Call KERNEL32.GetPrivateProfileStringA(004c1fd8 "Cdchange",004c1fcc "Quitgame",004c1fc0 "Quit game ?",0022eff4,000003ff,0022eef0 "Y:\\Documents\\omk\\fr\\IAM\\cdchange.txt") ret=00412424
1327803.372:00ec:00f0:Ret  KERNEL32.GetPrivateProfileStringA() retval=00000010 ret=00412424
1327803.372:00ec:00f0:Call KERNEL32.GetPrivateProfileStringA(004c1fec "Cdchange",004c1fe8 "Yes",004c1fe4 "Yes",0022eff4,000003ff,0022eef0 "Y:\\Documents\\omk\\fr\\IAM\\cdchange.txt") ret=004124d4
1327803.372:00ec:00f0:Ret  KERNEL32.GetPrivateProfileStringA() retval=00000003 ret=004124d4
1327803.372:00ec:00f0:Call KERNEL32.GetPrivateProfileStringA(004c2000 "Cdchange",004c1ffc "No",004c1ff8 "No",0022eff4,000003ff,0022eef0 "Y:\\Documents\\omk\\fr\\IAM\\cdchange.txt") ret=00412595
1327803.373:00ec:00f0:Ret  KERNEL32.GetPrivateProfileStringA() retval=00000003 ret=00412595
1327803.377:00ec:00f0:Call KERNEL32.GetPrivateProfileStringA(004c1fd8 "Cdchange",004c1fcc "Quitgame",004c1fc0 "Quit game ?",0022eff4,000003ff,0022eef0 "Y:\\Documents\\omk\\fr\\IAM\\cdchange.txt") ret=00412424
1327803.377:00ec:00f0:Ret  KERNEL32.GetPrivateProfileStringA() retval=00000010 ret=00412424
1327803.377:00ec:00f0:Call KERNEL32.GetPrivateProfileStringA(004c1fec "Cdchange",004c1fe8 "Yes",004c1fe4 "Yes",0022eff4,000003ff,0022eef0 "Y:\\Documents\\omk\\fr\\IAM\\cdchange.txt") ret=004124d4
1327803.378:00ec:00f0:Ret  KERNEL32.GetPrivateProfileStringA() retval=00000003 ret=004124d4
1327803.378:00ec:00f0:Call KERNEL32.GetPrivateProfileStringA(004c2000 "Cdchange",004c1ffc "No",004c1ff8 "No",0022eff4,000003ff,0022eef0 "Y:\\Documents\\omk\\fr\\IAM\\cdchange.txt") ret=00412595
1327803.378:00ec:00f0:Ret  KERNEL32.GetPrivateProfileStringA() retval=00000003 ret=00412595
1327803.390:00ec:00f0:Call KERNEL32.GetPrivateProfileStringA(004c1fd8 "Cdchange",004c1fcc "Quitgame",004c1fc0 "Quit game ?",0022eff4,000003ff,0022eef0 "Y:\\Documents\\omk\\fr\\IAM\\cdchange.txt") ret=00412424
1327803.391:00ec:00f0:Ret  KERNEL32.GetPrivateProfileStringA() retval=00000010 ret=00412424
1327803.391:00ec:00f0:Call KERNEL32.GetPrivateProfileStringA(004c1fec "Cdchange",004c1fe8 "Yes",004c1fe4 "Yes",0022eff4,000003ff,0022eef0 "Y:\\Documents\\omk\\fr\\IAM\\cdchange.txt") ret=004124d4
1327803.391:00ec:00f0:Ret  KERNEL32.GetPrivateProfileStringA() retval=00000003 ret=004124d4
1327803.391:00ec:00f0:Call KERNEL32.GetPrivateProfileStringA(004c2000 "Cdchange",004c1ffc "No",004c1ff8 "No",0022eff4,000003ff,0022eef0 "Y:\\Documents\\omk\\fr\\IAM\\cdchange.txt") ret=00412595
1327803.391:00ec:00f0:Ret  KERNEL32.GetPrivateProfileStringA() retval=00000003 ret=00412595
1327803.397:00ec:00f0:Call KERNEL32.GetPrivateProfileStringA(004c1fd8 "Cdchange",004c1fcc "Quitgame",004c1fc0 "Quit game ?",0022eff4,000003ff,0022eef0 "Y:\\Documents\\omk\\fr\\IAM\\cdchange.txt") ret=00412424
1327803.397:00ec:00f0:Ret  KERNEL32.GetPrivateProfileStringA() retval=00000010 ret=00412424
1327803.397:00ec:00f0:Call KERNEL32.GetPrivateProfileStringA(004c1fec "Cdchange",004c1fe8 "Yes",004c1fe4 "Yes",0022eff4,000003ff,0022eef0 "Y:\\Documents\\omk\\fr\\IAM\\cdchange.txt") ret=004124d4
1327803.397:00ec:00f0:Ret  KERNEL32.GetPrivateProfileStringA() retval=00000003 ret=004124d4
1327803.397:00ec:00f0:Call KERNEL32.GetPrivateProfileStringA(004c2000 "Cdchange",004c1ffc "No",004c1ff8 "No",0022eff4,000003ff,0022eef0 "Y:\\Documents\\omk\\fr\\IAM\\cdchange.txt") ret=00412595
1327803.398:00ec:00f0:Ret  KERNEL32.GetPrivateProfileStringA() retval=00000003 ret=00412595
1327803.402:00ec:00f0:Call KERNEL32.GetPrivateProfileStringA(004c1fd8 "Cdchange",004c1fcc "Quitgame",004c1fc0 "Quit game ?",0022eff4,000003ff,0022eef0 "Y:\\Documents\\omk\\fr\\IAM\\cdchange.txt") ret=00412424
1327803.402:00ec:00f0:Ret  KERNEL32.GetPrivateProfileStringA() retval=00000010 ret=00412424
1327803.402:00ec:00f0:Call KERNEL32.GetPrivateProfileStringA(004c1fec "Cdchange",004c1fe8 "Yes",004c1fe4 "Yes",0022eff4,000003ff,0022eef0 "Y:\\Documents\\omk\\fr\\IAM\\cdchange.txt") ret=004124d4
1327803.402:00ec:00f0:Ret  KERNEL32.GetPrivateProfileStringA() retval=00000003 ret=004124d4
1327803.402:00ec:00f0:Call KERNEL32.GetPrivateProfileStringA(004c2000 "Cdchange",004c1ffc "No",004c1ff8 "No",0022eff4,000003ff,0022eef0 "Y:\\Documents\\omk\\fr\\IAM\\cdchange.txt") ret=00412595
1327803.402:00ec:00f0:Ret  KERNEL32.GetPrivateProfileStringA() retval=00000003 ret=00412595
1327803.415:00ec:00f0:Call KERNEL32.GetPrivateProfileStringA(004c1fd8 "Cdchange",004c1fcc "Quitgame",004c1fc0 "Quit game ?",0022eff4,000003ff,0022eef0 "Y:\\Documents\\omk\\fr\\IAM\\cdchange.txt") ret=00412424
1327803.415:00ec:00f0:Ret  KERNEL32.GetPrivateProfileStringA() retval=00000010 ret=00412424
1327803.415:00ec:00f0:Call KERNEL32.GetPrivateProfileStringA(004c1fec "Cdchange",004c1fe8 "Yes",004c1fe4 "Yes",0022eff4,000003ff,0022eef0 "Y:\\Documents\\omk\\fr\\IAM\\cdchange.txt") ret=004124d4
1327803.415:00ec:00f0:Ret  KERNEL32.GetPrivateProfileStringA() retval=00000003 ret=004124d4
1327803.415:00ec:00f0:Call KERNEL32.GetPrivateProfileStringA(004c2000 "Cdchange",004c1ffc "No",004c1ff8 "No",0022eff4,000003ff,0022eef0 "Y:\\Documents\\omk\\fr\\IAM\\cdchange.txt") ret=00412595
1327803.416:00ec:00f0:Ret  KERNEL32.GetPrivateProfileStringA() retval=00000003 ret=00412595
1327803.422:00ec:00f0:Call KERNEL32.GetPrivateProfileStringA(004c1fd8 "Cdchange",004c1fcc "Quitgame",004c1fc0 "Quit game ?",0022eff4,000003ff,0022eef0 "Y:\\Documents\\omk\\fr\\IAM\\cdchange.txt") ret=00412424
1327803.422:00ec:00f0:Ret  KERNEL32.GetPrivateProfileStringA() retval=00000010 ret=00412424
1327803.422:00ec:00f0:Call KERNEL32.GetPrivateProfileStringA(004c1fec "Cdchange",004c1fe8 "Yes",004c1fe4 "Yes",0022eff4,000003ff,0022eef0 "Y:\\Documents\\omk\\fr\\IAM\\cdchange.txt") ret=004124d4
1327803.422:00ec:00f0:Ret  KERNEL32.GetPrivateProfileStringA() retval=00000003 ret=004124d4
1327803.422:00ec:00f0:Call KERNEL32.GetPrivateProfileStringA(004c2000 "Cdchange",004c1ffc "No",004c1ff8 "No",0022eff4,000003ff,0022eef0 "Y:\\Documents\\omk\\fr\\IAM\\cdchange.txt") ret=00412595
1327803.423:00ec:00f0:Ret  KERNEL32.GetPrivateProfileStringA() retval=00000003 ret=00412595
1327803.425:00ec:00f0:Call KERNEL32.GetPrivateProfileStringA(004c1fd8 "Cdchange",004c1fcc "Quitgame",004c1fc0 "Quit game ?",0022eff4,000003ff,0022eef0 "Y:\\Documents\\omk\\fr\\IAM\\cdchange.txt") ret=00412424
1327803.425:00ec:00f0:Ret  KERNEL32.GetPrivateProfileStringA() retval=00000010 ret=00412424
1327803.425:00ec:00f0:Call KERNEL32.GetPrivateProfileStringA(004c1fec "Cdchange",004c1fe8 "Yes",004c1fe4 "Yes",0022eff4,000003ff,0022eef0 "Y:\\Documents\\omk\\fr\\IAM\\cdchange.txt") ret=004124d4
1327803.426:00ec:00f0:Ret  KERNEL32.GetPrivateProfileStringA() retval=00000003 ret=004124d4
1327803.426:00ec:00f0:Call KERNEL32.GetPrivateProfileStringA(004c2000 "Cdchange",004c1ffc "No",004c1ff8 "No",0022eff4,000003ff,0022eef0 "Y:\\Documents\\omk\\fr\\IAM\\cdchange.txt") ret=00412595
1327803.426:00ec:00f0:Ret  KERNEL32.GetPrivateProfileStringA() retval=00000003 ret=00412595
1327803.438:00ec:00f0:Call KERNEL32.GetPrivateProfileStringA(004c1fd8 "Cdchange",004c1fcc "Quitgame",004c1fc0 "Quit game ?",0022eff4,000003ff,0022eef0 "Y:\\Documents\\omk\\fr\\IAM\\cdchange.txt") ret=00412424
1327803.439:00ec:00f0:Ret  KERNEL32.GetPrivateProfileStringA() retval=00000010 ret=00412424
1327803.439:00ec:00f0:Call KERNEL32.GetPrivateProfileStringA(004c1fec "Cdchange",004c1fe8 "Yes",004c1fe4 "Yes",0022eff4,000003ff,0022eef0 "Y:\\Documents\\omk\\fr\\IAM\\cdchange.txt") ret=004124d4
1327803.439:00ec:00f0:Ret  KERNEL32.GetPrivateProfileStringA() retval=00000003 ret=004124d4
1327803.439:00ec:00f0:Call KERNEL32.GetPrivateProfileStringA(004c2000 "Cdchange",004c1ffc "No",004c1ff8 "No",0022eff4,000003ff,0022eef0 "Y:\\Documents\\omk\\fr\\IAM\\cdchange.txt") ret=00412595
1327803.439:00ec:00f0:Ret  KERNEL32.GetPrivateProfileStringA() retval=00000003 ret=00412595
1327803.447:00ec:00f0:Call KERNEL32.GetPrivateProfileStringA(004c1fd8 "Cdchange",004c1fcc "Quitgame",004c1fc0 "Quit game ?",0022eff4,000003ff,0022eef0 "Y:\\Documents\\omk\\fr\\IAM\\cdchange.txt") ret=00412424
1327803.448:00ec:00f0:Ret  KERNEL32.GetPrivateProfileStringA() retval=00000010 ret=00412424
1327803.448:00ec:00f0:Call KERNEL32.GetPrivateProfileStringA(004c1fec "Cdchange",004c1fe8 "Yes",004c1fe4 "Yes",0022eff4,000003ff,0022eef0 "Y:\\Documents\\omk\\fr\\IAM\\cdchange.txt") ret=004124d4
1327803.448:00ec:00f0:Ret  KERNEL32.GetPrivateProfileStringA() retval=00000003 ret=004124d4
1327803.448:00ec:00f0:Call KERNEL32.GetPrivateProfileStringA(004c2000 "Cdchange",004c1ffc "No",004c1ff8 "No",0022eff4,000003ff,0022eef0 "Y:\\Documents\\omk\\fr\\IAM\\cdchange.txt") ret=00412595
1327803.448:00ec:00f0:Ret  KERNEL32.GetPrivateProfileStringA() retval=00000003 ret=00412595
1327803.451:00ec:00f0:Call KERNEL32.GetPrivateProfileStringA(004c1fd8 "Cdchange",004c1fcc "Quitgame",004c1fc0 "Quit game ?",0022eff4,000003ff,0022eef0 "Y:\\Documents\\omk\\fr\\IAM\\cdchange.txt") ret=00412424
1327803.452:00ec:00f0:Ret  KERNEL32.GetPrivateProfileStringA() retval=00000010 ret=00412424
1327803.452:00ec:00f0:Call KERNEL32.GetPrivateProfileStringA(004c1fec "Cdchange",004c1fe8 "Yes",004c1fe4 "Yes",0022eff4,000003ff,0022eef0 "Y:\\Documents\\omk\\fr\\IAM\\cdchange.txt") ret=004124d4
1327803.452:00ec:00f0:Ret  KERNEL32.GetPrivateProfileStringA() retval=00000003 ret=004124d4
1327803.452:00ec:00f0:Call KERNEL32.GetPrivateProfileStringA(004c2000 "Cdchange",004c1ffc "No",004c1ff8 "No",0022eff4,000003ff,0022eef0 "Y:\\Documents\\omk\\fr\\IAM\\cdchange.txt") ret=00412595
1327803.452:00ec:00f0:Ret  KERNEL32.GetPrivateProfileStringA() retval=00000003 ret=00412595
1327803.463:00ec:00f0:Call KERNEL32.GetPrivateProfileStringA(004c1fd8 "Cdchange",004c1fcc "Quitgame",004c1fc0 "Quit game ?",0022eff4,000003ff,0022eef0 "Y:\\Documents\\omk\\fr\\IAM\\cdchange.txt") ret=00412424
1327803.464:00ec:00f0:Ret  KERNEL32.GetPrivateProfileStringA() retval=00000010 ret=00412424
1327803.464:00ec:00f0:Call KERNEL32.GetPrivateProfileStringA(004c1fec "Cdchange",004c1fe8 "Yes",004c1fe4 "Yes",0022eff4,000003ff,0022eef0 "Y:\\Documents\\omk\\fr\\IAM\\cdchange.txt") ret=004124d4
1327803.464:00ec:00f0:Ret  KERNEL32.GetPrivateProfileStringA() retval=00000003 ret=004124d4
1327803.464:00ec:00f0:Call KERNEL32.GetPrivateProfileStringA(004c2000 "Cdchange",004c1ffc "No",004c1ff8 "No",0022eff4,000003ff,0022eef0 "Y:\\Documents\\omk\\fr\\IAM\\cdchange.txt") ret=00412595
1327803.464:00ec:00f0:Ret  KERNEL32.GetPrivateProfileStringA() retval=00000003 ret=00412595
1327803.471:00ec:00f0:Call KERNEL32.GetPrivateProfileStringA(004c1fd8 "Cdchange",004c1fcc "Quitgame",004c1fc0 "Quit game ?",0022eff4,000003ff,0022eef0 "Y:\\Documents\\omk\\fr\\IAM\\cdchange.txt") ret=00412424
1327803.472:00ec:00f0:Ret  KERNEL32.GetPrivateProfileStringA() retval=00000010 ret=00412424
1327803.472:00ec:00f0:Call KERNEL32.GetPrivateProfileStringA(004c1fec "Cdchange",004c1fe8 "Yes",004c1fe4 "Yes",0022eff4,000003ff,0022eef0 "Y:\\Documents\\omk\\fr\\IAM\\cdchange.txt") ret=004124d4
1327803.472:00ec:00f0:Ret  KERNEL32.GetPrivateProfileStringA() retval=00000003 ret=004124d4
1327803.472:00ec:00f0:Call KERNEL32.GetPrivateProfileStringA(004c2000 "Cdchange",004c1ffc "No",004c1ff8 "No",0022eff4,000003ff,0022eef0 "Y:\\Documents\\omk\\fr\\IAM\\cdchange.txt") ret=00412595
1327803.472:00ec:00f0:Ret  KERNEL32.GetPrivateProfileStringA() retval=00000003 ret=00412595
1327803.474:00ec:00f0:Call KERNEL32.GetPrivateProfileStringA(004c1fd8 "Cdchange",004c1fcc "Quitgame",004c1fc0 "Quit game ?",0022eff4,000003ff,0022eef0 "Y:\\Documents\\omk\\fr\\IAM\\cdchange.txt") ret=00412424
1327803.475:00ec:00f0:Ret  KERNEL32.GetPrivateProfileStringA() retval=00000010 ret=00412424
1327803.475:00ec:00f0:Call KERNEL32.GetPrivateProfileStringA(004c1fec "Cdchange",004c1fe8 "Yes",004c1fe4 "Yes",0022eff4,000003ff,0022eef0 "Y:\\Documents\\omk\\fr\\IAM\\cdchange.txt") ret=004124d4
1327803.475:00ec:00f0:Ret  KERNEL32.GetPrivateProfileStringA() retval=00000003 ret=004124d4
1327803.475:00ec:00f0:Call KERNEL32.GetPrivateProfileStringA(004c2000 "Cdchange",004c1ffc "No",004c1ff8 "No",0022eff4,000003ff,0022eef0 "Y:\\Documents\\omk\\fr\\IAM\\cdchange.txt") ret=00412595
1327803.475:00ec:00f0:Ret  KERNEL32.GetPrivateProfileStringA() retval=00000003 ret=00412595
1327803.488:00ec:00f0:Call KERNEL32.GetPrivateProfileStringA(004c1fd8 "Cdchange",004c1fcc "Quitgame",004c1fc0 "Quit game ?",0022eff4,000003ff,0022eef0 "Y:\\Documents\\omk\\fr\\IAM\\cdchange.txt") ret=00412424
1327803.489:00ec:00f0:Ret  KERNEL32.GetPrivateProfileStringA() retval=00000010 ret=00412424
1327803.489:00ec:00f0:Call KERNEL32.GetPrivateProfileStringA(004c1fec "Cdchange",004c1fe8 "Yes",004c1fe4 "Yes",0022eff4,000003ff,0022eef0 "Y:\\Documents\\omk\\fr\\IAM\\cdchange.txt") ret=004124d4
1327803.489:00ec:00f0:Ret  KERNEL32.GetPrivateProfileStringA() retval=00000003 ret=004124d4
1327803.489:00ec:00f0:Call KERNEL32.GetPrivateProfileStringA(004c2000 "Cdchange",004c1ffc "No",004c1ff8 "No",0022eff4,000003ff,0022eef0 "Y:\\Documents\\omk\\fr\\IAM\\cdchange.txt") ret=00412595
1327803.489:00ec:00f0:Ret  KERNEL32.GetPrivateProfileStringA() retval=00000003 ret=00412595
1327803.496:00ec:00f0:Call KERNEL32.GetPrivateProfileStringA(004c1fd8 "Cdchange",004c1fcc "Quitgame",004c1fc0 "Quit game ?",0022eff4,000003ff,0022eef0 "Y:\\Documents\\omk\\fr\\IAM\\cdchange.txt") ret=00412424
1327803.497:00ec:00f0:Ret  KERNEL32.GetPrivateProfileStringA() retval=00000010 ret=00412424
1327803.497:00ec:00f0:Call KERNEL32.GetPrivateProfileStringA(004c1fec "Cdchange",004c1fe8 "Yes",004c1fe4 "Yes",0022eff4,000003ff,0022eef0 "Y:\\Documents\\omk\\fr\\IAM\\cdchange.txt") ret=004124d4
1327803.497:00ec:00f0:Ret  KERNEL32.GetPrivateProfileStringA() retval=00000003 ret=004124d4
1327803.497:00ec:00f0:Call KERNEL32.GetPrivateProfileStringA(004c2000 "Cdchange",004c1ffc "No",004c1ff8 "No",0022eff4,000003ff,0022eef0 "Y:\\Documents\\omk\\fr\\IAM\\cdchange.txt") ret=00412595
1327803.497:00ec:00f0:Ret  KERNEL32.GetPrivateProfileStringA() retval=00000003 ret=00412595
1327803.500:00ec:00f0:Call KERNEL32.GetPrivateProfileStringA(004c1fd8 "Cdchange",004c1fcc "Quitgame",004c1fc0 "Quit game ?",0022eff4,000003ff,0022eef0 "Y:\\Documents\\omk\\fr\\IAM\\cdchange.txt") ret=00412424
1327803.500:00ec:00f0:Ret  KERNEL32.GetPrivateProfileStringA() retval=00000010 ret=00412424
1327803.500:00ec:00f0:Call KERNEL32.GetPrivateProfileStringA(004c1fec "Cdchange",004c1fe8 "Yes",004c1fe4 "Yes",0022eff4,000003ff,0022eef0 "Y:\\Documents\\omk\\fr\\IAM\\cdchange.txt") ret=004124d4
1327803.500:00ec:00f0:Ret  KERNEL32.GetPrivateProfileStringA() retval=00000003 ret=004124d4
1327803.500:00ec:00f0:Call KERNEL32.GetPrivateProfileStringA(004c2000 "Cdchange",004c1ffc "No",004c1ff8 "No",0022eff4,000003ff,0022eef0 "Y:\\Documents\\omk\\fr\\IAM\\cdchange.txt") ret=00412595
1327803.501:00ec:00f0:Ret  KERNEL32.GetPrivateProfileStringA() retval=00000003 ret=00412595
1327803.513:00ec:00f0:Call KERNEL32.GetPrivateProfileStringA(004c1fd8 "Cdchange",004c1fcc "Quitgame",004c1fc0 "Quit game ?",0022eff4,000003ff,0022eef0 "Y:\\Documents\\omk\\fr\\IAM\\cdchange.txt") ret=00412424
1327803.514:00ec:00f0:Ret  KERNEL32.GetPrivateProfileStringA() retval=00000010 ret=00412424
1327803.514:00ec:00f0:Call KERNEL32.GetPrivateProfileStringA(004c1fec "Cdchange",004c1fe8 "Yes",004c1fe4 "Yes",0022eff4,000003ff,0022eef0 "Y:\\Documents\\omk\\fr\\IAM\\cdchange.txt") ret=004124d4
1327803.514:00ec:00f0:Ret  KERNEL32.GetPrivateProfileStringA() retval=00000003 ret=004124d4
1327803.514:00ec:00f0:Call KERNEL32.GetPrivateProfileStringA(004c2000 "Cdchange",004c1ffc "No",004c1ff8 "No",0022eff4,000003ff,0022eef0 "Y:\\Documents\\omk\\fr\\IAM\\cdchange.txt") ret=00412595
1327803.514:00ec:00f0:Ret  KERNEL32.GetPrivateProfileStringA() retval=00000003 ret=00412595
1327803.522:00ec:00f0:Call KERNEL32.GetPrivateProfileStringA(004c1fd8 "Cdchange",004c1fcc "Quitgame",004c1fc0 "Quit game ?",0022eff4,000003ff,0022eef0 "Y:\\Documents\\omk\\fr\\IAM\\cdchange.txt") ret=00412424
1327803.522:00ec:00f0:Ret  KERNEL32.GetPrivateProfileStringA() retval=00000010 ret=00412424
1327803.522:00ec:00f0:Call KERNEL32.GetPrivateProfileStringA(004c1fec "Cdchange",004c1fe8 "Yes",004c1fe4 "Yes",0022eff4,000003ff,0022eef0 "Y:\\Documents\\omk\\fr\\IAM\\cdchange.txt") ret=004124d4
1327803.522:00ec:00f0:Ret  KERNEL32.GetPrivateProfileStringA() retval=00000003 ret=004124d4
1327803.522:00ec:00f0:Call KERNEL32.GetPrivateProfileStringA(004c2000 "Cdchange",004c1ffc "No",004c1ff8 "No",0022eff4,000003ff,0022eef0 "Y:\\Documents\\omk\\fr\\IAM\\cdchange.txt") ret=00412595
1327803.522:00ec:00f0:Ret  KERNEL32.GetPrivateProfileStringA() retval=00000003 ret=00412595
1327803.524:00ec:00f0:Call KERNEL32.GetPrivateProfileStringA(004c1fd8 "Cdchange",004c1fcc "Quitgame",004c1fc0 "Quit game ?",0022eff4,000003ff,0022eef0 "Y:\\Documents\\omk\\fr\\IAM\\cdchange.txt") ret=00412424
1327803.525:00ec:00f0:Ret  KERNEL32.GetPrivateProfileStringA() retval=00000010 ret=00412424
1327803.525:00ec:00f0:Call KERNEL32.GetPrivateProfileStringA(004c1fec "Cdchange",004c1fe8 "Yes",004c1fe4 "Yes",0022eff4,000003ff,0022eef0 "Y:\\Documents\\omk\\fr\\IAM\\cdchange.txt") ret=004124d4
1327803.525:00ec:00f0:Ret  KERNEL32.GetPrivateProfileStringA() retval=00000003 ret=004124d4
1327803.525:00ec:00f0:Call KERNEL32.GetPrivateProfileStringA(004c2000 "Cdchange",004c1ffc "No",004c1ff8 "No",0022eff4,000003ff,0022eef0 "Y:\\Documents\\omk\\fr\\IAM\\cdchange.txt") ret=00412595
1327803.525:00ec:00f0:Ret  KERNEL32.GetPrivateProfileStringA() retval=00000003 ret=00412595
1327803.538:00ec:00f0:Call KERNEL32.GetPrivateProfileStringA(004c1fd8 "Cdchange",004c1fcc "Quitgame",004c1fc0 "Quit game ?",0022eff4,000003ff,0022eef0 "Y:\\Documents\\omk\\fr\\IAM\\cdchange.txt") ret=00412424
1327803.538:00ec:00f0:Ret  KERNEL32.GetPrivateProfileStringA() retval=00000010 ret=00412424
1327803.538:00ec:00f0:Call KERNEL32.GetPrivateProfileStringA(004c1fec "Cdchange",004c1fe8 "Yes",004c1fe4 "Yes",0022eff4,000003ff,0022eef0 "Y:\\Documents\\omk\\fr\\IAM\\cdchange.txt") ret=004124d4
1327803.539:00ec:00f0:Ret  KERNEL32.GetPrivateProfileStringA() retval=00000003 ret=004124d4
1327803.539:00ec:00f0:Call KERNEL32.GetPrivateProfileStringA(004c2000 "Cdchange",004c1ffc "No",004c1ff8 "No",0022eff4,000003ff,0022eef0 "Y:\\Documents\\omk\\fr\\IAM\\cdchange.txt") ret=00412595
1327803.539:00ec:00f0:Ret  KERNEL32.GetPrivateProfileStringA() retval=00000003 ret=00412595
1327803.549:00ec:00f0:Call KERNEL32.GetPrivateProfileStringA(004c1fd8 "Cdchange",004c1fcc "Quitgame",004c1fc0 "Quit game ?",0022eff4,000003ff,0022eef0 "Y:\\Documents\\omk\\fr\\IAM\\cdchange.txt") ret=00412424
1327803.550:00ec:00f0:Ret  KERNEL32.GetPrivateProfileStringA() retval=00000010 ret=00412424
1327803.550:00ec:00f0:Call KERNEL32.GetPrivateProfileStringA(004c1fec "Cdchange",004c1fe8 "Yes",004c1fe4 "Yes",0022eff4,000003ff,0022eef0 "Y:\\Documents\\omk\\fr\\IAM\\cdchange.txt") ret=004124d4
1327803.550:00ec:00f0:Ret  KERNEL32.GetPrivateProfileStringA() retval=00000003 ret=004124d4
1327803.550:00ec:00f0:Call KERNEL32.GetPrivateProfileStringA(004c2000 "Cdchange",004c1ffc "No",004c1ff8 "No",0022eff4,000003ff,0022eef0 "Y:\\Documents\\omk\\fr\\IAM\\cdchange.txt") ret=00412595
1327803.550:00ec:00f0:Ret  KERNEL32.GetPrivateProfileStringA() retval=00000003 ret=00412595
1327803.563:00ec:00f0:Call KERNEL32.GetPrivateProfileStringA(004c1fd8 "Cdchange",004c1fcc "Quitgame",004c1fc0 "Quit game ?",0022eff4,000003ff,0022eef0 "Y:\\Documents\\omk\\fr\\IAM\\cdchange.txt") ret=00412424
1327803.564:00ec:00f0:Ret  KERNEL32.GetPrivateProfileStringA() retval=00000010 ret=00412424
1327803.564:00ec:00f0:Call KERNEL32.GetPrivateProfileStringA(004c1fec "Cdchange",004c1fe8 "Yes",004c1fe4 "Yes",0022eff4,000003ff,0022eef0 "Y:\\Documents\\omk\\fr\\IAM\\cdchange.txt") ret=004124d4
1327803.564:00ec:00f0:Ret  KERNEL32.GetPrivateProfileStringA() retval=00000003 ret=004124d4
1327803.564:00ec:00f0:Call KERNEL32.GetPrivateProfileStringA(004c2000 "Cdchange",004c1ffc "No",004c1ff8 "No",0022eff4,000003ff,0022eef0 "Y:\\Documents\\omk\\fr\\IAM\\cdchange.txt") ret=00412595
1327803.564:00ec:00f0:Ret  KERNEL32.GetPrivateProfileStringA() retval=00000003 ret=00412595
1327803.572:00ec:00f0:Call KERNEL32.GetPrivateProfileStringA(004c1fd8 "Cdchange",004c1fcc "Quitgame",004c1fc0 "Quit game ?",0022eff4,000003ff,0022eef0 "Y:\\Documents\\omk\\fr\\IAM\\cdchange.txt") ret=00412424
1327803.572:00ec:00f0:Ret  KERNEL32.GetPrivateProfileStringA() retval=00000010 ret=00412424
1327803.572:00ec:00f0:Call KERNEL32.GetPrivateProfileStringA(004c1fec "Cdchange",004c1fe8 "Yes",004c1fe4 "Yes",0022eff4,000003ff,0022eef0 "Y:\\Documents\\omk\\fr\\IAM\\cdchange.txt") ret=004124d4
1327803.572:00ec:00f0:Ret  KERNEL32.GetPrivateProfileStringA() retval=00000003 ret=004124d4
1327803.572:00ec:00f0:Call KERNEL32.GetPrivateProfileStringA(004c2000 "Cdchange",004c1ffc "No",004c1ff8 "No",0022eff4,000003ff,0022eef0 "Y:\\Documents\\omk\\fr\\IAM\\cdchange.txt") ret=00412595
1327803.572:00ec:00f0:Ret  KERNEL32.GetPrivateProfileStringA() retval=00000003 ret=00412595
1327803.577:00ec:00f0:Call KERNEL32.GetPrivateProfileStringA(004c1fd8 "Cdchange",004c1fcc "Quitgame",004c1fc0 "Quit game ?",0022eff4,000003ff,0022eef0 "Y:\\Documents\\omk\\fr\\IAM\\cdchange.txt") ret=00412424
1327803.577:00ec:00f0:Ret  KERNEL32.GetPrivateProfileStringA() retval=00000010 ret=00412424
1327803.577:00ec:00f0:Call KERNEL32.GetPrivateProfileStringA(004c1fec "Cdchange",004c1fe8 "Yes",004c1fe4 "Yes",0022eff4,000003ff,0022eef0 "Y:\\Documents\\omk\\fr\\IAM\\cdchange.txt") ret=004124d4
1327803.577:00ec:00f0:Ret  KERNEL32.GetPrivateProfileStringA() retval=00000003 ret=004124d4
1327803.577:00ec:00f0:Call KERNEL32.GetPrivateProfileStringA(004c2000 "Cdchange",004c1ffc "No",004c1ff8 "No",0022eff4,000003ff,0022eef0 "Y:\\Documents\\omk\\fr\\IAM\\cdchange.txt") ret=00412595
1327803.578:00ec:00f0:Ret  KERNEL32.GetPrivateProfileStringA() retval=00000003 ret=00412595
1327803.588:00ec:00f0:Call KERNEL32.GetPrivateProfileStringA(004c1fd8 "Cdchange",004c1fcc "Quitgame",004c1fc0 "Quit game ?",0022eff4,000003ff,0022eef0 "Y:\\Documents\\omk\\fr\\IAM\\cdchange.txt") ret=00412424
1327803.589:00ec:00f0:Ret  KERNEL32.GetPrivateProfileStringA() retval=00000010 ret=00412424
1327803.589:00ec:00f0:Call KERNEL32.GetPrivateProfileStringA(004c1fec "Cdchange",004c1fe8 "Yes",004c1fe4 "Yes",0022eff4,000003ff,0022eef0 "Y:\\Documents\\omk\\fr\\IAM\\cdchange.txt") ret=004124d4
1327803.589:00ec:00f0:Ret  KERNEL32.GetPrivateProfileStringA() retval=00000003 ret=004124d4
1327803.589:00ec:00f0:Call KERNEL32.GetPrivateProfileStringA(004c2000 "Cdchange",004c1ffc "No",004c1ff8 "No",0022eff4,000003ff,0022eef0 "Y:\\Documents\\omk\\fr\\IAM\\cdchange.txt") ret=00412595
1327803.589:00ec:00f0:Ret  KERNEL32.GetPrivateProfileStringA() retval=00000003 ret=00412595
1327803.597:00ec:00f0:Call KERNEL32.GetPrivateProfileStringA(004c1fd8 "Cdchange",004c1fcc "Quitgame",004c1fc0 "Quit game ?",0022eff4,000003ff,0022eef0 "Y:\\Documents\\omk\\fr\\IAM\\cdchange.txt") ret=00412424
1327803.598:00ec:00f0:Ret  KERNEL32.GetPrivateProfileStringA() retval=00000010 ret=00412424
1327803.598:00ec:00f0:Call KERNEL32.GetPrivateProfileStringA(004c1fec "Cdchange",004c1fe8 "Yes",004c1fe4 "Yes",0022eff4,000003ff,0022eef0 "Y:\\Documents\\omk\\fr\\IAM\\cdchange.txt") ret=004124d4
1327803.598:00ec:00f0:Ret  KERNEL32.GetPrivateProfileStringA() retval=00000003 ret=004124d4
1327803.598:00ec:00f0:Call KERNEL32.GetPrivateProfileStringA(004c2000 "Cdchange",004c1ffc "No",004c1ff8 "No",0022eff4,000003ff,0022eef0 "Y:\\Documents\\omk\\fr\\IAM\\cdchange.txt") ret=00412595
1327803.599:00ec:00f0:Ret  KERNEL32.GetPrivateProfileStringA() retval=00000003 ret=00412595
1327803.602:00ec:00f0:Call KERNEL32.GetPrivateProfileStringA(004c1fd8 "Cdchange",004c1fcc "Quitgame",004c1fc0 "Quit game ?",0022eff4,000003ff,0022eef0 "Y:\\Documents\\omk\\fr\\IAM\\cdchange.txt") ret=00412424
1327803.602:00ec:00f0:Ret  KERNEL32.GetPrivateProfileStringA() retval=00000010 ret=00412424
1327803.602:00ec:00f0:Call KERNEL32.GetPrivateProfileStringA(004c1fec "Cdchange",004c1fe8 "Yes",004c1fe4 "Yes",0022eff4,000003ff,0022eef0 "Y:\\Documents\\omk\\fr\\IAM\\cdchange.txt") ret=004124d4
1327803.603:00ec:00f0:Ret  KERNEL32.GetPrivateProfileStringA() retval=00000003 ret=004124d4
1327803.603:00ec:00f0:Call KERNEL32.GetPrivateProfileStringA(004c2000 "Cdchange",004c1ffc "No",004c1ff8 "No",0022eff4,000003ff,0022eef0 "Y:\\Documents\\omk\\fr\\IAM\\cdchange.txt") ret=00412595
1327803.603:00ec:00f0:Ret  KERNEL32.GetPrivateProfileStringA() retval=00000003 ret=00412595
1327803.616:00ec:00f0:Call KERNEL32.GetPrivateProfileStringA(004c1fd8 "Cdchange",004c1fcc "Quitgame",004c1fc0 "Quit game ?",0022eff4,000003ff,0022eef0 "Y:\\Documents\\omk\\fr\\IAM\\cdchange.txt") ret=00412424
1327803.616:00ec:00f0:Ret  KERNEL32.GetPrivateProfileStringA() retval=00000010 ret=00412424
1327803.616:00ec:00f0:Call KERNEL32.GetPrivateProfileStringA(004c1fec "Cdchange",004c1fe8 "Yes",004c1fe4 "Yes",0022eff4,000003ff,0022eef0 "Y:\\Documents\\omk\\fr\\IAM\\cdchange.txt") ret=004124d4
1327803.617:00ec:00f0:Ret  KERNEL32.GetPrivateProfileStringA() retval=00000003 ret=004124d4
1327803.617:00ec:00f0:Call KERNEL32.GetPrivateProfileStringA(004c2000 "Cdchange",004c1ffc "No",004c1ff8 "No",0022eff4,000003ff,0022eef0 "Y:\\Documents\\omk\\fr\\IAM\\cdchange.txt") ret=00412595
1327803.617:00ec:00f0:Ret  KERNEL32.GetPrivateProfileStringA() retval=00000003 ret=00412595
1327803.622:00ec:00f0:Call KERNEL32.GetPrivateProfileStringA(004c1fd8 "Cdchange",004c1fcc "Quitgame",004c1fc0 "Quit game ?",0022eff4,000003ff,0022eef0 "Y:\\Documents\\omk\\fr\\IAM\\cdchange.txt") ret=00412424
1327803.622:00ec:00f0:Ret  KERNEL32.GetPrivateProfileStringA() retval=00000010 ret=00412424
1327803.622:00ec:00f0:Call KERNEL32.GetPrivateProfileStringA(004c1fec "Cdchange",004c1fe8 "Yes",004c1fe4 "Yes",0022eff4,000003ff,0022eef0 "Y:\\Documents\\omk\\fr\\IAM\\cdchange.txt") ret=004124d4
1327803.622:00ec:00f0:Ret  KERNEL32.GetPrivateProfileStringA() retval=00000003 ret=004124d4
1327803.622:00ec:00f0:Call KERNEL32.GetPrivateProfileStringA(004c2000 "Cdchange",004c1ffc "No",004c1ff8 "No",0022eff4,000003ff,0022eef0 "Y:\\Documents\\omk\\fr\\IAM\\cdchange.txt") ret=00412595
1327803.623:00ec:00f0:Ret  KERNEL32.GetPrivateProfileStringA() retval=00000003 ret=00412595
1327803.625:00ec:00f0:Call KERNEL32.GetPrivateProfileStringA(004c1fd8 "Cdchange",004c1fcc "Quitgame",004c1fc0 "Quit game ?",0022eff4,000003ff,0022eef0 "Y:\\Documents\\omk\\fr\\IAM\\cdchange.txt") ret=00412424
1327803.625:00ec:00f0:Ret  KERNEL32.GetPrivateProfileStringA() retval=00000010 ret=00412424
1327803.625:00ec:00f0:Call KERNEL32.GetPrivateProfileStringA(004c1fec "Cdchange",004c1fe8 "Yes",004c1fe4 "Yes",0022eff4,000003ff,0022eef0 "Y:\\Documents\\omk\\fr\\IAM\\cdchange.txt") ret=004124d4
1327803.625:00ec:00f0:Ret  KERNEL32.GetPrivateProfileStringA() retval=00000003 ret=004124d4
1327803.625:00ec:00f0:Call KERNEL32.GetPrivateProfileStringA(004c2000 "Cdchange",004c1ffc "No",004c1ff8 "No",0022eff4,000003ff,0022eef0 "Y:\\Documents\\omk\\fr\\IAM\\cdchange.txt") ret=00412595
1327803.625:00ec:00f0:Ret  KERNEL32.GetPrivateProfileStringA() retval=00000003 ret=00412595
1327803.638:00ec:00f0:Call KERNEL32.GetPrivateProfileStringA(004c1fd8 "Cdchange",004c1fcc "Quitgame",004c1fc0 "Quit game ?",0022eff4,000003ff,0022eef0 "Y:\\Documents\\omk\\fr\\IAM\\cdchange.txt") ret=00412424
1327803.638:00ec:00f0:Ret  KERNEL32.GetPrivateProfileStringA() retval=00000010 ret=00412424
1327803.638:00ec:00f0:Call KERNEL32.GetPrivateProfileStringA(004c1fec "Cdchange",004c1fe8 "Yes",004c1fe4 "Yes",0022eff4,000003ff,0022eef0 "Y:\\Documents\\omk\\fr\\IAM\\cdchange.txt") ret=004124d4
1327803.639:00ec:00f0:Ret  KERNEL32.GetPrivateProfileStringA() retval=00000003 ret=004124d4
1327803.639:00ec:00f0:Call KERNEL32.GetPrivateProfileStringA(004c2000 "Cdchange",004c1ffc "No",004c1ff8 "No",0022eff4,000003ff,0022eef0 "Y:\\Documents\\omk\\fr\\IAM\\cdchange.txt") ret=00412595
1327803.639:00ec:00f0:Ret  KERNEL32.GetPrivateProfileStringA() retval=00000003 ret=00412595
1327803.647:00ec:00f0:Call KERNEL32.GetPrivateProfileStringA(004c1fd8 "Cdchange",004c1fcc "Quitgame",004c1fc0 "Quit game ?",0022eff4,000003ff,0022eef0 "Y:\\Documents\\omk\\fr\\IAM\\cdchange.txt") ret=00412424
1327803.648:00ec:00f0:Ret  KERNEL32.GetPrivateProfileStringA() retval=00000010 ret=00412424
1327803.648:00ec:00f0:Call KERNEL32.GetPrivateProfileStringA(004c1fec "Cdchange",004c1fe8 "Yes",004c1fe4 "Yes",0022eff4,000003ff,0022eef0 "Y:\\Documents\\omk\\fr\\IAM\\cdchange.txt") ret=004124d4
1327803.648:00ec:00f0:Ret  KERNEL32.GetPrivateProfileStringA() retval=00000003 ret=004124d4
1327803.648:00ec:00f0:Call KERNEL32.GetPrivateProfileStringA(004c2000 "Cdchange",004c1ffc "No",004c1ff8 "No",0022eff4,000003ff,0022eef0 "Y:\\Documents\\omk\\fr\\IAM\\cdchange.txt") ret=00412595
1327803.648:00ec:00f0:Ret  KERNEL32.GetPrivateProfileStringA() retval=00000003 ret=00412595
1327803.651:00ec:00f0:Call KERNEL32.GetPrivateProfileStringA(004c1fd8 "Cdchange",004c1fcc "Quitgame",004c1fc0 "Quit game ?",0022eff4,000003ff,0022eef0 "Y:\\Documents\\omk\\fr\\IAM\\cdchange.txt") ret=00412424
1327803.651:00ec:00f0:Ret  KERNEL32.GetPrivateProfileStringA() retval=00000010 ret=00412424
1327803.651:00ec:00f0:Call KERNEL32.GetPrivateProfileStringA(004c1fec "Cdchange",004c1fe8 "Yes",004c1fe4 "Yes",0022eff4,000003ff,0022eef0 "Y:\\Documents\\omk\\fr\\IAM\\cdchange.txt") ret=004124d4
1327803.652:00ec:00f0:Ret  KERNEL32.GetPrivateProfileStringA() retval=00000003 ret=004124d4
1327803.652:00ec:00f0:Call KERNEL32.GetPrivateProfileStringA(004c2000 "Cdchange",004c1ffc "No",004c1ff8 "No",0022eff4,000003ff,0022eef0 "Y:\\Documents\\omk\\fr\\IAM\\cdchange.txt") ret=00412595
1327803.652:00ec:00f0:Ret  KERNEL32.GetPrivateProfileStringA() retval=00000003 ret=00412595
1327803.663:00ec:00f0:Call KERNEL32.GetPrivateProfileStringA(004c1fd8 "Cdchange",004c1fcc "Quitgame",004c1fc0 "Quit game ?",0022eff4,000003ff,0022eef0 "Y:\\Documents\\omk\\fr\\IAM\\cdchange.txt") ret=00412424
1327803.664:00ec:00f0:Ret  KERNEL32.GetPrivateProfileStringA() retval=00000010 ret=00412424
1327803.664:00ec:00f0:Call KERNEL32.GetPrivateProfileStringA(004c1fec "Cdchange",004c1fe8 "Yes",004c1fe4 "Yes",0022eff4,000003ff,0022eef0 "Y:\\Documents\\omk\\fr\\IAM\\cdchange.txt") ret=004124d4
1327803.664:00ec:00f0:Ret  KERNEL32.GetPrivateProfileStringA() retval=00000003 ret=004124d4
1327803.664:00ec:00f0:Call KERNEL32.GetPrivateProfileStringA(004c2000 "Cdchange",004c1ffc "No",004c1ff8 "No",0022eff4,000003ff,0022eef0 "Y:\\Documents\\omk\\fr\\IAM\\cdchange.txt") ret=00412595
1327803.664:00ec:00f0:Ret  KERNEL32.GetPrivateProfileStringA() retval=00000003 ret=00412595
1327803.672:00ec:00f0:Call KERNEL32.GetPrivateProfileStringA(004c1fd8 "Cdchange",004c1fcc "Quitgame",004c1fc0 "Quit game ?",0022eff4,000003ff,0022eef0 "Y:\\Documents\\omk\\fr\\IAM\\cdchange.txt") ret=00412424
1327803.672:00ec:00f0:Ret  KERNEL32.GetPrivateProfileStringA() retval=00000010 ret=00412424
1327803.672:00ec:00f0:Call KERNEL32.GetPrivateProfileStringA(004c1fec "Cdchange",004c1fe8 "Yes",004c1fe4 "Yes",0022eff4,000003ff,0022eef0 "Y:\\Documents\\omk\\fr\\IAM\\cdchange.txt") ret=004124d4
1327803.672:00ec:00f0:Ret  KERNEL32.GetPrivateProfileStringA() retval=00000003 ret=004124d4
1327803.672:00ec:00f0:Call KERNEL32.GetPrivateProfileStringA(004c2000 "Cdchange",004c1ffc "No",004c1ff8 "No",0022eff4,000003ff,0022eef0 "Y:\\Documents\\omk\\fr\\IAM\\cdchange.txt") ret=00412595
1327803.672:00ec:00f0:Ret  KERNEL32.GetPrivateProfileStringA() retval=00000003 ret=00412595
1327803.675:00ec:00f0:Call KERNEL32.GetPrivateProfileStringA(004c1fd8 "Cdchange",004c1fcc "Quitgame",004c1fc0 "Quit game ?",0022eff4,000003ff,0022eef0 "Y:\\Documents\\omk\\fr\\IAM\\cdchange.txt") ret=00412424
1327803.676:00ec:00f0:Ret  KERNEL32.GetPrivateProfileStringA() retval=00000010 ret=00412424
1327803.676:00ec:00f0:Call KERNEL32.GetPrivateProfileStringA(004c1fec "Cdchange",004c1fe8 "Yes",004c1fe4 "Yes",0022eff4,000003ff,0022eef0 "Y:\\Documents\\omk\\fr\\IAM\\cdchange.txt") ret=004124d4
1327803.676:00ec:00f0:Ret  KERNEL32.GetPrivateProfileStringA() retval=00000003 ret=004124d4
1327803.676:00ec:00f0:Call KERNEL32.GetPrivateProfileStringA(004c2000 "Cdchange",004c1ffc "No",004c1ff8 "No",0022eff4,000003ff,0022eef0 "Y:\\Documents\\omk\\fr\\IAM\\cdchange.txt") ret=00412595
1327803.676:00ec:00f0:Ret  KERNEL32.GetPrivateProfileStringA() retval=00000003 ret=00412595
1327803.689:00ec:00f0:Call KERNEL32.GetPrivateProfileStringA(004c1fd8 "Cdchange",004c1fcc "Quitgame",004c1fc0 "Quit game ?",0022eff4,000003ff,0022eef0 "Y:\\Documents\\omk\\fr\\IAM\\cdchange.txt") ret=00412424
1327803.689:00ec:00f0:Ret  KERNEL32.GetPrivateProfileStringA() retval=00000010 ret=00412424
1327803.689:00ec:00f0:Call KERNEL32.GetPrivateProfileStringA(004c1fec "Cdchange",004c1fe8 "Yes",004c1fe4 "Yes",0022eff4,000003ff,0022eef0 "Y:\\Documents\\omk\\fr\\IAM\\cdchange.txt") ret=004124d4
1327803.689:00ec:00f0:Ret  KERNEL32.GetPrivateProfileStringA() retval=00000003 ret=004124d4
1327803.689:00ec:00f0:Call KERNEL32.GetPrivateProfileStringA(004c2000 "Cdchange",004c1ffc "No",004c1ff8 "No",0022eff4,000003ff,0022eef0 "Y:\\Documents\\omk\\fr\\IAM\\cdchange.txt") ret=00412595
1327803.689:00ec:00f0:Ret  KERNEL32.GetPrivateProfileStringA() retval=00000003 ret=00412595
1327803.697:00ec:00f0:Call KERNEL32.GetPrivateProfileStringA(004c1fd8 "Cdchange",004c1fcc "Quitgame",004c1fc0 "Quit game ?",0022eff4,000003ff,0022eef0 "Y:\\Documents\\omk\\fr\\IAM\\cdchange.txt") ret=00412424
1327803.697:00ec:00f0:Ret  KERNEL32.GetPrivateProfileStringA() retval=00000010 ret=00412424
1327803.697:00ec:00f0:Call KERNEL32.GetPrivateProfileStringA(004c1fec "Cdchange",004c1fe8 "Yes",004c1fe4 "Yes",0022eff4,000003ff,0022eef0 "Y:\\Documents\\omk\\fr\\IAM\\cdchange.txt") ret=004124d4
1327803.698:00ec:00f0:Ret  KERNEL32.GetPrivateProfileStringA() retval=00000003 ret=004124d4
1327803.698:00ec:00f0:Call KERNEL32.GetPrivateProfileStringA(004c2000 "Cdchange",004c1ffc "No",004c1ff8 "No",0022eff4,000003ff,0022eef0 "Y:\\Documents\\omk\\fr\\IAM\\cdchange.txt") ret=00412595
1327803.698:00ec:00f0:Ret  KERNEL32.GetPrivateProfileStringA() retval=00000003 ret=00412595
1327803.714:00ec:00f0:Call KERNEL32.GetPrivateProfileStringA(004c1fd8 "Cdchange",004c1fcc "Quitgame",004c1fc0 "Quit game ?",0022eff4,000003ff,0022eef0 "Y:\\Documents\\omk\\fr\\IAM\\cdchange.txt") ret=00412424
1327803.714:00ec:00f0:Ret  KERNEL32.GetPrivateProfileStringA() retval=00000010 ret=00412424
1327803.714:00ec:00f0:Call KERNEL32.GetPrivateProfileStringA(004c1fec "Cdchange",004c1fe8 "Yes",004c1fe4 "Yes",0022eff4,000003ff,0022eef0 "Y:\\Documents\\omk\\fr\\IAM\\cdchange.txt") ret=004124d4
1327803.714:00ec:00f0:Ret  KERNEL32.GetPrivateProfileStringA() retval=00000003 ret=004124d4
1327803.714:00ec:00f0:Call KERNEL32.GetPrivateProfileStringA(004c2000 "Cdchange",004c1ffc "No",004c1ff8 "No",0022eff4,000003ff,0022eef0 "Y:\\Documents\\omk\\fr\\IAM\\cdchange.txt") ret=00412595
1327803.714:00ec:00f0:Ret  KERNEL32.GetPrivateProfileStringA() retval=00000003 ret=00412595
1327803.723:00ec:00f0:Call KERNEL32.GetPrivateProfileStringA(004c1fd8 "Cdchange",004c1fcc "Quitgame",004c1fc0 "Quit game ?",0022eff4,000003ff,0022eef0 "Y:\\Documents\\omk\\fr\\IAM\\cdchange.txt") ret=00412424
1327803.724:00ec:00f0:Ret  KERNEL32.GetPrivateProfileStringA() retval=00000010 ret=00412424
1327803.724:00ec:00f0:Call KERNEL32.GetPrivateProfileStringA(004c1fec "Cdchange",004c1fe8 "Yes",004c1fe4 "Yes",0022eff4,000003ff,0022eef0 "Y:\\Documents\\omk\\fr\\IAM\\cdchange.txt") ret=004124d4
1327803.724:00ec:00f0:Ret  KERNEL32.GetPrivateProfileStringA() retval=00000003 ret=004124d4
1327803.724:00ec:00f0:Call KERNEL32.GetPrivateProfileStringA(004c2000 "Cdchange",004c1ffc "No",004c1ff8 "No",0022eff4,000003ff,0022eef0 "Y:\\Documents\\omk\\fr\\IAM\\cdchange.txt") ret=00412595
1327803.724:00ec:00f0:Ret  KERNEL32.GetPrivateProfileStringA() retval=00000003 ret=00412595
1327803.738:00ec:00f0:Call KERNEL32.GetPrivateProfileStringA(004c1fd8 "Cdchange",004c1fcc "Quitgame",004c1fc0 "Quit game ?",0022eff4,000003ff,0022eef0 "Y:\\Documents\\omk\\fr\\IAM\\cdchange.txt") ret=00412424
1327803.739:00ec:00f0:Ret  KERNEL32.GetPrivateProfileStringA() retval=00000010 ret=00412424
1327803.739:00ec:00f0:Call KERNEL32.GetPrivateProfileStringA(004c1fec "Cdchange",004c1fe8 "Yes",004c1fe4 "Yes",0022eff4,000003ff,0022eef0 "Y:\\Documents\\omk\\fr\\IAM\\cdchange.txt") ret=004124d4
1327803.739:00ec:00f0:Ret  KERNEL32.GetPrivateProfileStringA() retval=00000003 ret=004124d4
1327803.739:00ec:00f0:Call KERNEL32.GetPrivateProfileStringA(004c2000 "Cdchange",004c1ffc "No",004c1ff8 "No",0022eff4,000003ff,0022eef0 "Y:\\Documents\\omk\\fr\\IAM\\cdchange.txt") ret=00412595
1327803.739:00ec:00f0:Ret  KERNEL32.GetPrivateProfileStringA() retval=00000003 ret=00412595
1327803.749:00ec:00f0:Call KERNEL32.GetPrivateProfileStringA(004c1fd8 "Cdchange",004c1fcc "Quitgame",004c1fc0 "Quit game ?",0022eff4,000003ff,0022eef0 "Y:\\Documents\\omk\\fr\\IAM\\cdchange.txt") ret=00412424
1327803.749:00ec:00f0:Ret  KERNEL32.GetPrivateProfileStringA() retval=00000010 ret=00412424
1327803.749:00ec:00f0:Call KERNEL32.GetPrivateProfileStringA(004c1fec "Cdchange",004c1fe8 "Yes",004c1fe4 "Yes",0022eff4,000003ff,0022eef0 "Y:\\Documents\\omk\\fr\\IAM\\cdchange.txt") ret=004124d4
1327803.749:00ec:00f0:Ret  KERNEL32.GetPrivateProfileStringA() retval=00000003 ret=004124d4
1327803.749:00ec:00f0:Call KERNEL32.GetPrivateProfileStringA(004c2000 "Cdchange",004c1ffc "No",004c1ff8 "No",0022eff4,000003ff,0022eef0 "Y:\\Documents\\omk\\fr\\IAM\\cdchange.txt") ret=00412595
1327803.750:00ec:00f0:Ret  KERNEL32.GetPrivateProfileStringA() retval=00000003 ret=00412595
1327803.763:00ec:00f0:Call KERNEL32.GetPrivateProfileStringA(004c1fd8 "Cdchange",004c1fcc "Quitgame",004c1fc0 "Quit game ?",0022eff4,000003ff,0022eef0 "Y:\\Documents\\omk\\fr\\IAM\\cdchange.txt") ret=00412424
1327803.764:00ec:00f0:Ret  KERNEL32.GetPrivateProfileStringA() retval=00000010 ret=00412424
1327803.764:00ec:00f0:Call KERNEL32.GetPrivateProfileStringA(004c1fec "Cdchange",004c1fe8 "Yes",004c1fe4 "Yes",0022eff4,000003ff,0022eef0 "Y:\\Documents\\omk\\fr\\IAM\\cdchange.txt") ret=004124d4
1327803.764:00ec:00f0:Ret  KERNEL32.GetPrivateProfileStringA() retval=00000003 ret=004124d4
1327803.764:00ec:00f0:Call KERNEL32.GetPrivateProfileStringA(004c2000 "Cdchange",004c1ffc "No",004c1ff8 "No",0022eff4,000003ff,0022eef0 "Y:\\Documents\\omk\\fr\\IAM\\cdchange.txt") ret=00412595
1327803.764:00ec:00f0:Ret  KERNEL32.GetPrivateProfileStringA() retval=00000003 ret=00412595
1327803.772:00ec:00f0:Call KERNEL32.GetPrivateProfileStringA(004c1fd8 "Cdchange",004c1fcc "Quitgame",004c1fc0 "Quit game ?",0022eff4,000003ff,0022eef0 "Y:\\Documents\\omk\\fr\\IAM\\cdchange.txt") ret=00412424
1327803.772:00ec:00f0:Ret  KERNEL32.GetPrivateProfileStringA() retval=00000010 ret=00412424
1327803.772:00ec:00f0:Call KERNEL32.GetPrivateProfileStringA(004c1fec "Cdchange",004c1fe8 "Yes",004c1fe4 "Yes",0022eff4,000003ff,0022eef0 "Y:\\Documents\\omk\\fr\\IAM\\cdchange.txt") ret=004124d4
1327803.772:00ec:00f0:Ret  KERNEL32.GetPrivateProfileStringA() retval=00000003 ret=004124d4
1327803.772:00ec:00f0:Call KERNEL32.GetPrivateProfileStringA(004c2000 "Cdchange",004c1ffc "No",004c1ff8 "No",0022eff4,000003ff,0022eef0 "Y:\\Documents\\omk\\fr\\IAM\\cdchange.txt") ret=00412595
1327803.773:00ec:00f0:Ret  KERNEL32.GetPrivateProfileStringA() retval=00000003 ret=00412595
1327803.777:00ec:00f0:Call KERNEL32.GetPrivateProfileStringA(004c1fd8 "Cdchange",004c1fcc "Quitgame",004c1fc0 "Quit game ?",0022eff4,000003ff,0022eef0 "Y:\\Documents\\omk\\fr\\IAM\\cdchange.txt") ret=00412424
1327803.777:00ec:00f0:Ret  KERNEL32.GetPrivateProfileStringA() retval=00000010 ret=00412424
1327803.777:00ec:00f0:Call KERNEL32.GetPrivateProfileStringA(004c1fec "Cdchange",004c1fe8 "Yes",004c1fe4 "Yes",0022eff4,000003ff,0022eef0 "Y:\\Documents\\omk\\fr\\IAM\\cdchange.txt") ret=004124d4
1327803.777:00ec:00f0:Ret  KERNEL32.GetPrivateProfileStringA() retval=00000003 ret=004124d4
1327803.777:00ec:00f0:Call KERNEL32.GetPrivateProfileStringA(004c2000 "Cdchange",004c1ffc "No",004c1ff8 "No",0022eff4,000003ff,0022eef0 "Y:\\Documents\\omk\\fr\\IAM\\cdchange.txt") ret=00412595
1327803.777:00ec:00f0:Ret  KERNEL32.GetPrivateProfileStringA() retval=00000003 ret=00412595
1327803.788:00ec:00f0:Call KERNEL32.GetPrivateProfileStringA(004c1fd8 "Cdchange",004c1fcc "Quitgame",004c1fc0 "Quit game ?",0022eff4,000003ff,0022eef0 "Y:\\Documents\\omk\\fr\\IAM\\cdchange.txt") ret=00412424
1327803.789:00ec:00f0:Ret  KERNEL32.GetPrivateProfileStringA() retval=00000010 ret=00412424
1327803.789:00ec:00f0:Call KERNEL32.GetPrivateProfileStringA(004c1fec "Cdchange",004c1fe8 "Yes",004c1fe4 "Yes",0022eff4,000003ff,0022eef0 "Y:\\Documents\\omk\\fr\\IAM\\cdchange.txt") ret=004124d4
1327803.789:00ec:00f0:Ret  KERNEL32.GetPrivateProfileStringA() retval=00000003 ret=004124d4
1327803.789:00ec:00f0:Call KERNEL32.GetPrivateProfileStringA(004c2000 "Cdchange",004c1ffc "No",004c1ff8 "No",0022eff4,000003ff,0022eef0 "Y:\\Documents\\omk\\fr\\IAM\\cdchange.txt") ret=00412595
1327803.789:00ec:00f0:Ret  KERNEL32.GetPrivateProfileStringA() retval=00000003 ret=00412595
1327803.797:00ec:00f0:Call KERNEL32.GetPrivateProfileStringA(004c1fd8 "Cdchange",004c1fcc "Quitgame",004c1fc0 "Quit game ?",0022eff4,000003ff,0022eef0 "Y:\\Documents\\omk\\fr\\IAM\\cdchange.txt") ret=00412424
1327803.798:00ec:00f0:Ret  KERNEL32.GetPrivateProfileStringA() retval=00000010 ret=00412424
1327803.798:00ec:00f0:Call KERNEL32.GetPrivateProfileStringA(004c1fec "Cdchange",004c1fe8 "Yes",004c1fe4 "Yes",0022eff4,000003ff,0022eef0 "Y:\\Documents\\omk\\fr\\IAM\\cdchange.txt") ret=004124d4
1327803.798:00ec:00f0:Ret  KERNEL32.GetPrivateProfileStringA() retval=00000003 ret=004124d4
1327803.798:00ec:00f0:Call KERNEL32.GetPrivateProfileStringA(004c2000 "Cdchange",004c1ffc "No",004c1ff8 "No",0022eff4,000003ff,0022eef0 "Y:\\Documents\\omk\\fr\\IAM\\cdchange.txt") ret=00412595
1327803.799:00ec:00f0:Ret  KERNEL32.GetPrivateProfileStringA() retval=00000003 ret=00412595
1327803.802:00ec:00f0:Call KERNEL32.GetPrivateProfileStringA(004c1fd8 "Cdchange",004c1fcc "Quitgame",004c1fc0 "Quit game ?",0022eff4,000003ff,0022eef0 "Y:\\Documents\\omk\\fr\\IAM\\cdchange.txt") ret=00412424
1327803.802:00ec:00f0:Ret  KERNEL32.GetPrivateProfileStringA() retval=00000010 ret=00412424
1327803.802:00ec:00f0:Call KERNEL32.GetPrivateProfileStringA(004c1fec "Cdchange",004c1fe8 "Yes",004c1fe4 "Yes",0022eff4,000003ff,0022eef0 "Y:\\Documents\\omk\\fr\\IAM\\cdchange.txt") ret=004124d4
1327803.803:00ec:00f0:Ret  KERNEL32.GetPrivateProfileStringA() retval=00000003 ret=004124d4
1327803.803:00ec:00f0:Call KERNEL32.GetPrivateProfileStringA(004c2000 "Cdchange",004c1ffc "No",004c1ff8 "No",0022eff4,000003ff,0022eef0 "Y:\\Documents\\omk\\fr\\IAM\\cdchange.txt") ret=00412595
1327803.803:00ec:00f0:Ret  KERNEL32.GetPrivateProfileStringA() retval=00000003 ret=00412595
1327803.815:00ec:00f0:Call KERNEL32.GetPrivateProfileStringA(004c1fd8 "Cdchange",004c1fcc "Quitgame",004c1fc0 "Quit game ?",0022eff4,000003ff,0022eef0 "Y:\\Documents\\omk\\fr\\IAM\\cdchange.txt") ret=00412424
1327803.815:00ec:00f0:Ret  KERNEL32.GetPrivateProfileStringA() retval=00000010 ret=00412424
1327803.815:00ec:00f0:Call KERNEL32.GetPrivateProfileStringA(004c1fec "Cdchange",004c1fe8 "Yes",004c1fe4 "Yes",0022eff4,000003ff,0022eef0 "Y:\\Documents\\omk\\fr\\IAM\\cdchange.txt") ret=004124d4
1327803.816:00ec:00f0:Ret  KERNEL32.GetPrivateProfileStringA() retval=00000003 ret=004124d4
1327803.816:00ec:00f0:Call KERNEL32.GetPrivateProfileStringA(004c2000 "Cdchange",004c1ffc "No",004c1ff8 "No",0022eff4,000003ff,0022eef0 "Y:\\Documents\\omk\\fr\\IAM\\cdchange.txt") ret=00412595
1327803.816:00ec:00f0:Ret  KERNEL32.GetPrivateProfileStringA() retval=00000003 ret=00412595
1327803.822:00ec:00f0:Call KERNEL32.GetPrivateProfileStringA(004c1fd8 "Cdchange",004c1fcc "Quitgame",004c1fc0 "Quit game ?",0022eff4,000003ff,0022eef0 "Y:\\Documents\\omk\\fr\\IAM\\cdchange.txt") ret=00412424
1327803.822:00ec:00f0:Ret  KERNEL32.GetPrivateProfileStringA() retval=00000010 ret=00412424
1327803.822:00ec:00f0:Call KERNEL32.GetPrivateProfileStringA(004c1fec "Cdchange",004c1fe8 "Yes",004c1fe4 "Yes",0022eff4,000003ff,0022eef0 "Y:\\Documents\\omk\\fr\\IAM\\cdchange.txt") ret=004124d4
1327803.822:00ec:00f0:Ret  KERNEL32.GetPrivateProfileStringA() retval=00000003 ret=004124d4
1327803.822:00ec:00f0:Call KERNEL32.GetPrivateProfileStringA(004c2000 "Cdchange",004c1ffc "No",004c1ff8 "No",0022eff4,000003ff,0022eef0 "Y:\\Documents\\omk\\fr\\IAM\\cdchange.txt") ret=00412595
1327803.823:00ec:00f0:Ret  KERNEL32.GetPrivateProfileStringA() retval=00000003 ret=00412595
1327803.826:00ec:00f0:Call KERNEL32.GetPrivateProfileStringA(004c1fd8 "Cdchange",004c1fcc "Quitgame",004c1fc0 "Quit game ?",0022eff4,000003ff,0022eef0 "Y:\\Documents\\omk\\fr\\IAM\\cdchange.txt") ret=00412424
1327803.826:00ec:00f0:Ret  KERNEL32.GetPrivateProfileStringA() retval=00000010 ret=00412424
1327803.826:00ec:00f0:Call KERNEL32.GetPrivateProfileStringA(004c1fec "Cdchange",004c1fe8 "Yes",004c1fe4 "Yes",0022eff4,000003ff,0022eef0 "Y:\\Documents\\omk\\fr\\IAM\\cdchange.txt") ret=004124d4
1327803.827:00ec:00f0:Ret  KERNEL32.GetPrivateProfileStringA() retval=00000003 ret=004124d4
1327803.827:00ec:00f0:Call KERNEL32.GetPrivateProfileStringA(004c2000 "Cdchange",004c1ffc "No",004c1ff8 "No",0022eff4,000003ff,0022eef0 "Y:\\Documents\\omk\\fr\\IAM\\cdchange.txt") ret=00412595
1327803.827:00ec:00f0:Ret  KERNEL32.GetPrivateProfileStringA() retval=00000003 ret=00412595
1327803.839:00ec:00f0:Call KERNEL32.GetPrivateProfileStringA(004c1fd8 "Cdchange",004c1fcc "Quitgame",004c1fc0 "Quit game ?",0022eff4,000003ff,0022eef0 "Y:\\Documents\\omk\\fr\\IAM\\cdchange.txt") ret=00412424
1327803.840:00ec:00f0:Ret  KERNEL32.GetPrivateProfileStringA() retval=00000010 ret=00412424
1327803.840:00ec:00f0:Call KERNEL32.GetPrivateProfileStringA(004c1fec "Cdchange",004c1fe8 "Yes",004c1fe4 "Yes",0022eff4,000003ff,0022eef0 "Y:\\Documents\\omk\\fr\\IAM\\cdchange.txt") ret=004124d4
1327803.840:00ec:00f0:Ret  KERNEL32.GetPrivateProfileStringA() retval=00000003 ret=004124d4
1327803.840:00ec:00f0:Call KERNEL32.GetPrivateProfileStringA(004c2000 "Cdchange",004c1ffc "No",004c1ff8 "No",0022eff4,000003ff,0022eef0 "Y:\\Documents\\omk\\fr\\IAM\\cdchange.txt") ret=00412595
1327803.840:00ec:00f0:Ret  KERNEL32.GetPrivateProfileStringA() retval=00000003 ret=00412595
1327803.847:00ec:00f0:Call KERNEL32.GetPrivateProfileStringA(004c1fd8 "Cdchange",004c1fcc "Quitgame",004c1fc0 "Quit game ?",0022eff4,000003ff,0022eef0 "Y:\\Documents\\omk\\fr\\IAM\\cdchange.txt") ret=00412424
1327803.847:00ec:00f0:Ret  KERNEL32.GetPrivateProfileStringA() retval=00000010 ret=00412424
1327803.847:00ec:00f0:Call KERNEL32.GetPrivateProfileStringA(004c1fec "Cdchange",004c1fe8 "Yes",004c1fe4 "Yes",0022eff4,000003ff,0022eef0 "Y:\\Documents\\omk\\fr\\IAM\\cdchange.txt") ret=004124d4
1327803.847:00ec:00f0:Ret  KERNEL32.GetPrivateProfileStringA() retval=00000003 ret=004124d4
1327803.847:00ec:00f0:Call KERNEL32.GetPrivateProfileStringA(004c2000 "Cdchange",004c1ffc "No",004c1ff8 "No",0022eff4,000003ff,0022eef0 "Y:\\Documents\\omk\\fr\\IAM\\cdchange.txt") ret=00412595
1327803.847:00ec:00f0:Ret  KERNEL32.GetPrivateProfileStringA() retval=00000003 ret=00412595
1327803.852:00ec:00f0:Call KERNEL32.GetPrivateProfileStringA(004c1fd8 "Cdchange",004c1fcc "Quitgame",004c1fc0 "Quit game ?",0022eff4,000003ff,0022eef0 "Y:\\Documents\\omk\\fr\\IAM\\cdchange.txt") ret=00412424
1327803.852:00ec:00f0:Ret  KERNEL32.GetPrivateProfileStringA() retval=00000010 ret=00412424
1327803.852:00ec:00f0:Call KERNEL32.GetPrivateProfileStringA(004c1fec "Cdchange",004c1fe8 "Yes",004c1fe4 "Yes",0022eff4,000003ff,0022eef0 "Y:\\Documents\\omk\\fr\\IAM\\cdchange.txt") ret=004124d4
1327803.852:00ec:00f0:Ret  KERNEL32.GetPrivateProfileStringA() retval=00000003 ret=004124d4
1327803.852:00ec:00f0:Call KERNEL32.GetPrivateProfileStringA(004c2000 "Cdchange",004c1ffc "No",004c1ff8 "No",0022eff4,000003ff,0022eef0 "Y:\\Documents\\omk\\fr\\IAM\\cdchange.txt") ret=00412595
1327803.853:00ec:00f0:Ret  KERNEL32.GetPrivateProfileStringA() retval=00000003 ret=00412595
1327803.863:00ec:00f0:Call KERNEL32.GetPrivateProfileStringA(004c1fd8 "Cdchange",004c1fcc "Quitgame",004c1fc0 "Quit game ?",0022eff4,000003ff,0022eef0 "Y:\\Documents\\omk\\fr\\IAM\\cdchange.txt") ret=00412424
1327803.864:00ec:00f0:Ret  KERNEL32.GetPrivateProfileStringA() retval=00000010 ret=00412424
1327803.864:00ec:00f0:Call KERNEL32.GetPrivateProfileStringA(004c1fec "Cdchange",004c1fe8 "Yes",004c1fe4 "Yes",0022eff4,000003ff,0022eef0 "Y:\\Documents\\omk\\fr\\IAM\\cdchange.txt") ret=004124d4
1327803.864:00ec:00f0:Ret  KERNEL32.GetPrivateProfileStringA() retval=00000003 ret=004124d4
1327803.864:00ec:00f0:Call KERNEL32.GetPrivateProfileStringA(004c2000 "Cdchange",004c1ffc "No",004c1ff8 "No",0022eff4,000003ff,0022eef0 "Y:\\Documents\\omk\\fr\\IAM\\cdchange.txt") ret=00412595
1327803.864:00ec:00f0:Ret  KERNEL32.GetPrivateProfileStringA() retval=00000003 ret=00412595
1327803.872:00ec:00f0:Call KERNEL32.GetPrivateProfileStringA(004c1fd8 "Cdchange",004c1fcc "Quitgame",004c1fc0 "Quit game ?",0022eff4,000003ff,0022eef0 "Y:\\Documents\\omk\\fr\\IAM\\cdchange.txt") ret=00412424
1327803.873:00ec:00f0:Ret  KERNEL32.GetPrivateProfileStringA() retval=00000010 ret=00412424
1327803.873:00ec:00f0:Call KERNEL32.GetPrivateProfileStringA(004c1fec "Cdchange",004c1fe8 "Yes",004c1fe4 "Yes",0022eff4,000003ff,0022eef0 "Y:\\Documents\\omk\\fr\\IAM\\cdchange.txt") ret=004124d4
1327803.873:00ec:00f0:Ret  KERNEL32.GetPrivateProfileStringA() retval=00000003 ret=004124d4
1327803.873:00ec:00f0:Call KERNEL32.GetPrivateProfileStringA(004c2000 "Cdchange",004c1ffc "No",004c1ff8 "No",0022eff4,000003ff,0022eef0 "Y:\\Documents\\omk\\fr\\IAM\\cdchange.txt") ret=00412595
1327803.873:00ec:00f0:Ret  KERNEL32.GetPrivateProfileStringA() retval=00000003 ret=00412595
1327803.876:00ec:00f0:Call KERNEL32.GetPrivateProfileStringA(004c1fd8 "Cdchange",004c1fcc "Quitgame",004c1fc0 "Quit game ?",0022eff4,000003ff,0022eef0 "Y:\\Documents\\omk\\fr\\IAM\\cdchange.txt") ret=00412424
1327803.876:00ec:00f0:Ret  KERNEL32.GetPrivateProfileStringA() retval=00000010 ret=00412424
1327803.876:00ec:00f0:Call KERNEL32.GetPrivateProfileStringA(004c1fec "Cdchange",004c1fe8 "Yes",004c1fe4 "Yes",0022eff4,000003ff,0022eef0 "Y:\\Documents\\omk\\fr\\IAM\\cdchange.txt") ret=004124d4
1327803.876:00ec:00f0:Ret  KERNEL32.GetPrivateProfileStringA() retval=00000003 ret=004124d4
1327803.876:00ec:00f0:Call KERNEL32.GetPrivateProfileStringA(004c2000 "Cdchange",004c1ffc "No",004c1ff8 "No",0022eff4,000003ff,0022eef0 "Y:\\Documents\\omk\\fr\\IAM\\cdchange.txt") ret=00412595
1327803.876:00ec:00f0:Ret  KERNEL32.GetPrivateProfileStringA() retval=00000003 ret=00412595
1327803.888:00ec:00f0:Call KERNEL32.GetPrivateProfileStringA(004c1fd8 "Cdchange",004c1fcc "Quitgame",004c1fc0 "Quit game ?",0022eff4,000003ff,0022eef0 "Y:\\Documents\\omk\\fr\\IAM\\cdchange.txt") ret=00412424
1327803.889:00ec:00f0:Ret  KERNEL32.GetPrivateProfileStringA() retval=00000010 ret=00412424
1327803.889:00ec:00f0:Call KERNEL32.GetPrivateProfileStringA(004c1fec "Cdchange",004c1fe8 "Yes",004c1fe4 "Yes",0022eff4,000003ff,0022eef0 "Y:\\Documents\\omk\\fr\\IAM\\cdchange.txt") ret=004124d4
1327803.889:00ec:00f0:Ret  KERNEL32.GetPrivateProfileStringA() retval=00000003 ret=004124d4
1327803.889:00ec:00f0:Call KERNEL32.GetPrivateProfileStringA(004c2000 "Cdchange",004c1ffc "No",004c1ff8 "No",0022eff4,000003ff,0022eef0 "Y:\\Documents\\omk\\fr\\IAM\\cdchange.txt") ret=00412595
1327803.889:00ec:00f0:Ret  KERNEL32.GetPrivateProfileStringA() retval=00000003 ret=00412595
1327803.897:00ec:00f0:Call KERNEL32.GetPrivateProfileStringA(004c1fd8 "Cdchange",004c1fcc "Quitgame",004c1fc0 "Quit game ?",0022eff4,000003ff,0022eef0 "Y:\\Documents\\omk\\fr\\IAM\\cdchange.txt") ret=00412424
1327803.898:00ec:00f0:Ret  KERNEL32.GetPrivateProfileStringA() retval=00000010 ret=00412424
1327803.898:00ec:00f0:Call KERNEL32.GetPrivateProfileStringA(004c1fec "Cdchange",004c1fe8 "Yes",004c1fe4 "Yes",0022eff4,000003ff,0022eef0 "Y:\\Documents\\omk\\fr\\IAM\\cdchange.txt") ret=004124d4
1327803.898:00ec:00f0:Ret  KERNEL32.GetPrivateProfileStringA() retval=00000003 ret=004124d4
1327803.898:00ec:00f0:Call KERNEL32.GetPrivateProfileStringA(004c2000 "Cdchange",004c1ffc "No",004c1ff8 "No",0022eff4,000003ff,0022eef0 "Y:\\Documents\\omk\\fr\\IAM\\cdchange.txt") ret=00412595
1327803.899:00ec:00f0:Ret  KERNEL32.GetPrivateProfileStringA() retval=00000003 ret=00412595
1327803.901:00ec:00f0:Call KERNEL32.GetPrivateProfileStringA(004c1fd8 "Cdchange",004c1fcc "Quitgame",004c1fc0 "Quit game ?",0022eff4,000003ff,0022eef0 "Y:\\Documents\\omk\\fr\\IAM\\cdchange.txt") ret=00412424
1327803.901:00ec:00f0:Ret  KERNEL32.GetPrivateProfileStringA() retval=00000010 ret=00412424
1327803.901:00ec:00f0:Call KERNEL32.GetPrivateProfileStringA(004c1fec "Cdchange",004c1fe8 "Yes",004c1fe4 "Yes",0022eff4,000003ff,0022eef0 "Y:\\Documents\\omk\\fr\\IAM\\cdchange.txt") ret=004124d4
1327803.902:00ec:00f0:Ret  KERNEL32.GetPrivateProfileStringA() retval=00000003 ret=004124d4
1327803.902:00ec:00f0:Call KERNEL32.GetPrivateProfileStringA(004c2000 "Cdchange",004c1ffc "No",004c1ff8 "No",0022eff4,000003ff,0022eef0 "Y:\\Documents\\omk\\fr\\IAM\\cdchange.txt") ret=00412595
1327803.902:00ec:00f0:Ret  KERNEL32.GetPrivateProfileStringA() retval=00000003 ret=00412595
1327803.914:00ec:00f0:Call KERNEL32.GetPrivateProfileStringA(004c1fd8 "Cdchange",004c1fcc "Quitgame",004c1fc0 "Quit game ?",0022eff4,000003ff,0022eef0 "Y:\\Documents\\omk\\fr\\IAM\\cdchange.txt") ret=00412424
1327803.915:00ec:00f0:Ret  KERNEL32.GetPrivateProfileStringA() retval=00000010 ret=00412424
1327803.915:00ec:00f0:Call KERNEL32.GetPrivateProfileStringA(004c1fec "Cdchange",004c1fe8 "Yes",004c1fe4 "Yes",0022eff4,000003ff,0022eef0 "Y:\\Documents\\omk\\fr\\IAM\\cdchange.txt") ret=004124d4
1327803.915:00ec:00f0:Ret  KERNEL32.GetPrivateProfileStringA() retval=00000003 ret=004124d4
1327803.915:00ec:00f0:Call KERNEL32.GetPrivateProfileStringA(004c2000 "Cdchange",004c1ffc "No",004c1ff8 "No",0022eff4,000003ff,0022eef0 "Y:\\Documents\\omk\\fr\\IAM\\cdchange.txt") ret=00412595
1327803.915:00ec:00f0:Ret  KERNEL32.GetPrivateProfileStringA() retval=00000003 ret=00412595
1327803.922:00ec:00f0:Call KERNEL32.GetPrivateProfileStringA(004c1fd8 "Cdchange",004c1fcc "Quitgame",004c1fc0 "Quit game ?",0022eff4,000003ff,0022eef0 "Y:\\Documents\\omk\\fr\\IAM\\cdchange.txt") ret=00412424
1327803.922:00ec:00f0:Ret  KERNEL32.GetPrivateProfileStringA() retval=00000010 ret=00412424
1327803.922:00ec:00f0:Call KERNEL32.GetPrivateProfileStringA(004c1fec "Cdchange",004c1fe8 "Yes",004c1fe4 "Yes",0022eff4,000003ff,0022eef0 "Y:\\Documents\\omk\\fr\\IAM\\cdchange.txt") ret=004124d4
1327803.922:00ec:00f0:Ret  KERNEL32.GetPrivateProfileStringA() retval=00000003 ret=004124d4
1327803.922:00ec:00f0:Call KERNEL32.GetPrivateProfileStringA(004c2000 "Cdchange",004c1ffc "No",004c1ff8 "No",0022eff4,000003ff,0022eef0 "Y:\\Documents\\omk\\fr\\IAM\\cdchange.txt") ret=00412595
1327803.923:00ec:00f0:Ret  KERNEL32.GetPrivateProfileStringA() retval=00000003 ret=00412595
1327803.924:00ec:00f0:Call KERNEL32.GetPrivateProfileStringA(004c1fd8 "Cdchange",004c1fcc "Quitgame",004c1fc0 "Quit game ?",0022eff4,000003ff,0022eef0 "Y:\\Documents\\omk\\fr\\IAM\\cdchange.txt") ret=00412424
1327803.925:00ec:00f0:Ret  KERNEL32.GetPrivateProfileStringA() retval=00000010 ret=00412424
1327803.925:00ec:00f0:Call KERNEL32.GetPrivateProfileStringA(004c1fec "Cdchange",004c1fe8 "Yes",004c1fe4 "Yes",0022eff4,000003ff,0022eef0 "Y:\\Documents\\omk\\fr\\IAM\\cdchange.txt") ret=004124d4
1327803.925:00ec:00f0:Ret  KERNEL32.GetPrivateProfileStringA() retval=00000003 ret=004124d4
1327803.925:00ec:00f0:Call KERNEL32.GetPrivateProfileStringA(004c2000 "Cdchange",004c1ffc "No",004c1ff8 "No",0022eff4,000003ff,0022eef0 "Y:\\Documents\\omk\\fr\\IAM\\cdchange.txt") ret=00412595
1327803.925:00ec:00f0:Ret  KERNEL32.GetPrivateProfileStringA() retval=00000003 ret=00412595
1327803.938:00ec:00f0:Call KERNEL32.GetPrivateProfileStringA(004c1fd8 "Cdchange",004c1fcc "Quitgame",004c1fc0 "Quit game ?",0022eff4,000003ff,0022eef0 "Y:\\Documents\\omk\\fr\\IAM\\cdchange.txt") ret=00412424
1327803.939:00ec:00f0:Ret  KERNEL32.GetPrivateProfileStringA() retval=00000010 ret=00412424
1327803.939:00ec:00f0:Call KERNEL32.GetPrivateProfileStringA(004c1fec "Cdchange",004c1fe8 "Yes",004c1fe4 "Yes",0022eff4,000003ff,0022eef0 "Y:\\Documents\\omk\\fr\\IAM\\cdchange.txt") ret=004124d4
1327803.939:00ec:00f0:Ret  KERNEL32.GetPrivateProfileStringA() retval=00000003 ret=004124d4
1327803.939:00ec:00f0:Call KERNEL32.GetPrivateProfileStringA(004c2000 "Cdchange",004c1ffc "No",004c1ff8 "No",0022eff4,000003ff,0022eef0 "Y:\\Documents\\omk\\fr\\IAM\\cdchange.txt") ret=00412595
1327803.939:00ec:00f0:Ret  KERNEL32.GetPrivateProfileStringA() retval=00000003 ret=00412595
1327803.949:00ec:00f0:Call KERNEL32.GetPrivateProfileStringA(004c1fd8 "Cdchange",004c1fcc "Quitgame",004c1fc0 "Quit game ?",0022eff4,000003ff,0022eef0 "Y:\\Documents\\omk\\fr\\IAM\\cdchange.txt") ret=00412424
1327803.949:00ec:00f0:Ret  KERNEL32.GetPrivateProfileStringA() retval=00000010 ret=00412424
1327803.949:00ec:00f0:Call KERNEL32.GetPrivateProfileStringA(004c1fec "Cdchange",004c1fe8 "Yes",004c1fe4 "Yes",0022eff4,000003ff,0022eef0 "Y:\\Documents\\omk\\fr\\IAM\\cdchange.txt") ret=004124d4
1327803.950:00ec:00f0:Ret  KERNEL32.GetPrivateProfileStringA() retval=00000003 ret=004124d4
1327803.950:00ec:00f0:Call KERNEL32.GetPrivateProfileStringA(004c2000 "Cdchange",004c1ffc "No",004c1ff8 "No",0022eff4,000003ff,0022eef0 "Y:\\Documents\\omk\\fr\\IAM\\cdchange.txt") ret=00412595
1327803.950:00ec:00f0:Ret  KERNEL32.GetPrivateProfileStringA() retval=00000003 ret=00412595
1327803.963:00ec:00f0:Call KERNEL32.GetPrivateProfileStringA(004c1fd8 "Cdchange",004c1fcc "Quitgame",004c1fc0 "Quit game ?",0022eff4,000003ff,0022eef0 "Y:\\Documents\\omk\\fr\\IAM\\cdchange.txt") ret=00412424
1327803.964:00ec:00f0:Ret  KERNEL32.GetPrivateProfileStringA() retval=00000010 ret=00412424
1327803.964:00ec:00f0:Call KERNEL32.GetPrivateProfileStringA(004c1fec "Cdchange",004c1fe8 "Yes",004c1fe4 "Yes",0022eff4,000003ff,0022eef0 "Y:\\Documents\\omk\\fr\\IAM\\cdchange.txt") ret=004124d4
1327803.964:00ec:00f0:Ret  KERNEL32.GetPrivateProfileStringA() retval=00000003 ret=004124d4
1327803.964:00ec:00f0:Call KERNEL32.GetPrivateProfileStringA(004c2000 "Cdchange",004c1ffc "No",004c1ff8 "No",0022eff4,000003ff,0022eef0 "Y:\\Documents\\omk\\fr\\IAM\\cdchange.txt") ret=00412595
1327803.965:00ec:00f0:Ret  KERNEL32.GetPrivateProfileStringA() retval=00000003 ret=00412595
1327803.972:00ec:00f0:Call KERNEL32.GetPrivateProfileStringA(004c1fd8 "Cdchange",004c1fcc "Quitgame",004c1fc0 "Quit game ?",0022eff4,000003ff,0022eef0 "Y:\\Documents\\omk\\fr\\IAM\\cdchange.txt") ret=00412424
1327803.972:00ec:00f0:Ret  KERNEL32.GetPrivateProfileStringA() retval=00000010 ret=00412424
1327803.972:00ec:00f0:Call KERNEL32.GetPrivateProfileStringA(004c1fec "Cdchange",004c1fe8 "Yes",004c1fe4 "Yes",0022eff4,000003ff,0022eef0 "Y:\\Documents\\omk\\fr\\IAM\\cdchange.txt") ret=004124d4
1327803.973:00ec:00f0:Ret  KERNEL32.GetPrivateProfileStringA() retval=00000003 ret=004124d4
1327803.973:00ec:00f0:Call KERNEL32.GetPrivateProfileStringA(004c2000 "Cdchange",004c1ffc "No",004c1ff8 "No",0022eff4,000003ff,0022eef0 "Y:\\Documents\\omk\\fr\\IAM\\cdchange.txt") ret=00412595
1327803.973:00ec:00f0:Ret  KERNEL32.GetPrivateProfileStringA() retval=00000003 ret=00412595
1327803.977:00ec:00f0:Call KERNEL32.GetPrivateProfileStringA(004c1fd8 "Cdchange",004c1fcc "Quitgame",004c1fc0 "Quit game ?",0022eff4,000003ff,0022eef0 "Y:\\Documents\\omk\\fr\\IAM\\cdchange.txt") ret=00412424
1327803.977:00ec:00f0:Ret  KERNEL32.GetPrivateProfileStringA() retval=00000010 ret=00412424
1327803.977:00ec:00f0:Call KERNEL32.GetPrivateProfileStringA(004c1fec "Cdchange",004c1fe8 "Yes",004c1fe4 "Yes",0022eff4,000003ff,0022eef0 "Y:\\Documents\\omk\\fr\\IAM\\cdchange.txt") ret=004124d4
1327803.977:00ec:00f0:Ret  KERNEL32.GetPrivateProfileStringA() retval=00000003 ret=004124d4
1327803.977:00ec:00f0:Call KERNEL32.GetPrivateProfileStringA(004c2000 "Cdchange",004c1ffc "No",004c1ff8 "No",0022eff4,000003ff,0022eef0 "Y:\\Documents\\omk\\fr\\IAM\\cdchange.txt") ret=00412595
1327803.977:00ec:00f0:Ret  KERNEL32.GetPrivateProfileStringA() retval=00000003 ret=00412595
1327803.988:00ec:00f0:Call KERNEL32.GetPrivateProfileStringA(004c1fd8 "Cdchange",004c1fcc "Quitgame",004c1fc0 "Quit game ?",0022eff4,000003ff,0022eef0 "Y:\\Documents\\omk\\fr\\IAM\\cdchange.txt") ret=00412424
1327803.988:00ec:00f0:Ret  KERNEL32.GetPrivateProfileStringA() retval=00000010 ret=00412424
1327803.988:00ec:00f0:Call KERNEL32.GetPrivateProfileStringA(004c1fec "Cdchange",004c1fe8 "Yes",004c1fe4 "Yes",0022eff4,000003ff,0022eef0 "Y:\\Documents\\omk\\fr\\IAM\\cdchange.txt") ret=004124d4
1327803.989:00ec:00f0:Ret  KERNEL32.GetPrivateProfileStringA() retval=00000003 ret=004124d4
1327803.989:00ec:00f0:Call KERNEL32.GetPrivateProfileStringA(004c2000 "Cdchange",004c1ffc "No",004c1ff8 "No",0022eff4,000003ff,0022eef0 "Y:\\Documents\\omk\\fr\\IAM\\cdchange.txt") ret=00412595
1327803.989:00ec:00f0:Ret  KERNEL32.GetPrivateProfileStringA() retval=00000003 ret=00412595
1327803.997:00ec:00f0:Call KERNEL32.GetPrivateProfileStringA(004c1fd8 "Cdchange",004c1fcc "Quitgame",004c1fc0 "Quit game ?",0022eff4,000003ff,0022eef0 "Y:\\Documents\\omk\\fr\\IAM\\cdchange.txt") ret=00412424
1327803.997:00ec:00f0:Ret  KERNEL32.GetPrivateProfileStringA() retval=00000010 ret=00412424
1327803.997:00ec:00f0:Call KERNEL32.GetPrivateProfileStringA(004c1fec "Cdchange",004c1fe8 "Yes",004c1fe4 "Yes",0022eff4,000003ff,0022eef0 "Y:\\Documents\\omk\\fr\\IAM\\cdchange.txt") ret=004124d4
1327803.998:00ec:00f0:Ret  KERNEL32.GetPrivateProfileStringA() retval=00000003 ret=004124d4
1327803.998:00ec:00f0:Call KERNEL32.GetPrivateProfileStringA(004c2000 "Cdchange",004c1ffc "No",004c1ff8 "No",0022eff4,000003ff,0022eef0 "Y:\\Documents\\omk\\fr\\IAM\\cdchange.txt") ret=00412595
1327803.998:00ec:00f0:Ret  KERNEL32.GetPrivateProfileStringA() retval=00000003 ret=00412595
1327804.002:00ec:00f0:Call KERNEL32.GetPrivateProfileStringA(004c1fd8 "Cdchange",004c1fcc "Quitgame",004c1fc0 "Quit game ?",0022eff4,000003ff,0022eef0 "Y:\\Documents\\omk\\fr\\IAM\\cdchange.txt") ret=00412424
1327804.002:00ec:00f0:Ret  KERNEL32.GetPrivateProfileStringA() retval=00000010 ret=00412424
1327804.002:00ec:00f0:Call KERNEL32.GetPrivateProfileStringA(004c1fec "Cdchange",004c1fe8 "Yes",004c1fe4 "Yes",0022eff4,000003ff,0022eef0 "Y:\\Documents\\omk\\fr\\IAM\\cdchange.txt") ret=004124d4
1327804.002:00ec:00f0:Ret  KERNEL32.GetPrivateProfileStringA() retval=00000003 ret=004124d4
1327804.002:00ec:00f0:Call KERNEL32.GetPrivateProfileStringA(004c2000 "Cdchange",004c1ffc "No",004c1ff8 "No",0022eff4,000003ff,0022eef0 "Y:\\Documents\\omk\\fr\\IAM\\cdchange.txt") ret=00412595
1327804.003:00ec:00f0:Ret  KERNEL32.GetPrivateProfileStringA() retval=00000003 ret=00412595
1327804.016:00ec:00f0:Call KERNEL32.GetPrivateProfileStringA(004c1fd8 "Cdchange",004c1fcc "Quitgame",004c1fc0 "Quit game ?",0022eff4,000003ff,0022eef0 "Y:\\Documents\\omk\\fr\\IAM\\cdchange.txt") ret=00412424
1327804.016:00ec:00f0:Ret  KERNEL32.GetPrivateProfileStringA() retval=00000010 ret=00412424
1327804.016:00ec:00f0:Call KERNEL32.GetPrivateProfileStringA(004c1fec "Cdchange",004c1fe8 "Yes",004c1fe4 "Yes",0022eff4,000003ff,0022eef0 "Y:\\Documents\\omk\\fr\\IAM\\cdchange.txt") ret=004124d4
1327804.016:00ec:00f0:Ret  KERNEL32.GetPrivateProfileStringA() retval=00000003 ret=004124d4
1327804.016:00ec:00f0:Call KERNEL32.GetPrivateProfileStringA(004c2000 "Cdchange",004c1ffc "No",004c1ff8 "No",0022eff4,000003ff,0022eef0 "Y:\\Documents\\omk\\fr\\IAM\\cdchange.txt") ret=00412595
1327804.017:00ec:00f0:Ret  KERNEL32.GetPrivateProfileStringA() retval=00000003 ret=00412595
1327804.023:00ec:00f0:Call KERNEL32.GetPrivateProfileStringA(004c1fd8 "Cdchange",004c1fcc "Quitgame",004c1fc0 "Quit game ?",0022eff4,000003ff,0022eef0 "Y:\\Documents\\omk\\fr\\IAM\\cdchange.txt") ret=00412424
1327804.024:00ec:00f0:Ret  KERNEL32.GetPrivateProfileStringA() retval=00000010 ret=00412424
1327804.024:00ec:00f0:Call KERNEL32.GetPrivateProfileStringA(004c1fec "Cdchange",004c1fe8 "Yes",004c1fe4 "Yes",0022eff4,000003ff,0022eef0 "Y:\\Documents\\omk\\fr\\IAM\\cdchange.txt") ret=004124d4
1327804.024:00ec:00f0:Ret  KERNEL32.GetPrivateProfileStringA() retval=00000003 ret=004124d4
1327804.024:00ec:00f0:Call KERNEL32.GetPrivateProfileStringA(004c2000 "Cdchange",004c1ffc "No",004c1ff8 "No",0022eff4,000003ff,0022eef0 "Y:\\Documents\\omk\\fr\\IAM\\cdchange.txt") ret=00412595
1327804.024:00ec:00f0:Ret  KERNEL32.GetPrivateProfileStringA() retval=00000003 ret=00412595
1327804.029:00ec:00f0:Call KERNEL32.GetPrivateProfileStringA(004c1fd8 "Cdchange",004c1fcc "Quitgame",004c1fc0 "Quit game ?",0022eff4,000003ff,0022eef0 "Y:\\Documents\\omk\\fr\\IAM\\cdchange.txt") ret=00412424
1327804.030:00ec:00f0:Ret  KERNEL32.GetPrivateProfileStringA() retval=00000010 ret=00412424
1327804.030:00ec:00f0:Call KERNEL32.GetPrivateProfileStringA(004c1fec "Cdchange",004c1fe8 "Yes",004c1fe4 "Yes",0022eff4,000003ff,0022eef0 "Y:\\Documents\\omk\\fr\\IAM\\cdchange.txt") ret=004124d4
1327804.031:00ec:00f0:Ret  KERNEL32.GetPrivateProfileStringA() retval=00000003 ret=004124d4
1327804.031:00ec:00f0:Call KERNEL32.GetPrivateProfileStringA(004c2000 "Cdchange",004c1ffc "No",004c1ff8 "No",0022eff4,000003ff,0022eef0 "Y:\\Documents\\omk\\fr\\IAM\\cdchange.txt") ret=00412595
1327804.031:00ec:00f0:Ret  KERNEL32.GetPrivateProfileStringA() retval=00000003 ret=00412595
1327804.035:00ec:00f0:Call KERNEL32.GetPrivateProfileStringA(004c1fd8 "Cdchange",004c1fcc "Quitgame",004c1fc0 "Quit game ?",0022eff4,000003ff,0022eef0 "Y:\\Documents\\omk\\fr\\IAM\\cdchange.txt") ret=00412424
1327804.035:00ec:00f0:Ret  KERNEL32.GetPrivateProfileStringA() retval=00000010 ret=00412424
1327804.035:00ec:00f0:Call KERNEL32.GetPrivateProfileStringA(004c1fec "Cdchange",004c1fe8 "Yes",004c1fe4 "Yes",0022eff4,000003ff,0022eef0 "Y:\\Documents\\omk\\fr\\IAM\\cdchange.txt") ret=004124d4
1327804.035:00ec:00f0:Ret  KERNEL32.GetPrivateProfileStringA() retval=00000003 ret=004124d4
1327804.035:00ec:00f0:Call KERNEL32.GetPrivateProfileStringA(004c2000 "Cdchange",004c1ffc "No",004c1ff8 "No",0022eff4,000003ff,0022eef0 "Y:\\Documents\\omk\\fr\\IAM\\cdchange.txt") ret=00412595
1327804.035:00ec:00f0:Ret  KERNEL32.GetPrivateProfileStringA() retval=00000003 ret=00412595
1327804.047:00ec:00f0:Call KERNEL32.GetPrivateProfileStringA(004c1fd8 "Cdchange",004c1fcc "Quitgame",004c1fc0 "Quit game ?",0022eff4,000003ff,0022eef0 "Y:\\Documents\\omk\\fr\\IAM\\cdchange.txt") ret=00412424
1327804.048:00ec:00f0:Ret  KERNEL32.GetPrivateProfileStringA() retval=00000010 ret=00412424
1327804.048:00ec:00f0:Call KERNEL32.GetPrivateProfileStringA(004c1fec "Cdchange",004c1fe8 "Yes",004c1fe4 "Yes",0022eff4,000003ff,0022eef0 "Y:\\Documents\\omk\\fr\\IAM\\cdchange.txt") ret=004124d4
1327804.048:00ec:00f0:Ret  KERNEL32.GetPrivateProfileStringA() retval=00000003 ret=004124d4
1327804.048:00ec:00f0:Call KERNEL32.GetPrivateProfileStringA(004c2000 "Cdchange",004c1ffc "No",004c1ff8 "No",0022eff4,000003ff,0022eef0 "Y:\\Documents\\omk\\fr\\IAM\\cdchange.txt") ret=00412595
1327804.048:00ec:00f0:Ret  KERNEL32.GetPrivateProfileStringA() retval=00000003 ret=00412595
1327804.056:00ec:00f0:Call KERNEL32.GetPrivateProfileStringA(004c1fd8 "Cdchange",004c1fcc "Quitgame",004c1fc0 "Quit game ?",0022eff4,000003ff,0022eef0 "Y:\\Documents\\omk\\fr\\IAM\\cdchange.txt") ret=00412424
1327804.057:00ec:00f0:Ret  KERNEL32.GetPrivateProfileStringA() retval=00000010 ret=00412424
1327804.057:00ec:00f0:Call KERNEL32.GetPrivateProfileStringA(004c1fec "Cdchange",004c1fe8 "Yes",004c1fe4 "Yes",0022eff4,000003ff,0022eef0 "Y:\\Documents\\omk\\fr\\IAM\\cdchange.txt") ret=004124d4
1327804.057:00ec:00f0:Ret  KERNEL32.GetPrivateProfileStringA() retval=00000003 ret=004124d4
1327804.057:00ec:00f0:Call KERNEL32.GetPrivateProfileStringA(004c2000 "Cdchange",004c1ffc "No",004c1ff8 "No",0022eff4,000003ff,0022eef0 "Y:\\Documents\\omk\\fr\\IAM\\cdchange.txt") ret=00412595
1327804.057:00ec:00f0:Ret  KERNEL32.GetPrivateProfileStringA() retval=00000003 ret=00412595
1327804.072:00ec:00f0:Call KERNEL32.GetPrivateProfileStringA(004c1fd8 "Cdchange",004c1fcc "Quitgame",004c1fc0 "Quit game ?",0022eff4,000003ff,0022eef0 "Y:\\Documents\\omk\\fr\\IAM\\cdchange.txt") ret=00412424
1327804.072:00ec:00f0:Ret  KERNEL32.GetPrivateProfileStringA() retval=00000010 ret=00412424
1327804.072:00ec:00f0:Call KERNEL32.GetPrivateProfileStringA(004c1fec "Cdchange",004c1fe8 "Yes",004c1fe4 "Yes",0022eff4,000003ff,0022eef0 "Y:\\Documents\\omk\\fr\\IAM\\cdchange.txt") ret=004124d4
1327804.073:00ec:00f0:Ret  KERNEL32.GetPrivateProfileStringA() retval=00000003 ret=004124d4
1327804.073:00ec:00f0:Call KERNEL32.GetPrivateProfileStringA(004c2000 "Cdchange",004c1ffc "No",004c1ff8 "No",0022eff4,000003ff,0022eef0 "Y:\\Documents\\omk\\fr\\IAM\\cdchange.txt") ret=00412595
1327804.073:00ec:00f0:Ret  KERNEL32.GetPrivateProfileStringA() retval=00000003 ret=00412595
1327804.082:00ec:00f0:Call KERNEL32.GetPrivateProfileStringA(004c1fd8 "Cdchange",004c1fcc "Quitgame",004c1fc0 "Quit game ?",0022eff4,000003ff,0022eef0 "Y:\\Documents\\omk\\fr\\IAM\\cdchange.txt") ret=00412424
1327804.082:00ec:00f0:Ret  KERNEL32.GetPrivateProfileStringA() retval=00000010 ret=00412424
1327804.082:00ec:00f0:Call KERNEL32.GetPrivateProfileStringA(004c1fec "Cdchange",004c1fe8 "Yes",004c1fe4 "Yes",0022eff4,000003ff,0022eef0 "Y:\\Documents\\omk\\fr\\IAM\\cdchange.txt") ret=004124d4
1327804.083:00ec:00f0:Ret  KERNEL32.GetPrivateProfileStringA() retval=00000003 ret=004124d4
1327804.083:00ec:00f0:Call KERNEL32.GetPrivateProfileStringA(004c2000 "Cdchange",004c1ffc "No",004c1ff8 "No",0022eff4,000003ff,0022eef0 "Y:\\Documents\\omk\\fr\\IAM\\cdchange.txt") ret=00412595
1327804.083:00ec:00f0:Ret  KERNEL32.GetPrivateProfileStringA() retval=00000003 ret=00412595
1327804.097:00ec:00f0:Call KERNEL32.GetPrivateProfileStringA(004c1fd8 "Cdchange",004c1fcc "Quitgame",004c1fc0 "Quit game ?",0022eff4,000003ff,0022eef0 "Y:\\Documents\\omk\\fr\\IAM\\cdchange.txt") ret=00412424
1327804.097:00ec:00f0:Ret  KERNEL32.GetPrivateProfileStringA() retval=00000010 ret=00412424
1327804.097:00ec:00f0:Call KERNEL32.GetPrivateProfileStringA(004c1fec "Cdchange",004c1fe8 "Yes",004c1fe4 "Yes",0022eff4,000003ff,0022eef0 "Y:\\Documents\\omk\\fr\\IAM\\cdchange.txt") ret=004124d4
1327804.098:00ec:00f0:Ret  KERNEL32.GetPrivateProfileStringA() retval=00000003 ret=004124d4
1327804.098:00ec:00f0:Call KERNEL32.GetPrivateProfileStringA(004c2000 "Cdchange",004c1ffc "No",004c1ff8 "No",0022eff4,000003ff,0022eef0 "Y:\\Documents\\omk\\fr\\IAM\\cdchange.txt") ret=00412595
1327804.098:00ec:00f0:Ret  KERNEL32.GetPrivateProfileStringA() retval=00000003 ret=00412595
1327804.106:00ec:00f0:Call KERNEL32.GetPrivateProfileStringA(004c1fd8 "Cdchange",004c1fcc "Quitgame",004c1fc0 "Quit game ?",0022eff4,000003ff,0022eef0 "Y:\\Documents\\omk\\fr\\IAM\\cdchange.txt") ret=00412424
1327804.107:00ec:00f0:Ret  KERNEL32.GetPrivateProfileStringA() retval=00000010 ret=00412424
1327804.107:00ec:00f0:Call KERNEL32.GetPrivateProfileStringA(004c1fec "Cdchange",004c1fe8 "Yes",004c1fe4 "Yes",0022eff4,000003ff,0022eef0 "Y:\\Documents\\omk\\fr\\IAM\\cdchange.txt") ret=004124d4
1327804.107:00ec:00f0:Ret  KERNEL32.GetPrivateProfileStringA() retval=00000003 ret=004124d4
1327804.107:00ec:00f0:Call KERNEL32.GetPrivateProfileStringA(004c2000 "Cdchange",004c1ffc "No",004c1ff8 "No",0022eff4,000003ff,0022eef0 "Y:\\Documents\\omk\\fr\\IAM\\cdchange.txt") ret=00412595
1327804.107:00ec:00f0:Ret  KERNEL32.GetPrivateProfileStringA() retval=00000003 ret=00412595
1327804.111:00ec:00f0:Call KERNEL32.GetPrivateProfileStringA(004c1fd8 "Cdchange",004c1fcc "Quitgame",004c1fc0 "Quit game ?",0022eff4,000003ff,0022eef0 "Y:\\Documents\\omk\\fr\\IAM\\cdchange.txt") ret=00412424
1327804.111:00ec:00f0:Ret  KERNEL32.GetPrivateProfileStringA() retval=00000010 ret=00412424
1327804.111:00ec:00f0:Call KERNEL32.GetPrivateProfileStringA(004c1fec "Cdchange",004c1fe8 "Yes",004c1fe4 "Yes",0022eff4,000003ff,0022eef0 "Y:\\Documents\\omk\\fr\\IAM\\cdchange.txt") ret=004124d4
1327804.111:00ec:00f0:Ret  KERNEL32.GetPrivateProfileStringA() retval=00000003 ret=004124d4
1327804.111:00ec:00f0:Call KERNEL32.GetPrivateProfileStringA(004c2000 "Cdchange",004c1ffc "No",004c1ff8 "No",0022eff4,000003ff,0022eef0 "Y:\\Documents\\omk\\fr\\IAM\\cdchange.txt") ret=00412595
1327804.111:00ec:00f0:Ret  KERNEL32.GetPrivateProfileStringA() retval=00000003 ret=00412595
1327804.122:00ec:00f0:Call KERNEL32.GetPrivateProfileStringA(004c1fd8 "Cdchange",004c1fcc "Quitgame",004c1fc0 "Quit game ?",0022eff4,000003ff,0022eef0 "Y:\\Documents\\omk\\fr\\IAM\\cdchange.txt") ret=00412424
1327804.123:00ec:00f0:Ret  KERNEL32.GetPrivateProfileStringA() retval=00000010 ret=00412424
1327804.123:00ec:00f0:Call KERNEL32.GetPrivateProfileStringA(004c1fec "Cdchange",004c1fe8 "Yes",004c1fe4 "Yes",0022eff4,000003ff,0022eef0 "Y:\\Documents\\omk\\fr\\IAM\\cdchange.txt") ret=004124d4
1327804.123:00ec:00f0:Ret  KERNEL32.GetPrivateProfileStringA() retval=00000003 ret=004124d4
1327804.123:00ec:00f0:Call KERNEL32.GetPrivateProfileStringA(004c2000 "Cdchange",004c1ffc "No",004c1ff8 "No",0022eff4,000003ff,0022eef0 "Y:\\Documents\\omk\\fr\\IAM\\cdchange.txt") ret=00412595
1327804.123:00ec:00f0:Ret  KERNEL32.GetPrivateProfileStringA() retval=00000003 ret=00412595
1327804.131:00ec:00f0:Call KERNEL32.GetPrivateProfileStringA(004c1fd8 "Cdchange",004c1fcc "Quitgame",004c1fc0 "Quit game ?",0022eff4,000003ff,0022eef0 "Y:\\Documents\\omk\\fr\\IAM\\cdchange.txt") ret=00412424
1327804.131:00ec:00f0:Ret  KERNEL32.GetPrivateProfileStringA() retval=00000010 ret=00412424
1327804.131:00ec:00f0:Call KERNEL32.GetPrivateProfileStringA(004c1fec "Cdchange",004c1fe8 "Yes",004c1fe4 "Yes",0022eff4,000003ff,0022eef0 "Y:\\Documents\\omk\\fr\\IAM\\cdchange.txt") ret=004124d4
1327804.132:00ec:00f0:Ret  KERNEL32.GetPrivateProfileStringA() retval=00000003 ret=004124d4
1327804.132:00ec:00f0:Call KERNEL32.GetPrivateProfileStringA(004c2000 "Cdchange",004c1ffc "No",004c1ff8 "No",0022eff4,000003ff,0022eef0 "Y:\\Documents\\omk\\fr\\IAM\\cdchange.txt") ret=00412595
1327804.132:00ec:00f0:Ret  KERNEL32.GetPrivateProfileStringA() retval=00000003 ret=00412595
1327804.136:00ec:00f0:Call KERNEL32.GetPrivateProfileStringA(004c1fd8 "Cdchange",004c1fcc "Quitgame",004c1fc0 "Quit game ?",0022eff4,000003ff,0022eef0 "Y:\\Documents\\omk\\fr\\IAM\\cdchange.txt") ret=00412424
1327804.136:00ec:00f0:Ret  KERNEL32.GetPrivateProfileStringA() retval=00000010 ret=00412424
1327804.136:00ec:00f0:Call KERNEL32.GetPrivateProfileStringA(004c1fec "Cdchange",004c1fe8 "Yes",004c1fe4 "Yes",0022eff4,000003ff,0022eef0 "Y:\\Documents\\omk\\fr\\IAM\\cdchange.txt") ret=004124d4
1327804.136:00ec:00f0:Ret  KERNEL32.GetPrivateProfileStringA() retval=00000003 ret=004124d4
1327804.136:00ec:00f0:Call KERNEL32.GetPrivateProfileStringA(004c2000 "Cdchange",004c1ffc "No",004c1ff8 "No",0022eff4,000003ff,0022eef0 "Y:\\Documents\\omk\\fr\\IAM\\cdchange.txt") ret=00412595
1327804.136:00ec:00f0:Ret  KERNEL32.GetPrivateProfileStringA() retval=00000003 ret=00412595
1327804.149:00ec:00f0:Call KERNEL32.GetPrivateProfileStringA(004c1fd8 "Cdchange",004c1fcc "Quitgame",004c1fc0 "Quit game ?",0022eff4,000003ff,0022eef0 "Y:\\Documents\\omk\\fr\\IAM\\cdchange.txt") ret=00412424
1327804.149:00ec:00f0:Ret  KERNEL32.GetPrivateProfileStringA() retval=00000010 ret=00412424
1327804.149:00ec:00f0:Call KERNEL32.GetPrivateProfileStringA(004c1fec "Cdchange",004c1fe8 "Yes",004c1fe4 "Yes",0022eff4,000003ff,0022eef0 "Y:\\Documents\\omk\\fr\\IAM\\cdchange.txt") ret=004124d4
1327804.149:00ec:00f0:Ret  KERNEL32.GetPrivateProfileStringA() retval=00000003 ret=004124d4
1327804.149:00ec:00f0:Call KERNEL32.GetPrivateProfileStringA(004c2000 "Cdchange",004c1ffc "No",004c1ff8 "No",0022eff4,000003ff,0022eef0 "Y:\\Documents\\omk\\fr\\IAM\\cdchange.txt") ret=00412595
1327804.150:00ec:00f0:Ret  KERNEL32.GetPrivateProfileStringA() retval=00000003 ret=00412595
1327804.157:00ec:00f0:Call KERNEL32.GetPrivateProfileStringA(004c1fd8 "Cdchange",004c1fcc "Quitgame",004c1fc0 "Quit game ?",0022eff4,000003ff,0022eef0 "Y:\\Documents\\omk\\fr\\IAM\\cdchange.txt") ret=00412424
1327804.157:00ec:00f0:Ret  KERNEL32.GetPrivateProfileStringA() retval=00000010 ret=00412424
1327804.157:00ec:00f0:Call KERNEL32.GetPrivateProfileStringA(004c1fec "Cdchange",004c1fe8 "Yes",004c1fe4 "Yes",0022eff4,000003ff,0022eef0 "Y:\\Documents\\omk\\fr\\IAM\\cdchange.txt") ret=004124d4
1327804.157:00ec:00f0:Ret  KERNEL32.GetPrivateProfileStringA() retval=00000003 ret=004124d4
1327804.157:00ec:00f0:Call KERNEL32.GetPrivateProfileStringA(004c2000 "Cdchange",004c1ffc "No",004c1ff8 "No",0022eff4,000003ff,0022eef0 "Y:\\Documents\\omk\\fr\\IAM\\cdchange.txt") ret=00412595
1327804.158:00ec:00f0:Ret  KERNEL32.GetPrivateProfileStringA() retval=00000003 ret=00412595
1327804.172:00ec:00f0:Call KERNEL32.GetPrivateProfileStringA(004c1fd8 "Cdchange",004c1fcc "Quitgame",004c1fc0 "Quit game ?",0022eff4,000003ff,0022eef0 "Y:\\Documents\\omk\\fr\\IAM\\cdchange.txt") ret=00412424
1327804.173:00ec:00f0:Ret  KERNEL32.GetPrivateProfileStringA() retval=00000010 ret=00412424
1327804.173:00ec:00f0:Call KERNEL32.GetPrivateProfileStringA(004c1fec "Cdchange",004c1fe8 "Yes",004c1fe4 "Yes",0022eff4,000003ff,0022eef0 "Y:\\Documents\\omk\\fr\\IAM\\cdchange.txt") ret=004124d4
1327804.173:00ec:00f0:Ret  KERNEL32.GetPrivateProfileStringA() retval=00000003 ret=004124d4
1327804.173:00ec:00f0:Call KERNEL32.GetPrivateProfileStringA(004c2000 "Cdchange",004c1ffc "No",004c1ff8 "No",0022eff4,000003ff,0022eef0 "Y:\\Documents\\omk\\fr\\IAM\\cdchange.txt") ret=00412595
1327804.174:00ec:00f0:Ret  KERNEL32.GetPrivateProfileStringA() retval=00000003 ret=00412595
1327804.181:00ec:00f0:Call KERNEL32.GetPrivateProfileStringA(004c1fd8 "Cdchange",004c1fcc "Quitgame",004c1fc0 "Quit game ?",0022eff4,000003ff,0022eef0 "Y:\\Documents\\omk\\fr\\IAM\\cdchange.txt") ret=00412424
1327804.182:00ec:00f0:Ret  KERNEL32.GetPrivateProfileStringA() retval=00000010 ret=00412424
1327804.182:00ec:00f0:Call KERNEL32.GetPrivateProfileStringA(004c1fec "Cdchange",004c1fe8 "Yes",004c1fe4 "Yes",0022eff4,000003ff,0022eef0 "Y:\\Documents\\omk\\fr\\IAM\\cdchange.txt") ret=004124d4
1327804.182:00ec:00f0:Ret  KERNEL32.GetPrivateProfileStringA() retval=00000003 ret=004124d4
1327804.182:00ec:00f0:Call KERNEL32.GetPrivateProfileStringA(004c2000 "Cdchange",004c1ffc "No",004c1ff8 "No",0022eff4,000003ff,0022eef0 "Y:\\Documents\\omk\\fr\\IAM\\cdchange.txt") ret=00412595
1327804.182:00ec:00f0:Ret  KERNEL32.GetPrivateProfileStringA() retval=00000003 ret=00412595
1327804.184:00ec:00f0:Call KERNEL32.GetPrivateProfileStringA(004c1fd8 "Cdchange",004c1fcc "Quitgame",004c1fc0 "Quit game ?",0022eff4,000003ff,0022eef0 "Y:\\Documents\\omk\\fr\\IAM\\cdchange.txt") ret=00412424
1327804.184:00ec:00f0:Ret  KERNEL32.GetPrivateProfileStringA() retval=00000010 ret=00412424
1327804.184:00ec:00f0:Call KERNEL32.GetPrivateProfileStringA(004c1fec "Cdchange",004c1fe8 "Yes",004c1fe4 "Yes",0022eff4,000003ff,0022eef0 "Y:\\Documents\\omk\\fr\\IAM\\cdchange.txt") ret=004124d4
1327804.185:00ec:00f0:Ret  KERNEL32.GetPrivateProfileStringA() retval=00000003 ret=004124d4
1327804.185:00ec:00f0:Call KERNEL32.GetPrivateProfileStringA(004c2000 "Cdchange",004c1ffc "No",004c1ff8 "No",0022eff4,000003ff,0022eef0 "Y:\\Documents\\omk\\fr\\IAM\\cdchange.txt") ret=00412595
1327804.185:00ec:00f0:Ret  KERNEL32.GetPrivateProfileStringA() retval=00000003 ret=00412595
1327804.197:00ec:00f0:Call KERNEL32.GetPrivateProfileStringA(004c1fd8 "Cdchange",004c1fcc "Quitgame",004c1fc0 "Quit game ?",0022eff4,000003ff,0022eef0 "Y:\\Documents\\omk\\fr\\IAM\\cdchange.txt") ret=00412424
1327804.197:00ec:00f0:Ret  KERNEL32.GetPrivateProfileStringA() retval=00000010 ret=00412424
1327804.197:00ec:00f0:Call KERNEL32.GetPrivateProfileStringA(004c1fec "Cdchange",004c1fe8 "Yes",004c1fe4 "Yes",0022eff4,000003ff,0022eef0 "Y:\\Documents\\omk\\fr\\IAM\\cdchange.txt") ret=004124d4
1327804.198:00ec:00f0:Ret  KERNEL32.GetPrivateProfileStringA() retval=00000003 ret=004124d4
1327804.198:00ec:00f0:Call KERNEL32.GetPrivateProfileStringA(004c2000 "Cdchange",004c1ffc "No",004c1ff8 "No",0022eff4,000003ff,0022eef0 "Y:\\Documents\\omk\\fr\\IAM\\cdchange.txt") ret=00412595
1327804.198:00ec:00f0:Ret  KERNEL32.GetPrivateProfileStringA() retval=00000003 ret=00412595
1327804.206:00ec:00f0:Call KERNEL32.GetPrivateProfileStringA(004c1fd8 "Cdchange",004c1fcc "Quitgame",004c1fc0 "Quit game ?",0022eff4,000003ff,0022eef0 "Y:\\Documents\\omk\\fr\\IAM\\cdchange.txt") ret=00412424
1327804.206:00ec:00f0:Ret  KERNEL32.GetPrivateProfileStringA() retval=00000010 ret=00412424
1327804.206:00ec:00f0:Call KERNEL32.GetPrivateProfileStringA(004c1fec "Cdchange",004c1fe8 "Yes",004c1fe4 "Yes",0022eff4,000003ff,0022eef0 "Y:\\Documents\\omk\\fr\\IAM\\cdchange.txt") ret=004124d4
1327804.206:00ec:00f0:Ret  KERNEL32.GetPrivateProfileStringA() retval=00000003 ret=004124d4
1327804.206:00ec:00f0:Call KERNEL32.GetPrivateProfileStringA(004c2000 "Cdchange",004c1ffc "No",004c1ff8 "No",0022eff4,000003ff,0022eef0 "Y:\\Documents\\omk\\fr\\IAM\\cdchange.txt") ret=00412595
1327804.207:00ec:00f0:Ret  KERNEL32.GetPrivateProfileStringA() retval=00000003 ret=00412595
1327804.209:00ec:00f0:Call KERNEL32.GetPrivateProfileStringA(004c1fd8 "Cdchange",004c1fcc "Quitgame",004c1fc0 "Quit game ?",0022eff4,000003ff,0022eef0 "Y:\\Documents\\omk\\fr\\IAM\\cdchange.txt") ret=00412424
1327804.209:00ec:00f0:Ret  KERNEL32.GetPrivateProfileStringA() retval=00000010 ret=00412424
1327804.209:00ec:00f0:Call KERNEL32.GetPrivateProfileStringA(004c1fec "Cdchange",004c1fe8 "Yes",004c1fe4 "Yes",0022eff4,000003ff,0022eef0 "Y:\\Documents\\omk\\fr\\IAM\\cdchange.txt") ret=004124d4
1327804.210:00ec:00f0:Ret  KERNEL32.GetPrivateProfileStringA() retval=00000003 ret=004124d4
1327804.210:00ec:00f0:Call KERNEL32.GetPrivateProfileStringA(004c2000 "Cdchange",004c1ffc "No",004c1ff8 "No",0022eff4,000003ff,0022eef0 "Y:\\Documents\\omk\\fr\\IAM\\cdchange.txt") ret=00412595
1327804.210:00ec:00f0:Ret  KERNEL32.GetPrivateProfileStringA() retval=00000003 ret=00412595
1327804.222:00ec:00f0:Call KERNEL32.GetPrivateProfileStringA(004c1fd8 "Cdchange",004c1fcc "Quitgame",004c1fc0 "Quit game ?",0022eff4,000003ff,0022eef0 "Y:\\Documents\\omk\\fr\\IAM\\cdchange.txt") ret=00412424
1327804.223:00ec:00f0:Ret  KERNEL32.GetPrivateProfileStringA() retval=00000010 ret=00412424
1327804.223:00ec:00f0:Call KERNEL32.GetPrivateProfileStringA(004c1fec "Cdchange",004c1fe8 "Yes",004c1fe4 "Yes",0022eff4,000003ff,0022eef0 "Y:\\Documents\\omk\\fr\\IAM\\cdchange.txt") ret=004124d4
1327804.223:00ec:00f0:Ret  KERNEL32.GetPrivateProfileStringA() retval=00000003 ret=004124d4
1327804.223:00ec:00f0:Call KERNEL32.GetPrivateProfileStringA(004c2000 "Cdchange",004c1ffc "No",004c1ff8 "No",0022eff4,000003ff,0022eef0 "Y:\\Documents\\omk\\fr\\IAM\\cdchange.txt") ret=00412595
1327804.223:00ec:00f0:Ret  KERNEL32.GetPrivateProfileStringA() retval=00000003 ret=00412595
1327804.230:00ec:00f0:Call KERNEL32.GetPrivateProfileStringA(004c1fd8 "Cdchange",004c1fcc "Quitgame",004c1fc0 "Quit game ?",0022eff4,000003ff,0022eef0 "Y:\\Documents\\omk\\fr\\IAM\\cdchange.txt") ret=00412424
1327804.231:00ec:00f0:Ret  KERNEL32.GetPrivateProfileStringA() retval=00000010 ret=00412424
1327804.231:00ec:00f0:Call KERNEL32.GetPrivateProfileStringA(004c1fec "Cdchange",004c1fe8 "Yes",004c1fe4 "Yes",0022eff4,000003ff,0022eef0 "Y:\\Documents\\omk\\fr\\IAM\\cdchange.txt") ret=004124d4
1327804.232:00ec:00f0:Ret  KERNEL32.GetPrivateProfileStringA() retval=00000003 ret=004124d4
1327804.232:00ec:00f0:Call KERNEL32.GetPrivateProfileStringA(004c2000 "Cdchange",004c1ffc "No",004c1ff8 "No",0022eff4,000003ff,0022eef0 "Y:\\Documents\\omk\\fr\\IAM\\cdchange.txt") ret=00412595
1327804.232:00ec:00f0:Ret  KERNEL32.GetPrivateProfileStringA() retval=00000003 ret=00412595
1327804.234:00ec:00f0:Call KERNEL32.GetPrivateProfileStringA(004c1fd8 "Cdchange",004c1fcc "Quitgame",004c1fc0 "Quit game ?",0022eff4,000003ff,0022eef0 "Y:\\Documents\\omk\\fr\\IAM\\cdchange.txt") ret=00412424
1327804.234:00ec:00f0:Ret  KERNEL32.GetPrivateProfileStringA() retval=00000010 ret=00412424
1327804.234:00ec:00f0:Call KERNEL32.GetPrivateProfileStringA(004c1fec "Cdchange",004c1fe8 "Yes",004c1fe4 "Yes",0022eff4,000003ff,0022eef0 "Y:\\Documents\\omk\\fr\\IAM\\cdchange.txt") ret=004124d4
1327804.235:00ec:00f0:Ret  KERNEL32.GetPrivateProfileStringA() retval=00000003 ret=004124d4
1327804.235:00ec:00f0:Call KERNEL32.GetPrivateProfileStringA(004c2000 "Cdchange",004c1ffc "No",004c1ff8 "No",0022eff4,000003ff,0022eef0 "Y:\\Documents\\omk\\fr\\IAM\\cdchange.txt") ret=00412595
1327804.235:00ec:00f0:Ret  KERNEL32.GetPrivateProfileStringA() retval=00000003 ret=00412595
1327804.248:00ec:00f0:Call KERNEL32.GetPrivateProfileStringA(004c1fd8 "Cdchange",004c1fcc "Quitgame",004c1fc0 "Quit game ?",0022eff4,000003ff,0022eef0 "Y:\\Documents\\omk\\fr\\IAM\\cdchange.txt") ret=00412424
1327804.248:00ec:00f0:Ret  KERNEL32.GetPrivateProfileStringA() retval=00000010 ret=00412424
1327804.248:00ec:00f0:Call KERNEL32.GetPrivateProfileStringA(004c1fec "Cdchange",004c1fe8 "Yes",004c1fe4 "Yes",0022eff4,000003ff,0022eef0 "Y:\\Documents\\omk\\fr\\IAM\\cdchange.txt") ret=004124d4
1327804.248:00ec:00f0:Ret  KERNEL32.GetPrivateProfileStringA() retval=00000003 ret=004124d4
1327804.248:00ec:00f0:Call KERNEL32.GetPrivateProfileStringA(004c2000 "Cdchange",004c1ffc "No",004c1ff8 "No",0022eff4,000003ff,0022eef0 "Y:\\Documents\\omk\\fr\\IAM\\cdchange.txt") ret=00412595
1327804.248:00ec:00f0:Ret  KERNEL32.GetPrivateProfileStringA() retval=00000003 ret=00412595
1327804.256:00ec:00f0:Call KERNEL32.GetPrivateProfileStringA(004c1fd8 "Cdchange",004c1fcc "Quitgame",004c1fc0 "Quit game ?",0022eff4,000003ff,0022eef0 "Y:\\Documents\\omk\\fr\\IAM\\cdchange.txt") ret=00412424
1327804.257:00ec:00f0:Ret  KERNEL32.GetPrivateProfileStringA() retval=00000010 ret=00412424
1327804.257:00ec:00f0:Call KERNEL32.GetPrivateProfileStringA(004c1fec "Cdchange",004c1fe8 "Yes",004c1fe4 "Yes",0022eff4,000003ff,0022eef0 "Y:\\Documents\\omk\\fr\\IAM\\cdchange.txt") ret=004124d4
1327804.257:00ec:00f0:Ret  KERNEL32.GetPrivateProfileStringA() retval=00000003 ret=004124d4
1327804.257:00ec:00f0:Call KERNEL32.GetPrivateProfileStringA(004c2000 "Cdchange",004c1ffc "No",004c1ff8 "No",0022eff4,000003ff,0022eef0 "Y:\\Documents\\omk\\fr\\IAM\\cdchange.txt") ret=00412595
1327804.258:00ec:00f0:Ret  KERNEL32.GetPrivateProfileStringA() retval=00000003 ret=00412595
1327804.276:00ec:00f0:Call KERNEL32.GetPrivateProfileStringA(004c1fd8 "Cdchange",004c1fcc "Quitgame",004c1fc0 "Quit game ?",0022eff4,000003ff,0022eef0 "Y:\\Documents\\omk\\fr\\IAM\\cdchange.txt") ret=00412424
1327804.277:00ec:00f0:Ret  KERNEL32.GetPrivateProfileStringA() retval=00000010 ret=00412424
1327804.277:00ec:00f0:Call KERNEL32.GetPrivateProfileStringA(004c1fec "Cdchange",004c1fe8 "Yes",004c1fe4 "Yes",0022eff4,000003ff,0022eef0 "Y:\\Documents\\omk\\fr\\IAM\\cdchange.txt") ret=004124d4
1327804.277:00ec:00f0:Ret  KERNEL32.GetPrivateProfileStringA() retval=00000003 ret=004124d4
1327804.277:00ec:00f0:Call KERNEL32.GetPrivateProfileStringA(004c2000 "Cdchange",004c1ffc "No",004c1ff8 "No",0022eff4,000003ff,0022eef0 "Y:\\Documents\\omk\\fr\\IAM\\cdchange.txt") ret=00412595
1327804.277:00ec:00f0:Ret  KERNEL32.GetPrivateProfileStringA() retval=00000003 ret=00412595
1327804.294:00ec:00f0:Call KERNEL32.GetPrivateProfileStringA(004c1fd8 "Cdchange",004c1fcc "Quitgame",004c1fc0 "Quit game ?",0022eff4,000003ff,0022eef0 "Y:\\Documents\\omk\\fr\\IAM\\cdchange.txt") ret=00412424
1327804.294:00ec:00f0:Ret  KERNEL32.GetPrivateProfileStringA() retval=00000010 ret=00412424
1327804.294:00ec:00f0:Call KERNEL32.GetPrivateProfileStringA(004c1fec "Cdchange",004c1fe8 "Yes",004c1fe4 "Yes",0022eff4,000003ff,0022eef0 "Y:\\Documents\\omk\\fr\\IAM\\cdchange.txt") ret=004124d4
1327804.295:00ec:00f0:Ret  KERNEL32.GetPrivateProfileStringA() retval=00000003 ret=004124d4
1327804.295:00ec:00f0:Call KERNEL32.GetPrivateProfileStringA(004c2000 "Cdchange",004c1ffc "No",004c1ff8 "No",0022eff4,000003ff,0022eef0 "Y:\\Documents\\omk\\fr\\IAM\\cdchange.txt") ret=00412595
1327804.295:00ec:00f0:Ret  KERNEL32.GetPrivateProfileStringA() retval=00000003 ret=00412595
1327804.304:00ec:00f0:Call KERNEL32.GetPrivateProfileStringA(004c1fd8 "Cdchange",004c1fcc "Quitgame",004c1fc0 "Quit game ?",0022eff4,000003ff,0022eef0 "Y:\\Documents\\omk\\fr\\IAM\\cdchange.txt") ret=00412424
1327804.304:00ec:00f0:Ret  KERNEL32.GetPrivateProfileStringA() retval=00000010 ret=00412424
1327804.304:00ec:00f0:Call KERNEL32.GetPrivateProfileStringA(004c1fec "Cdchange",004c1fe8 "Yes",004c1fe4 "Yes",0022eff4,000003ff,0022eef0 "Y:\\Documents\\omk\\fr\\IAM\\cdchange.txt") ret=004124d4
1327804.306:00ec:00f0:Ret  KERNEL32.GetPrivateProfileStringA() retval=00000003 ret=004124d4
1327804.306:00ec:00f0:Call KERNEL32.GetPrivateProfileStringA(004c2000 "Cdchange",004c1ffc "No",004c1ff8 "No",0022eff4,000003ff,0022eef0 "Y:\\Documents\\omk\\fr\\IAM\\cdchange.txt") ret=00412595
1327804.306:00ec:00f0:Ret  KERNEL32.GetPrivateProfileStringA() retval=00000003 ret=00412595
1327804.315:00ec:00f0:Call KERNEL32.GetPrivateProfileStringA(004c1fd8 "Cdchange",004c1fcc "Quitgame",004c1fc0 "Quit game ?",0022eff4,000003ff,0022eef0 "Y:\\Documents\\omk\\fr\\IAM\\cdchange.txt") ret=00412424
1327804.316:00ec:00f0:Ret  KERNEL32.GetPrivateProfileStringA() retval=00000010 ret=00412424
1327804.316:00ec:00f0:Call KERNEL32.GetPrivateProfileStringA(004c1fec "Cdchange",004c1fe8 "Yes",004c1fe4 "Yes",0022eff4,000003ff,0022eef0 "Y:\\Documents\\omk\\fr\\IAM\\cdchange.txt") ret=004124d4
1327804.316:00ec:00f0:Ret  KERNEL32.GetPrivateProfileStringA() retval=00000003 ret=004124d4
1327804.316:00ec:00f0:Call KERNEL32.GetPrivateProfileStringA(004c2000 "Cdchange",004c1ffc "No",004c1ff8 "No",0022eff4,000003ff,0022eef0 "Y:\\Documents\\omk\\fr\\IAM\\cdchange.txt") ret=00412595
1327804.316:00ec:00f0:Ret  KERNEL32.GetPrivateProfileStringA() retval=00000003 ret=00412595
1327804.319:00ec:00f0:Call KERNEL32.GetPrivateProfileStringA(004c1fd8 "Cdchange",004c1fcc "Quitgame",004c1fc0 "Quit game ?",0022eff4,000003ff,0022eef0 "Y:\\Documents\\omk\\fr\\IAM\\cdchange.txt") ret=00412424
1327804.319:00ec:00f0:Ret  KERNEL32.GetPrivateProfileStringA() retval=00000010 ret=00412424
1327804.319:00ec:00f0:Call KERNEL32.GetPrivateProfileStringA(004c1fec "Cdchange",004c1fe8 "Yes",004c1fe4 "Yes",0022eff4,000003ff,0022eef0 "Y:\\Documents\\omk\\fr\\IAM\\cdchange.txt") ret=004124d4
1327804.320:00ec:00f0:Ret  KERNEL32.GetPrivateProfileStringA() retval=00000003 ret=004124d4
1327804.320:00ec:00f0:Call KERNEL32.GetPrivateProfileStringA(004c2000 "Cdchange",004c1ffc "No",004c1ff8 "No",0022eff4,000003ff,0022eef0 "Y:\\Documents\\omk\\fr\\IAM\\cdchange.txt") ret=00412595
1327804.320:00ec:00f0:Ret  KERNEL32.GetPrivateProfileStringA() retval=00000003 ret=00412595
1327804.325:00ec:00f0:Call KERNEL32.GetPrivateProfileStringA(004c1fd8 "Cdchange",004c1fcc "Quitgame",004c1fc0 "Quit game ?",0022eff4,000003ff,0022eef0 "Y:\\Documents\\omk\\fr\\IAM\\cdchange.txt") ret=00412424
1327804.325:00ec:00f0:Ret  KERNEL32.GetPrivateProfileStringA() retval=00000010 ret=00412424
1327804.325:00ec:00f0:Call KERNEL32.GetPrivateProfileStringA(004c1fec "Cdchange",004c1fe8 "Yes",004c1fe4 "Yes",0022eff4,000003ff,0022eef0 "Y:\\Documents\\omk\\fr\\IAM\\cdchange.txt") ret=004124d4
1327804.325:00ec:00f0:Ret  KERNEL32.GetPrivateProfileStringA() retval=00000003 ret=004124d4
1327804.325:00ec:00f0:Call KERNEL32.GetPrivateProfileStringA(004c2000 "Cdchange",004c1ffc "No",004c1ff8 "No",0022eff4,000003ff,0022eef0 "Y:\\Documents\\omk\\fr\\IAM\\cdchange.txt") ret=00412595
1327804.325:00ec:00f0:Ret  KERNEL32.GetPrivateProfileStringA() retval=00000003 ret=00412595
1327804.339:00ec:00f0:Call KERNEL32.GetPrivateProfileStringA(004c1fd8 "Cdchange",004c1fcc "Quitgame",004c1fc0 "Quit game ?",0022eff4,000003ff,0022eef0 "Y:\\Documents\\omk\\fr\\IAM\\cdchange.txt") ret=00412424
1327804.339:00ec:00f0:Ret  KERNEL32.GetPrivateProfileStringA() retval=00000010 ret=00412424
1327804.339:00ec:00f0:Call KERNEL32.GetPrivateProfileStringA(004c1fec "Cdchange",004c1fe8 "Yes",004c1fe4 "Yes",0022eff4,000003ff,0022eef0 "Y:\\Documents\\omk\\fr\\IAM\\cdchange.txt") ret=004124d4
1327804.339:00ec:00f0:Ret  KERNEL32.GetPrivateProfileStringA() retval=00000003 ret=004124d4
1327804.339:00ec:00f0:Call KERNEL32.GetPrivateProfileStringA(004c2000 "Cdchange",004c1ffc "No",004c1ff8 "No",0022eff4,000003ff,0022eef0 "Y:\\Documents\\omk\\fr\\IAM\\cdchange.txt") ret=00412595
1327804.340:00ec:00f0:Ret  KERNEL32.GetPrivateProfileStringA() retval=00000003 ret=00412595
1327804.349:00ec:00f0:Call KERNEL32.GetPrivateProfileStringA(004c1fd8 "Cdchange",004c1fcc "Quitgame",004c1fc0 "Quit game ?",0022eff4,000003ff,0022eef0 "Y:\\Documents\\omk\\fr\\IAM\\cdchange.txt") ret=00412424
1327804.349:00ec:00f0:Ret  KERNEL32.GetPrivateProfileStringA() retval=00000010 ret=00412424
1327804.349:00ec:00f0:Call KERNEL32.GetPrivateProfileStringA(004c1fec "Cdchange",004c1fe8 "Yes",004c1fe4 "Yes",0022eff4,000003ff,0022eef0 "Y:\\Documents\\omk\\fr\\IAM\\cdchange.txt") ret=004124d4
1327804.349:00ec:00f0:Ret  KERNEL32.GetPrivateProfileStringA() retval=00000003 ret=004124d4
1327804.349:00ec:00f0:Call KERNEL32.GetPrivateProfileStringA(004c2000 "Cdchange",004c1ffc "No",004c1ff8 "No",0022eff4,000003ff,0022eef0 "Y:\\Documents\\omk\\fr\\IAM\\cdchange.txt") ret=00412595
1327804.349:00ec:00f0:Ret  KERNEL32.GetPrivateProfileStringA() retval=00000003 ret=00412595
1327804.364:00ec:00f0:Call KERNEL32.GetPrivateProfileStringA(004c1fd8 "Cdchange",004c1fcc "Quitgame",004c1fc0 "Quit game ?",0022eff4,000003ff,0022eef0 "Y:\\Documents\\omk\\fr\\IAM\\cdchange.txt") ret=00412424
1327804.364:00ec:00f0:Ret  KERNEL32.GetPrivateProfileStringA() retval=00000010 ret=00412424
1327804.364:00ec:00f0:Call KERNEL32.GetPrivateProfileStringA(004c1fec "Cdchange",004c1fe8 "Yes",004c1fe4 "Yes",0022eff4,000003ff,0022eef0 "Y:\\Documents\\omk\\fr\\IAM\\cdchange.txt") ret=004124d4
1327804.365:00ec:00f0:Ret  KERNEL32.GetPrivateProfileStringA() retval=00000003 ret=004124d4
1327804.365:00ec:00f0:Call KERNEL32.GetPrivateProfileStringA(004c2000 "Cdchange",004c1ffc "No",004c1ff8 "No",0022eff4,000003ff,0022eef0 "Y:\\Documents\\omk\\fr\\IAM\\cdchange.txt") ret=00412595
1327804.365:00ec:00f0:Ret  KERNEL32.GetPrivateProfileStringA() retval=00000003 ret=00412595
1327804.372:00ec:00f0:Call KERNEL32.GetPrivateProfileStringA(004c1fd8 "Cdchange",004c1fcc "Quitgame",004c1fc0 "Quit game ?",0022eff4,000003ff,0022eef0 "Y:\\Documents\\omk\\fr\\IAM\\cdchange.txt") ret=00412424
1327804.373:00ec:00f0:Ret  KERNEL32.GetPrivateProfileStringA() retval=00000010 ret=00412424
1327804.373:00ec:00f0:Call KERNEL32.GetPrivateProfileStringA(004c1fec "Cdchange",004c1fe8 "Yes",004c1fe4 "Yes",0022eff4,000003ff,0022eef0 "Y:\\Documents\\omk\\fr\\IAM\\cdchange.txt") ret=004124d4
1327804.373:00ec:00f0:Ret  KERNEL32.GetPrivateProfileStringA() retval=00000003 ret=004124d4
1327804.373:00ec:00f0:Call KERNEL32.GetPrivateProfileStringA(004c2000 "Cdchange",004c1ffc "No",004c1ff8 "No",0022eff4,000003ff,0022eef0 "Y:\\Documents\\omk\\fr\\IAM\\cdchange.txt") ret=00412595
1327804.374:00ec:00f0:Ret  KERNEL32.GetPrivateProfileStringA() retval=00000003 ret=00412595
1327804.377:00ec:00f0:Call KERNEL32.GetPrivateProfileStringA(004c1fd8 "Cdchange",004c1fcc "Quitgame",004c1fc0 "Quit game ?",0022eff4,000003ff,0022eef0 "Y:\\Documents\\omk\\fr\\IAM\\cdchange.txt") ret=00412424
1327804.378:00ec:00f0:Ret  KERNEL32.GetPrivateProfileStringA() retval=00000010 ret=00412424
1327804.378:00ec:00f0:Call KERNEL32.GetPrivateProfileStringA(004c1fec "Cdchange",004c1fe8 "Yes",004c1fe4 "Yes",0022eff4,000003ff,0022eef0 "Y:\\Documents\\omk\\fr\\IAM\\cdchange.txt") ret=004124d4
1327804.378:00ec:00f0:Ret  KERNEL32.GetPrivateProfileStringA() retval=00000003 ret=004124d4
1327804.378:00ec:00f0:Call KERNEL32.GetPrivateProfileStringA(004c2000 "Cdchange",004c1ffc "No",004c1ff8 "No",0022eff4,000003ff,0022eef0 "Y:\\Documents\\omk\\fr\\IAM\\cdchange.txt") ret=00412595
1327804.378:00ec:00f0:Ret  KERNEL32.GetPrivateProfileStringA() retval=00000003 ret=00412595
1327804.389:00ec:00f0:Call KERNEL32.GetPrivateProfileStringA(004c1fd8 "Cdchange",004c1fcc "Quitgame",004c1fc0 "Quit game ?",0022eff4,000003ff,0022eef0 "Y:\\Documents\\omk\\fr\\IAM\\cdchange.txt") ret=00412424
1327804.389:00ec:00f0:Ret  KERNEL32.GetPrivateProfileStringA() retval=00000010 ret=00412424
1327804.389:00ec:00f0:Call KERNEL32.GetPrivateProfileStringA(004c1fec "Cdchange",004c1fe8 "Yes",004c1fe4 "Yes",0022eff4,000003ff,0022eef0 "Y:\\Documents\\omk\\fr\\IAM\\cdchange.txt") ret=004124d4
1327804.389:00ec:00f0:Ret  KERNEL32.GetPrivateProfileStringA() retval=00000003 ret=004124d4
1327804.389:00ec:00f0:Call KERNEL32.GetPrivateProfileStringA(004c2000 "Cdchange",004c1ffc "No",004c1ff8 "No",0022eff4,000003ff,0022eef0 "Y:\\Documents\\omk\\fr\\IAM\\cdchange.txt") ret=00412595
1327804.389:00ec:00f0:Ret  KERNEL32.GetPrivateProfileStringA() retval=00000003 ret=00412595
1327804.397:00ec:00f0:Call KERNEL32.GetPrivateProfileStringA(004c1fd8 "Cdchange",004c1fcc "Quitgame",004c1fc0 "Quit game ?",0022eff4,000003ff,0022eef0 "Y:\\Documents\\omk\\fr\\IAM\\cdchange.txt") ret=00412424
1327804.397:00ec:00f0:Ret  KERNEL32.GetPrivateProfileStringA() retval=00000010 ret=00412424
1327804.397:00ec:00f0:Call KERNEL32.GetPrivateProfileStringA(004c1fec "Cdchange",004c1fe8 "Yes",004c1fe4 "Yes",0022eff4,000003ff,0022eef0 "Y:\\Documents\\omk\\fr\\IAM\\cdchange.txt") ret=004124d4
1327804.398:00ec:00f0:Ret  KERNEL32.GetPrivateProfileStringA() retval=00000003 ret=004124d4
1327804.398:00ec:00f0:Call KERNEL32.GetPrivateProfileStringA(004c2000 "Cdchange",004c1ffc "No",004c1ff8 "No",0022eff4,000003ff,0022eef0 "Y:\\Documents\\omk\\fr\\IAM\\cdchange.txt") ret=00412595
1327804.398:00ec:00f0:Ret  KERNEL32.GetPrivateProfileStringA() retval=00000003 ret=00412595
1327804.402:00ec:00f0:Call KERNEL32.GetPrivateProfileStringA(004c1fd8 "Cdchange",004c1fcc "Quitgame",004c1fc0 "Quit game ?",0022eff4,000003ff,0022eef0 "Y:\\Documents\\omk\\fr\\IAM\\cdchange.txt") ret=00412424
1327804.402:00ec:00f0:Ret  KERNEL32.GetPrivateProfileStringA() retval=00000010 ret=00412424
1327804.402:00ec:00f0:Call KERNEL32.GetPrivateProfileStringA(004c1fec "Cdchange",004c1fe8 "Yes",004c1fe4 "Yes",0022eff4,000003ff,0022eef0 "Y:\\Documents\\omk\\fr\\IAM\\cdchange.txt") ret=004124d4
1327804.403:00ec:00f0:Ret  KERNEL32.GetPrivateProfileStringA() retval=00000003 ret=004124d4
1327804.403:00ec:00f0:Call KERNEL32.GetPrivateProfileStringA(004c2000 "Cdchange",004c1ffc "No",004c1ff8 "No",0022eff4,000003ff,0022eef0 "Y:\\Documents\\omk\\fr\\IAM\\cdchange.txt") ret=00412595
1327804.403:00ec:00f0:Ret  KERNEL32.GetPrivateProfileStringA() retval=00000003 ret=00412595
1327804.418:00ec:00f0:Call KERNEL32.GetPrivateProfileStringA(004c1fd8 "Cdchange",004c1fcc "Quitgame",004c1fc0 "Quit game ?",0022eff4,000003ff,0022eef0 "Y:\\Documents\\omk\\fr\\IAM\\cdchange.txt") ret=00412424
1327804.418:00ec:00f0:Ret  KERNEL32.GetPrivateProfileStringA() retval=00000010 ret=00412424
1327804.418:00ec:00f0:Call KERNEL32.GetPrivateProfileStringA(004c1fec "Cdchange",004c1fe8 "Yes",004c1fe4 "Yes",0022eff4,000003ff,0022eef0 "Y:\\Documents\\omk\\fr\\IAM\\cdchange.txt") ret=004124d4
1327804.418:00ec:00f0:Ret  KERNEL32.GetPrivateProfileStringA() retval=00000003 ret=004124d4
1327804.418:00ec:00f0:Call KERNEL32.GetPrivateProfileStringA(004c2000 "Cdchange",004c1ffc "No",004c1ff8 "No",0022eff4,000003ff,0022eef0 "Y:\\Documents\\omk\\fr\\IAM\\cdchange.txt") ret=00412595
1327804.418:00ec:00f0:Ret  KERNEL32.GetPrivateProfileStringA() retval=00000003 ret=00412595
1327804.422:00ec:00f0:Call KERNEL32.GetPrivateProfileStringA(004c1fd8 "Cdchange",004c1fcc "Quitgame",004c1fc0 "Quit game ?",0022eff4,000003ff,0022eef0 "Y:\\Documents\\omk\\fr\\IAM\\cdchange.txt") ret=00412424
1327804.423:00ec:00f0:Ret  KERNEL32.GetPrivateProfileStringA() retval=00000010 ret=00412424
1327804.423:00ec:00f0:Call KERNEL32.GetPrivateProfileStringA(004c1fec "Cdchange",004c1fe8 "Yes",004c1fe4 "Yes",0022eff4,000003ff,0022eef0 "Y:\\Documents\\omk\\fr\\IAM\\cdchange.txt") ret=004124d4
1327804.423:00ec:00f0:Ret  KERNEL32.GetPrivateProfileStringA() retval=00000003 ret=004124d4
1327804.423:00ec:00f0:Call KERNEL32.GetPrivateProfileStringA(004c2000 "Cdchange",004c1ffc "No",004c1ff8 "No",0022eff4,000003ff,0022eef0 "Y:\\Documents\\omk\\fr\\IAM\\cdchange.txt") ret=00412595
1327804.423:00ec:00f0:Ret  KERNEL32.GetPrivateProfileStringA() retval=00000003 ret=00412595
1327804.426:00ec:00f0:Call KERNEL32.GetPrivateProfileStringA(004c1fd8 "Cdchange",004c1fcc "Quitgame",004c1fc0 "Quit game ?",0022eff4,000003ff,0022eef0 "Y:\\Documents\\omk\\fr\\IAM\\cdchange.txt") ret=00412424
1327804.426:00ec:00f0:Ret  KERNEL32.GetPrivateProfileStringA() retval=00000010 ret=00412424
1327804.426:00ec:00f0:Call KERNEL32.GetPrivateProfileStringA(004c1fec "Cdchange",004c1fe8 "Yes",004c1fe4 "Yes",0022eff4,000003ff,0022eef0 "Y:\\Documents\\omk\\fr\\IAM\\cdchange.txt") ret=004124d4
1327804.426:00ec:00f0:Ret  KERNEL32.GetPrivateProfileStringA() retval=00000003 ret=004124d4
1327804.426:00ec:00f0:Call KERNEL32.GetPrivateProfileStringA(004c2000 "Cdchange",004c1ffc "No",004c1ff8 "No",0022eff4,000003ff,0022eef0 "Y:\\Documents\\omk\\fr\\IAM\\cdchange.txt") ret=00412595
1327804.426:00ec:00f0:Ret  KERNEL32.GetPrivateProfileStringA() retval=00000003 ret=00412595
1327804.438:00ec:00f0:Call KERNEL32.GetPrivateProfileStringA(004c1fd8 "Cdchange",004c1fcc "Quitgame",004c1fc0 "Quit game ?",0022eff4,000003ff,0022eef0 "Y:\\Documents\\omk\\fr\\IAM\\cdchange.txt") ret=00412424
1327804.439:00ec:00f0:Ret  KERNEL32.GetPrivateProfileStringA() retval=00000010 ret=00412424
1327804.439:00ec:00f0:Call KERNEL32.GetPrivateProfileStringA(004c1fec "Cdchange",004c1fe8 "Yes",004c1fe4 "Yes",0022eff4,000003ff,0022eef0 "Y:\\Documents\\omk\\fr\\IAM\\cdchange.txt") ret=004124d4
1327804.439:00ec:00f0:Ret  KERNEL32.GetPrivateProfileStringA() retval=00000003 ret=004124d4
1327804.439:00ec:00f0:Call KERNEL32.GetPrivateProfileStringA(004c2000 "Cdchange",004c1ffc "No",004c1ff8 "No",0022eff4,000003ff,0022eef0 "Y:\\Documents\\omk\\fr\\IAM\\cdchange.txt") ret=00412595
1327804.439:00ec:00f0:Ret  KERNEL32.GetPrivateProfileStringA() retval=00000003 ret=00412595
1327804.448:00ec:00f0:Call KERNEL32.GetPrivateProfileStringA(004c1fd8 "Cdchange",004c1fcc "Quitgame",004c1fc0 "Quit game ?",0022eff4,000003ff,0022eef0 "Y:\\Documents\\omk\\fr\\IAM\\cdchange.txt") ret=00412424
1327804.448:00ec:00f0:Ret  KERNEL32.GetPrivateProfileStringA() retval=00000010 ret=00412424
1327804.448:00ec:00f0:Call KERNEL32.GetPrivateProfileStringA(004c1fec "Cdchange",004c1fe8 "Yes",004c1fe4 "Yes",0022eff4,000003ff,0022eef0 "Y:\\Documents\\omk\\fr\\IAM\\cdchange.txt") ret=004124d4
1327804.448:00ec:00f0:Ret  KERNEL32.GetPrivateProfileStringA() retval=00000003 ret=004124d4
1327804.448:00ec:00f0:Call KERNEL32.GetPrivateProfileStringA(004c2000 "Cdchange",004c1ffc "No",004c1ff8 "No",0022eff4,000003ff,0022eef0 "Y:\\Documents\\omk\\fr\\IAM\\cdchange.txt") ret=00412595
1327804.449:00ec:00f0:Ret  KERNEL32.GetPrivateProfileStringA() retval=00000003 ret=00412595
1327804.451:00ec:00f0:Call KERNEL32.GetPrivateProfileStringA(004c1fd8 "Cdchange",004c1fcc "Quitgame",004c1fc0 "Quit game ?",0022eff4,000003ff,0022eef0 "Y:\\Documents\\omk\\fr\\IAM\\cdchange.txt") ret=00412424
1327804.451:00ec:00f0:Ret  KERNEL32.GetPrivateProfileStringA() retval=00000010 ret=00412424
1327804.451:00ec:00f0:Call KERNEL32.GetPrivateProfileStringA(004c1fec "Cdchange",004c1fe8 "Yes",004c1fe4 "Yes",0022eff4,000003ff,0022eef0 "Y:\\Documents\\omk\\fr\\IAM\\cdchange.txt") ret=004124d4
1327804.451:00ec:00f0:Ret  KERNEL32.GetPrivateProfileStringA() retval=00000003 ret=004124d4
1327804.451:00ec:00f0:Call KERNEL32.GetPrivateProfileStringA(004c2000 "Cdchange",004c1ffc "No",004c1ff8 "No",0022eff4,000003ff,0022eef0 "Y:\\Documents\\omk\\fr\\IAM\\cdchange.txt") ret=00412595
1327804.451:00ec:00f0:Ret  KERNEL32.GetPrivateProfileStringA() retval=00000003 ret=00412595
1327804.463:00ec:00f0:Call KERNEL32.GetPrivateProfileStringA(004c1fd8 "Cdchange",004c1fcc "Quitgame",004c1fc0 "Quit game ?",0022eff4,000003ff,0022eef0 "Y:\\Documents\\omk\\fr\\IAM\\cdchange.txt") ret=00412424
1327804.464:00ec:00f0:Ret  KERNEL32.GetPrivateProfileStringA() retval=00000010 ret=00412424
1327804.464:00ec:00f0:Call KERNEL32.GetPrivateProfileStringA(004c1fec "Cdchange",004c1fe8 "Yes",004c1fe4 "Yes",0022eff4,000003ff,0022eef0 "Y:\\Documents\\omk\\fr\\IAM\\cdchange.txt") ret=004124d4
1327804.464:00ec:00f0:Ret  KERNEL32.GetPrivateProfileStringA() retval=00000003 ret=004124d4
1327804.464:00ec:00f0:Call KERNEL32.GetPrivateProfileStringA(004c2000 "Cdchange",004c1ffc "No",004c1ff8 "No",0022eff4,000003ff,0022eef0 "Y:\\Documents\\omk\\fr\\IAM\\cdchange.txt") ret=00412595
1327804.464:00ec:00f0:Ret  KERNEL32.GetPrivateProfileStringA() retval=00000003 ret=00412595
1327804.472:00ec:00f0:Call KERNEL32.GetPrivateProfileStringA(004c1fd8 "Cdchange",004c1fcc "Quitgame",004c1fc0 "Quit game ?",0022eff4,000003ff,0022eef0 "Y:\\Documents\\omk\\fr\\IAM\\cdchange.txt") ret=00412424
1327804.472:00ec:00f0:Ret  KERNEL32.GetPrivateProfileStringA() retval=00000010 ret=00412424
1327804.472:00ec:00f0:Call KERNEL32.GetPrivateProfileStringA(004c1fec "Cdchange",004c1fe8 "Yes",004c1fe4 "Yes",0022eff4,000003ff,0022eef0 "Y:\\Documents\\omk\\fr\\IAM\\cdchange.txt") ret=004124d4
1327804.472:00ec:00f0:Ret  KERNEL32.GetPrivateProfileStringA() retval=00000003 ret=004124d4
1327804.472:00ec:00f0:Call KERNEL32.GetPrivateProfileStringA(004c2000 "Cdchange",004c1ffc "No",004c1ff8 "No",0022eff4,000003ff,0022eef0 "Y:\\Documents\\omk\\fr\\IAM\\cdchange.txt") ret=00412595
1327804.472:00ec:00f0:Ret  KERNEL32.GetPrivateProfileStringA() retval=00000003 ret=00412595
1327804.476:00ec:00f0:Call KERNEL32.GetPrivateProfileStringA(004c1fd8 "Cdchange",004c1fcc "Quitgame",004c1fc0 "Quit game ?",0022eff4,000003ff,0022eef0 "Y:\\Documents\\omk\\fr\\IAM\\cdchange.txt") ret=00412424
1327804.476:00ec:00f0:Ret  KERNEL32.GetPrivateProfileStringA() retval=00000010 ret=00412424
1327804.476:00ec:00f0:Call KERNEL32.GetPrivateProfileStringA(004c1fec "Cdchange",004c1fe8 "Yes",004c1fe4 "Yes",0022eff4,000003ff,0022eef0 "Y:\\Documents\\omk\\fr\\IAM\\cdchange.txt") ret=004124d4
1327804.477:00ec:00f0:Ret  KERNEL32.GetPrivateProfileStringA() retval=00000003 ret=004124d4
1327804.477:00ec:00f0:Call KERNEL32.GetPrivateProfileStringA(004c2000 "Cdchange",004c1ffc "No",004c1ff8 "No",0022eff4,000003ff,0022eef0 "Y:\\Documents\\omk\\fr\\IAM\\cdchange.txt") ret=00412595
1327804.477:00ec:00f0:Ret  KERNEL32.GetPrivateProfileStringA() retval=00000003 ret=00412595
1327804.488:00ec:00f0:Call KERNEL32.GetPrivateProfileStringA(004c1fd8 "Cdchange",004c1fcc "Quitgame",004c1fc0 "Quit game ?",0022eff4,000003ff,0022eef0 "Y:\\Documents\\omk\\fr\\IAM\\cdchange.txt") ret=00412424
1327804.489:00ec:00f0:Ret  KERNEL32.GetPrivateProfileStringA() retval=00000010 ret=00412424
1327804.489:00ec:00f0:Call KERNEL32.GetPrivateProfileStringA(004c1fec "Cdchange",004c1fe8 "Yes",004c1fe4 "Yes",0022eff4,000003ff,0022eef0 "Y:\\Documents\\omk\\fr\\IAM\\cdchange.txt") ret=004124d4
1327804.489:00ec:00f0:Ret  KERNEL32.GetPrivateProfileStringA() retval=00000003 ret=004124d4
1327804.489:00ec:00f0:Call KERNEL32.GetPrivateProfileStringA(004c2000 "Cdchange",004c1ffc "No",004c1ff8 "No",0022eff4,000003ff,0022eef0 "Y:\\Documents\\omk\\fr\\IAM\\cdchange.txt") ret=00412595
1327804.489:00ec:00f0:Ret  KERNEL32.GetPrivateProfileStringA() retval=00000003 ret=00412595
1327804.497:00ec:00f0:Call KERNEL32.GetPrivateProfileStringA(004c1fd8 "Cdchange",004c1fcc "Quitgame",004c1fc0 "Quit game ?",0022eff4,000003ff,0022eef0 "Y:\\Documents\\omk\\fr\\IAM\\cdchange.txt") ret=00412424
1327804.497:00ec:00f0:Ret  KERNEL32.GetPrivateProfileStringA() retval=00000010 ret=00412424
1327804.497:00ec:00f0:Call KERNEL32.GetPrivateProfileStringA(004c1fec "Cdchange",004c1fe8 "Yes",004c1fe4 "Yes",0022eff4,000003ff,0022eef0 "Y:\\Documents\\omk\\fr\\IAM\\cdchange.txt") ret=004124d4
1327804.498:00ec:00f0:Ret  KERNEL32.GetPrivateProfileStringA() retval=00000003 ret=004124d4
1327804.498:00ec:00f0:Call KERNEL32.GetPrivateProfileStringA(004c2000 "Cdchange",004c1ffc "No",004c1ff8 "No",0022eff4,000003ff,0022eef0 "Y:\\Documents\\omk\\fr\\IAM\\cdchange.txt") ret=00412595
1327804.498:00ec:00f0:Ret  KERNEL32.GetPrivateProfileStringA() retval=00000003 ret=00412595
1327804.501:00ec:00f0:Call KERNEL32.GetPrivateProfileStringA(004c1fd8 "Cdchange",004c1fcc "Quitgame",004c1fc0 "Quit game ?",0022eff4,000003ff,0022eef0 "Y:\\Documents\\omk\\fr\\IAM\\cdchange.txt") ret=00412424
1327804.501:00ec:00f0:Ret  KERNEL32.GetPrivateProfileStringA() retval=00000010 ret=00412424
1327804.501:00ec:00f0:Call KERNEL32.GetPrivateProfileStringA(004c1fec "Cdchange",004c1fe8 "Yes",004c1fe4 "Yes",0022eff4,000003ff,0022eef0 "Y:\\Documents\\omk\\fr\\IAM\\cdchange.txt") ret=004124d4
1327804.501:00ec:00f0:Ret  KERNEL32.GetPrivateProfileStringA() retval=00000003 ret=004124d4
1327804.501:00ec:00f0:Call KERNEL32.GetPrivateProfileStringA(004c2000 "Cdchange",004c1ffc "No",004c1ff8 "No",0022eff4,000003ff,0022eef0 "Y:\\Documents\\omk\\fr\\IAM\\cdchange.txt") ret=00412595
1327804.501:00ec:00f0:Ret  KERNEL32.GetPrivateProfileStringA() retval=00000003 ret=00412595
1327804.514:00ec:00f0:Call KERNEL32.GetPrivateProfileStringA(004c1fd8 "Cdchange",004c1fcc "Quitgame",004c1fc0 "Quit game ?",0022eff4,000003ff,0022eef0 "Y:\\Documents\\omk\\fr\\IAM\\cdchange.txt") ret=00412424
1327804.514:00ec:00f0:Ret  KERNEL32.GetPrivateProfileStringA() retval=00000010 ret=00412424
1327804.514:00ec:00f0:Call KERNEL32.GetPrivateProfileStringA(004c1fec "Cdchange",004c1fe8 "Yes",004c1fe4 "Yes",0022eff4,000003ff,0022eef0 "Y:\\Documents\\omk\\fr\\IAM\\cdchange.txt") ret=004124d4
1327804.514:00ec:00f0:Ret  KERNEL32.GetPrivateProfileStringA() retval=00000003 ret=004124d4
1327804.514:00ec:00f0:Call KERNEL32.GetPrivateProfileStringA(004c2000 "Cdchange",004c1ffc "No",004c1ff8 "No",0022eff4,000003ff,0022eef0 "Y:\\Documents\\omk\\fr\\IAM\\cdchange.txt") ret=00412595
1327804.514:00ec:00f0:Ret  KERNEL32.GetPrivateProfileStringA() retval=00000003 ret=00412595
1327804.522:00ec:00f0:Call KERNEL32.GetPrivateProfileStringA(004c1fd8 "Cdchange",004c1fcc "Quitgame",004c1fc0 "Quit game ?",0022eff4,000003ff,0022eef0 "Y:\\Documents\\omk\\fr\\IAM\\cdchange.txt") ret=00412424
1327804.522:00ec:00f0:Ret  KERNEL32.GetPrivateProfileStringA() retval=00000010 ret=00412424
1327804.522:00ec:00f0:Call KERNEL32.GetPrivateProfileStringA(004c1fec "Cdchange",004c1fe8 "Yes",004c1fe4 "Yes",0022eff4,000003ff,0022eef0 "Y:\\Documents\\omk\\fr\\IAM\\cdchange.txt") ret=004124d4
1327804.523:00ec:00f0:Ret  KERNEL32.GetPrivateProfileStringA() retval=00000003 ret=004124d4
1327804.523:00ec:00f0:Call KERNEL32.GetPrivateProfileStringA(004c2000 "Cdchange",004c1ffc "No",004c1ff8 "No",0022eff4,000003ff,0022eef0 "Y:\\Documents\\omk\\fr\\IAM\\cdchange.txt") ret=00412595
1327804.523:00ec:00f0:Ret  KERNEL32.GetPrivateProfileStringA() retval=00000003 ret=00412595
1327804.525:00ec:00f0:Call KERNEL32.GetPrivateProfileStringA(004c1fd8 "Cdchange",004c1fcc "Quitgame",004c1fc0 "Quit game ?",0022eff4,000003ff,0022eef0 "Y:\\Documents\\omk\\fr\\IAM\\cdchange.txt") ret=00412424
1327804.525:00ec:00f0:Ret  KERNEL32.GetPrivateProfileStringA() retval=00000010 ret=00412424
1327804.525:00ec:00f0:Call KERNEL32.GetPrivateProfileStringA(004c1fec "Cdchange",004c1fe8 "Yes",004c1fe4 "Yes",0022eff4,000003ff,0022eef0 "Y:\\Documents\\omk\\fr\\IAM\\cdchange.txt") ret=004124d4
1327804.526:00ec:00f0:Ret  KERNEL32.GetPrivateProfileStringA() retval=00000003 ret=004124d4
1327804.526:00ec:00f0:Call KERNEL32.GetPrivateProfileStringA(004c2000 "Cdchange",004c1ffc "No",004c1ff8 "No",0022eff4,000003ff,0022eef0 "Y:\\Documents\\omk\\fr\\IAM\\cdchange.txt") ret=00412595
1327804.526:00ec:00f0:Ret  KERNEL32.GetPrivateProfileStringA() retval=00000003 ret=00412595
1327804.538:00ec:00f0:Call KERNEL32.GetPrivateProfileStringA(004c1fd8 "Cdchange",004c1fcc "Quitgame",004c1fc0 "Quit game ?",0022eff4,000003ff,0022eef0 "Y:\\Documents\\omk\\fr\\IAM\\cdchange.txt") ret=00412424
1327804.539:00ec:00f0:Ret  KERNEL32.GetPrivateProfileStringA() retval=00000010 ret=00412424
1327804.539:00ec:00f0:Call KERNEL32.GetPrivateProfileStringA(004c1fec "Cdchange",004c1fe8 "Yes",004c1fe4 "Yes",0022eff4,000003ff,0022eef0 "Y:\\Documents\\omk\\fr\\IAM\\cdchange.txt") ret=004124d4
1327804.539:00ec:00f0:Ret  KERNEL32.GetPrivateProfileStringA() retval=00000003 ret=004124d4
1327804.539:00ec:00f0:Call KERNEL32.GetPrivateProfileStringA(004c2000 "Cdchange",004c1ffc "No",004c1ff8 "No",0022eff4,000003ff,0022eef0 "Y:\\Documents\\omk\\fr\\IAM\\cdchange.txt") ret=00412595
1327804.539:00ec:00f0:Ret  KERNEL32.GetPrivateProfileStringA() retval=00000003 ret=00412595
1327804.549:00ec:00f0:Call KERNEL32.GetPrivateProfileStringA(004c1fd8 "Cdchange",004c1fcc "Quitgame",004c1fc0 "Quit game ?",0022eff4,000003ff,0022eef0 "Y:\\Documents\\omk\\fr\\IAM\\cdchange.txt") ret=00412424
1327804.549:00ec:00f0:Ret  KERNEL32.GetPrivateProfileStringA() retval=00000010 ret=00412424
1327804.550:00ec:00f0:Call KERNEL32.GetPrivateProfileStringA(004c1fec "Cdchange",004c1fe8 "Yes",004c1fe4 "Yes",0022eff4,000003ff,0022eef0 "Y:\\Documents\\omk\\fr\\IAM\\cdchange.txt") ret=004124d4
1327804.550:00ec:00f0:Ret  KERNEL32.GetPrivateProfileStringA() retval=00000003 ret=004124d4
1327804.550:00ec:00f0:Call KERNEL32.GetPrivateProfileStringA(004c2000 "Cdchange",004c1ffc "No",004c1ff8 "No",0022eff4,000003ff,0022eef0 "Y:\\Documents\\omk\\fr\\IAM\\cdchange.txt") ret=00412595
1327804.550:00ec:00f0:Ret  KERNEL32.GetPrivateProfileStringA() retval=00000003 ret=00412595
1327804.564:00ec:00f0:Call KERNEL32.GetPrivateProfileStringA(004c1fd8 "Cdchange",004c1fcc "Quitgame",004c1fc0 "Quit game ?",0022eff4,000003ff,0022eef0 "Y:\\Documents\\omk\\fr\\IAM\\cdchange.txt") ret=00412424
1327804.564:00ec:00f0:Ret  KERNEL32.GetPrivateProfileStringA() retval=00000010 ret=00412424
1327804.564:00ec:00f0:Call KERNEL32.GetPrivateProfileStringA(004c1fec "Cdchange",004c1fe8 "Yes",004c1fe4 "Yes",0022eff4,000003ff,0022eef0 "Y:\\Documents\\omk\\fr\\IAM\\cdchange.txt") ret=004124d4
1327804.564:00ec:00f0:Ret  KERNEL32.GetPrivateProfileStringA() retval=00000003 ret=004124d4
1327804.564:00ec:00f0:Call KERNEL32.GetPrivateProfileStringA(004c2000 "Cdchange",004c1ffc "No",004c1ff8 "No",0022eff4,000003ff,0022eef0 "Y:\\Documents\\omk\\fr\\IAM\\cdchange.txt") ret=00412595
1327804.564:00ec:00f0:Ret  KERNEL32.GetPrivateProfileStringA() retval=00000003 ret=00412595
1327804.572:00ec:00f0:Call KERNEL32.GetPrivateProfileStringA(004c1fd8 "Cdchange",004c1fcc "Quitgame",004c1fc0 "Quit game ?",0022eff4,000003ff,0022eef0 "Y:\\Documents\\omk\\fr\\IAM\\cdchange.txt") ret=00412424
1327804.572:00ec:00f0:Ret  KERNEL32.GetPrivateProfileStringA() retval=00000010 ret=00412424
1327804.572:00ec:00f0:Call KERNEL32.GetPrivateProfileStringA(004c1fec "Cdchange",004c1fe8 "Yes",004c1fe4 "Yes",0022eff4,000003ff,0022eef0 "Y:\\Documents\\omk\\fr\\IAM\\cdchange.txt") ret=004124d4
1327804.573:00ec:00f0:Ret  KERNEL32.GetPrivateProfileStringA() retval=00000003 ret=004124d4
1327804.573:00ec:00f0:Call KERNEL32.GetPrivateProfileStringA(004c2000 "Cdchange",004c1ffc "No",004c1ff8 "No",0022eff4,000003ff,0022eef0 "Y:\\Documents\\omk\\fr\\IAM\\cdchange.txt") ret=00412595
1327804.573:00ec:00f0:Ret  KERNEL32.GetPrivateProfileStringA() retval=00000003 ret=00412595
1327804.577:00ec:00f0:Call KERNEL32.GetPrivateProfileStringA(004c1fd8 "Cdchange",004c1fcc "Quitgame",004c1fc0 "Quit game ?",0022eff4,000003ff,0022eef0 "Y:\\Documents\\omk\\fr\\IAM\\cdchange.txt") ret=00412424
1327804.577:00ec:00f0:Ret  KERNEL32.GetPrivateProfileStringA() retval=00000010 ret=00412424
1327804.577:00ec:00f0:Call KERNEL32.GetPrivateProfileStringA(004c1fec "Cdchange",004c1fe8 "Yes",004c1fe4 "Yes",0022eff4,000003ff,0022eef0 "Y:\\Documents\\omk\\fr\\IAM\\cdchange.txt") ret=004124d4
1327804.577:00ec:00f0:Ret  KERNEL32.GetPrivateProfileStringA() retval=00000003 ret=004124d4
1327804.577:00ec:00f0:Call KERNEL32.GetPrivateProfileStringA(004c2000 "Cdchange",004c1ffc "No",004c1ff8 "No",0022eff4,000003ff,0022eef0 "Y:\\Documents\\omk\\fr\\IAM\\cdchange.txt") ret=00412595
1327804.577:00ec:00f0:Ret  KERNEL32.GetPrivateProfileStringA() retval=00000003 ret=00412595
1327804.589:00ec:00f0:Call KERNEL32.GetPrivateProfileStringA(004c1fd8 "Cdchange",004c1fcc "Quitgame",004c1fc0 "Quit game ?",0022eff4,000003ff,0022eef0 "Y:\\Documents\\omk\\fr\\IAM\\cdchange.txt") ret=00412424
1327804.589:00ec:00f0:Ret  KERNEL32.GetPrivateProfileStringA() retval=00000010 ret=00412424
1327804.589:00ec:00f0:Call KERNEL32.GetPrivateProfileStringA(004c1fec "Cdchange",004c1fe8 "Yes",004c1fe4 "Yes",0022eff4,000003ff,0022eef0 "Y:\\Documents\\omk\\fr\\IAM\\cdchange.txt") ret=004124d4
1327804.589:00ec:00f0:Ret  KERNEL32.GetPrivateProfileStringA() retval=00000003 ret=004124d4
1327804.589:00ec:00f0:Call KERNEL32.GetPrivateProfileStringA(004c2000 "Cdchange",004c1ffc "No",004c1ff8 "No",0022eff4,000003ff,0022eef0 "Y:\\Documents\\omk\\fr\\IAM\\cdchange.txt") ret=00412595
1327804.590:00ec:00f0:Ret  KERNEL32.GetPrivateProfileStringA() retval=00000003 ret=00412595
1327804.597:00ec:00f0:Call KERNEL32.GetPrivateProfileStringA(004c1fd8 "Cdchange",004c1fcc "Quitgame",004c1fc0 "Quit game ?",0022eff4,000003ff,0022eef0 "Y:\\Documents\\omk\\fr\\IAM\\cdchange.txt") ret=00412424
1327804.597:00ec:00f0:Ret  KERNEL32.GetPrivateProfileStringA() retval=00000010 ret=00412424
1327804.597:00ec:00f0:Call KERNEL32.GetPrivateProfileStringA(004c1fec "Cdchange",004c1fe8 "Yes",004c1fe4 "Yes",0022eff4,000003ff,0022eef0 "Y:\\Documents\\omk\\fr\\IAM\\cdchange.txt") ret=004124d4
1327804.598:00ec:00f0:Ret  KERNEL32.GetPrivateProfileStringA() retval=00000003 ret=004124d4
1327804.598:00ec:00f0:Call KERNEL32.GetPrivateProfileStringA(004c2000 "Cdchange",004c1ffc "No",004c1ff8 "No",0022eff4,000003ff,0022eef0 "Y:\\Documents\\omk\\fr\\IAM\\cdchange.txt") ret=00412595
1327804.598:00ec:00f0:Ret  KERNEL32.GetPrivateProfileStringA() retval=00000003 ret=00412595
1327804.602:00ec:00f0:Call KERNEL32.GetPrivateProfileStringA(004c1fd8 "Cdchange",004c1fcc "Quitgame",004c1fc0 "Quit game ?",0022eff4,000003ff,0022eef0 "Y:\\Documents\\omk\\fr\\IAM\\cdchange.txt") ret=00412424
1327804.603:00ec:00f0:Ret  KERNEL32.GetPrivateProfileStringA() retval=00000010 ret=00412424
1327804.603:00ec:00f0:Call KERNEL32.GetPrivateProfileStringA(004c1fec "Cdchange",004c1fe8 "Yes",004c1fe4 "Yes",0022eff4,000003ff,0022eef0 "Y:\\Documents\\omk\\fr\\IAM\\cdchange.txt") ret=004124d4
1327804.603:00ec:00f0:Ret  KERNEL32.GetPrivateProfileStringA() retval=00000003 ret=004124d4
1327804.603:00ec:00f0:Call KERNEL32.GetPrivateProfileStringA(004c2000 "Cdchange",004c1ffc "No",004c1ff8 "No",0022eff4,000003ff,0022eef0 "Y:\\Documents\\omk\\fr\\IAM\\cdchange.txt") ret=00412595
1327804.603:00ec:00f0:Ret  KERNEL32.GetPrivateProfileStringA() retval=00000003 ret=00412595
1327804.617:00ec:00f0:Call KERNEL32.GetPrivateProfileStringA(004c1fd8 "Cdchange",004c1fcc "Quitgame",004c1fc0 "Quit game ?",0022eff4,000003ff,0022eef0 "Y:\\Documents\\omk\\fr\\IAM\\cdchange.txt") ret=00412424
1327804.617:00ec:00f0:Ret  KERNEL32.GetPrivateProfileStringA() retval=00000010 ret=00412424
1327804.617:00ec:00f0:Call KERNEL32.GetPrivateProfileStringA(004c1fec "Cdchange",004c1fe8 "Yes",004c1fe4 "Yes",0022eff4,000003ff,0022eef0 "Y:\\Documents\\omk\\fr\\IAM\\cdchange.txt") ret=004124d4
1327804.617:00ec:00f0:Ret  KERNEL32.GetPrivateProfileStringA() retval=00000003 ret=004124d4
1327804.617:00ec:00f0:Call KERNEL32.GetPrivateProfileStringA(004c2000 "Cdchange",004c1ffc "No",004c1ff8 "No",0022eff4,000003ff,0022eef0 "Y:\\Documents\\omk\\fr\\IAM\\cdchange.txt") ret=00412595
1327804.617:00ec:00f0:Ret  KERNEL32.GetPrivateProfileStringA() retval=00000003 ret=00412595
1327804.622:00ec:00f0:Call KERNEL32.GetPrivateProfileStringA(004c1fd8 "Cdchange",004c1fcc "Quitgame",004c1fc0 "Quit game ?",0022eff4,000003ff,0022eef0 "Y:\\Documents\\omk\\fr\\IAM\\cdchange.txt") ret=00412424
1327804.623:00ec:00f0:Ret  KERNEL32.GetPrivateProfileStringA() retval=00000010 ret=00412424
1327804.623:00ec:00f0:Call KERNEL32.GetPrivateProfileStringA(004c1fec "Cdchange",004c1fe8 "Yes",004c1fe4 "Yes",0022eff4,000003ff,0022eef0 "Y:\\Documents\\omk\\fr\\IAM\\cdchange.txt") ret=004124d4
1327804.623:00ec:00f0:Ret  KERNEL32.GetPrivateProfileStringA() retval=00000003 ret=004124d4
1327804.623:00ec:00f0:Call KERNEL32.GetPrivateProfileStringA(004c2000 "Cdchange",004c1ffc "No",004c1ff8 "No",0022eff4,000003ff,0022eef0 "Y:\\Documents\\omk\\fr\\IAM\\cdchange.txt") ret=00412595
1327804.623:00ec:00f0:Ret  KERNEL32.GetPrivateProfileStringA() retval=00000003 ret=00412595
1327804.625:00ec:00f0:Call KERNEL32.GetPrivateProfileStringA(004c1fd8 "Cdchange",004c1fcc "Quitgame",004c1fc0 "Quit game ?",0022eff4,000003ff,0022eef0 "Y:\\Documents\\omk\\fr\\IAM\\cdchange.txt") ret=00412424
1327804.625:00ec:00f0:Ret  KERNEL32.GetPrivateProfileStringA() retval=00000010 ret=00412424
1327804.625:00ec:00f0:Call KERNEL32.GetPrivateProfileStringA(004c1fec "Cdchange",004c1fe8 "Yes",004c1fe4 "Yes",0022eff4,000003ff,0022eef0 "Y:\\Documents\\omk\\fr\\IAM\\cdchange.txt") ret=004124d4
1327804.626:00ec:00f0:Ret  KERNEL32.GetPrivateProfileStringA() retval=00000003 ret=004124d4
1327804.626:00ec:00f0:Call KERNEL32.GetPrivateProfileStringA(004c2000 "Cdchange",004c1ffc "No",004c1ff8 "No",0022eff4,000003ff,0022eef0 "Y:\\Documents\\omk\\fr\\IAM\\cdchange.txt") ret=00412595
1327804.626:00ec:00f0:Ret  KERNEL32.GetPrivateProfileStringA() retval=00000003 ret=00412595
1327804.638:00ec:00f0:Call KERNEL32.GetPrivateProfileStringA(004c1fd8 "Cdchange",004c1fcc "Quitgame",004c1fc0 "Quit game ?",0022eff4,000003ff,0022eef0 "Y:\\Documents\\omk\\fr\\IAM\\cdchange.txt") ret=00412424
1327804.638:00ec:00f0:Ret  KERNEL32.GetPrivateProfileStringA() retval=00000010 ret=00412424
1327804.638:00ec:00f0:Call KERNEL32.GetPrivateProfileStringA(004c1fec "Cdchange",004c1fe8 "Yes",004c1fe4 "Yes",0022eff4,000003ff,0022eef0 "Y:\\Documents\\omk\\fr\\IAM\\cdchange.txt") ret=004124d4
1327804.639:00ec:00f0:Ret  KERNEL32.GetPrivateProfileStringA() retval=00000003 ret=004124d4
1327804.639:00ec:00f0:Call KERNEL32.GetPrivateProfileStringA(004c2000 "Cdchange",004c1ffc "No",004c1ff8 "No",0022eff4,000003ff,0022eef0 "Y:\\Documents\\omk\\fr\\IAM\\cdchange.txt") ret=00412595
1327804.639:00ec:00f0:Ret  KERNEL32.GetPrivateProfileStringA() retval=00000003 ret=00412595
1327804.648:00ec:00f0:Call KERNEL32.GetPrivateProfileStringA(004c1fd8 "Cdchange",004c1fcc "Quitgame",004c1fc0 "Quit game ?",0022eff4,000003ff,0022eef0 "Y:\\Documents\\omk\\fr\\IAM\\cdchange.txt") ret=00412424
1327804.649:00ec:00f0:Ret  KERNEL32.GetPrivateProfileStringA() retval=00000010 ret=00412424
1327804.649:00ec:00f0:Call KERNEL32.GetPrivateProfileStringA(004c1fec "Cdchange",004c1fe8 "Yes",004c1fe4 "Yes",0022eff4,000003ff,0022eef0 "Y:\\Documents\\omk\\fr\\IAM\\cdchange.txt") ret=004124d4
1327804.649:00ec:00f0:Ret  KERNEL32.GetPrivateProfileStringA() retval=00000003 ret=004124d4
1327804.649:00ec:00f0:Call KERNEL32.GetPrivateProfileStringA(004c2000 "Cdchange",004c1ffc "No",004c1ff8 "No",0022eff4,000003ff,0022eef0 "Y:\\Documents\\omk\\fr\\IAM\\cdchange.txt") ret=00412595
1327804.649:00ec:00f0:Ret  KERNEL32.GetPrivateProfileStringA() retval=00000003 ret=00412595
1327804.652:00ec:00f0:Call KERNEL32.GetPrivateProfileStringA(004c1fd8 "Cdchange",004c1fcc "Quitgame",004c1fc0 "Quit game ?",0022eff4,000003ff,0022eef0 "Y:\\Documents\\omk\\fr\\IAM\\cdchange.txt") ret=00412424
1327804.652:00ec:00f0:Ret  KERNEL32.GetPrivateProfileStringA() retval=00000010 ret=00412424
1327804.652:00ec:00f0:Call KERNEL32.GetPrivateProfileStringA(004c1fec "Cdchange",004c1fe8 "Yes",004c1fe4 "Yes",0022eff4,000003ff,0022eef0 "Y:\\Documents\\omk\\fr\\IAM\\cdchange.txt") ret=004124d4
1327804.652:00ec:00f0:Ret  KERNEL32.GetPrivateProfileStringA() retval=00000003 ret=004124d4
1327804.652:00ec:00f0:Call KERNEL32.GetPrivateProfileStringA(004c2000 "Cdchange",004c1ffc "No",004c1ff8 "No",0022eff4,000003ff,0022eef0 "Y:\\Documents\\omk\\fr\\IAM\\cdchange.txt") ret=00412595
1327804.652:00ec:00f0:Ret  KERNEL32.GetPrivateProfileStringA() retval=00000003 ret=00412595
1327804.663:00ec:00f0:Call KERNEL32.GetPrivateProfileStringA(004c1fd8 "Cdchange",004c1fcc "Quitgame",004c1fc0 "Quit game ?",0022eff4,000003ff,0022eef0 "Y:\\Documents\\omk\\fr\\IAM\\cdchange.txt") ret=00412424
1327804.664:00ec:00f0:Ret  KERNEL32.GetPrivateProfileStringA() retval=00000010 ret=00412424
1327804.664:00ec:00f0:Call KERNEL32.GetPrivateProfileStringA(004c1fec "Cdchange",004c1fe8 "Yes",004c1fe4 "Yes",0022eff4,000003ff,0022eef0 "Y:\\Documents\\omk\\fr\\IAM\\cdchange.txt") ret=004124d4
1327804.664:00ec:00f0:Ret  KERNEL32.GetPrivateProfileStringA() retval=00000003 ret=004124d4
1327804.664:00ec:00f0:Call KERNEL32.GetPrivateProfileStringA(004c2000 "Cdchange",004c1ffc "No",004c1ff8 "No",0022eff4,000003ff,0022eef0 "Y:\\Documents\\omk\\fr\\IAM\\cdchange.txt") ret=00412595
1327804.664:00ec:00f0:Ret  KERNEL32.GetPrivateProfileStringA() retval=00000003 ret=00412595
1327804.671:00ec:00f0:Call KERNEL32.GetPrivateProfileStringA(004c1fd8 "Cdchange",004c1fcc "Quitgame",004c1fc0 "Quit game ?",0022eff4,000003ff,0022eef0 "Y:\\Documents\\omk\\fr\\IAM\\cdchange.txt") ret=00412424
1327804.672:00ec:00f0:Ret  KERNEL32.GetPrivateProfileStringA() retval=00000010 ret=00412424
1327804.672:00ec:00f0:Call KERNEL32.GetPrivateProfileStringA(004c1fec "Cdchange",004c1fe8 "Yes",004c1fe4 "Yes",0022eff4,000003ff,0022eef0 "Y:\\Documents\\omk\\fr\\IAM\\cdchange.txt") ret=004124d4
1327804.672:00ec:00f0:Ret  KERNEL32.GetPrivateProfileStringA() retval=00000003 ret=004124d4
1327804.672:00ec:00f0:Call KERNEL32.GetPrivateProfileStringA(004c2000 "Cdchange",004c1ffc "No",004c1ff8 "No",0022eff4,000003ff,0022eef0 "Y:\\Documents\\omk\\fr\\IAM\\cdchange.txt") ret=00412595
1327804.672:00ec:00f0:Ret  KERNEL32.GetPrivateProfileStringA() retval=00000003 ret=00412595
1327804.675:00ec:00f0:Call KERNEL32.GetPrivateProfileStringA(004c1fd8 "Cdchange",004c1fcc "Quitgame",004c1fc0 "Quit game ?",0022eff4,000003ff,0022eef0 "Y:\\Documents\\omk\\fr\\IAM\\cdchange.txt") ret=00412424
1327804.675:00ec:00f0:Ret  KERNEL32.GetPrivateProfileStringA() retval=00000010 ret=00412424
1327804.675:00ec:00f0:Call KERNEL32.GetPrivateProfileStringA(004c1fec "Cdchange",004c1fe8 "Yes",004c1fe4 "Yes",0022eff4,000003ff,0022eef0 "Y:\\Documents\\omk\\fr\\IAM\\cdchange.txt") ret=004124d4
1327804.675:00ec:00f0:Ret  KERNEL32.GetPrivateProfileStringA() retval=00000003 ret=004124d4
1327804.675:00ec:00f0:Call KERNEL32.GetPrivateProfileStringA(004c2000 "Cdchange",004c1ffc "No",004c1ff8 "No",0022eff4,000003ff,0022eef0 "Y:\\Documents\\omk\\fr\\IAM\\cdchange.txt") ret=00412595
1327804.675:00ec:00f0:Ret  KERNEL32.GetPrivateProfileStringA() retval=00000003 ret=00412595
1327804.688:00ec:00f0:Call KERNEL32.GetPrivateProfileStringA(004c1fd8 "Cdchange",004c1fcc "Quitgame",004c1fc0 "Quit game ?",0022eff4,000003ff,0022eef0 "Y:\\Documents\\omk\\fr\\IAM\\cdchange.txt") ret=00412424
1327804.689:00ec:00f0:Ret  KERNEL32.GetPrivateProfileStringA() retval=00000010 ret=00412424
1327804.689:00ec:00f0:Call KERNEL32.GetPrivateProfileStringA(004c1fec "Cdchange",004c1fe8 "Yes",004c1fe4 "Yes",0022eff4,000003ff,0022eef0 "Y:\\Documents\\omk\\fr\\IAM\\cdchange.txt") ret=004124d4
1327804.689:00ec:00f0:Ret  KERNEL32.GetPrivateProfileStringA() retval=00000003 ret=004124d4
1327804.689:00ec:00f0:Call KERNEL32.GetPrivateProfileStringA(004c2000 "Cdchange",004c1ffc "No",004c1ff8 "No",0022eff4,000003ff,0022eef0 "Y:\\Documents\\omk\\fr\\IAM\\cdchange.txt") ret=00412595
1327804.689:00ec:00f0:Ret  KERNEL32.GetPrivateProfileStringA() retval=00000003 ret=00412595
1327804.697:00ec:00f0:Call KERNEL32.GetPrivateProfileStringA(004c1fd8 "Cdchange",004c1fcc "Quitgame",004c1fc0 "Quit game ?",0022eff4,000003ff,0022eef0 "Y:\\Documents\\omk\\fr\\IAM\\cdchange.txt") ret=00412424
1327804.697:00ec:00f0:Ret  KERNEL32.GetPrivateProfileStringA() retval=00000010 ret=00412424
1327804.697:00ec:00f0:Call KERNEL32.GetPrivateProfileStringA(004c1fec "Cdchange",004c1fe8 "Yes",004c1fe4 "Yes",0022eff4,000003ff,0022eef0 "Y:\\Documents\\omk\\fr\\IAM\\cdchange.txt") ret=004124d4
1327804.698:00ec:00f0:Ret  KERNEL32.GetPrivateProfileStringA() retval=00000003 ret=004124d4
1327804.698:00ec:00f0:Call KERNEL32.GetPrivateProfileStringA(004c2000 "Cdchange",004c1ffc "No",004c1ff8 "No",0022eff4,000003ff,0022eef0 "Y:\\Documents\\omk\\fr\\IAM\\cdchange.txt") ret=00412595
1327804.698:00ec:00f0:Ret  KERNEL32.GetPrivateProfileStringA() retval=00000003 ret=00412595
1327804.703:00ec:00f0:Call KERNEL32.GetPrivateProfileStringA(004c1fd8 "Cdchange",004c1fcc "Quitgame",004c1fc0 "Quit game ?",0022eff4,000003ff,0022eef0 "Y:\\Documents\\omk\\fr\\IAM\\cdchange.txt") ret=00412424
1327804.703:00ec:00f0:Ret  KERNEL32.GetPrivateProfileStringA() retval=00000010 ret=00412424
1327804.703:00ec:00f0:Call KERNEL32.GetPrivateProfileStringA(004c1fec "Cdchange",004c1fe8 "Yes",004c1fe4 "Yes",0022eff4,000003ff,0022eef0 "Y:\\Documents\\omk\\fr\\IAM\\cdchange.txt") ret=004124d4
1327804.703:00ec:00f0:Ret  KERNEL32.GetPrivateProfileStringA() retval=00000003 ret=004124d4
1327804.703:00ec:00f0:Call KERNEL32.GetPrivateProfileStringA(004c2000 "Cdchange",004c1ffc "No",004c1ff8 "No",0022eff4,000003ff,0022eef0 "Y:\\Documents\\omk\\fr\\IAM\\cdchange.txt") ret=00412595
1327804.703:00ec:00f0:Ret  KERNEL32.GetPrivateProfileStringA() retval=00000003 ret=00412595
1327804.713:00ec:00f0:Call KERNEL32.GetPrivateProfileStringA(004c1fd8 "Cdchange",004c1fcc "Quitgame",004c1fc0 "Quit game ?",0022eff4,000003ff,0022eef0 "Y:\\Documents\\omk\\fr\\IAM\\cdchange.txt") ret=00412424
1327804.714:00ec:00f0:Ret  KERNEL32.GetPrivateProfileStringA() retval=00000010 ret=00412424
1327804.714:00ec:00f0:Call KERNEL32.GetPrivateProfileStringA(004c1fec "Cdchange",004c1fe8 "Yes",004c1fe4 "Yes",0022eff4,000003ff,0022eef0 "Y:\\Documents\\omk\\fr\\IAM\\cdchange.txt") ret=004124d4
1327804.714:00ec:00f0:Ret  KERNEL32.GetPrivateProfileStringA() retval=00000003 ret=004124d4
1327804.714:00ec:00f0:Call KERNEL32.GetPrivateProfileStringA(004c2000 "Cdchange",004c1ffc "No",004c1ff8 "No",0022eff4,000003ff,0022eef0 "Y:\\Documents\\omk\\fr\\IAM\\cdchange.txt") ret=00412595
1327804.714:00ec:00f0:Ret  KERNEL32.GetPrivateProfileStringA() retval=00000003 ret=00412595
1327804.722:00ec:00f0:Call KERNEL32.GetPrivateProfileStringA(004c1fd8 "Cdchange",004c1fcc "Quitgame",004c1fc0 "Quit game ?",0022eff4,000003ff,0022eef0 "Y:\\Documents\\omk\\fr\\IAM\\cdchange.txt") ret=00412424
1327804.723:00ec:00f0:Ret  KERNEL32.GetPrivateProfileStringA() retval=00000010 ret=00412424
1327804.723:00ec:00f0:Call KERNEL32.GetPrivateProfileStringA(004c1fec "Cdchange",004c1fe8 "Yes",004c1fe4 "Yes",0022eff4,000003ff,0022eef0 "Y:\\Documents\\omk\\fr\\IAM\\cdchange.txt") ret=004124d4
1327804.723:00ec:00f0:Ret  KERNEL32.GetPrivateProfileStringA() retval=00000003 ret=004124d4
1327804.723:00ec:00f0:Call KERNEL32.GetPrivateProfileStringA(004c2000 "Cdchange",004c1ffc "No",004c1ff8 "No",0022eff4,000003ff,0022eef0 "Y:\\Documents\\omk\\fr\\IAM\\cdchange.txt") ret=00412595
1327804.723:00ec:00f0:Ret  KERNEL32.GetPrivateProfileStringA() retval=00000003 ret=00412595
1327804.738:00ec:00f0:Call KERNEL32.GetPrivateProfileStringA(004c1fd8 "Cdchange",004c1fcc "Quitgame",004c1fc0 "Quit game ?",0022eff4,000003ff,0022eef0 "Y:\\Documents\\omk\\fr\\IAM\\cdchange.txt") ret=00412424
1327804.739:00ec:00f0:Ret  KERNEL32.GetPrivateProfileStringA() retval=00000010 ret=00412424
1327804.739:00ec:00f0:Call KERNEL32.GetPrivateProfileStringA(004c1fec "Cdchange",004c1fe8 "Yes",004c1fe4 "Yes",0022eff4,000003ff,0022eef0 "Y:\\Documents\\omk\\fr\\IAM\\cdchange.txt") ret=004124d4
1327804.739:00ec:00f0:Ret  KERNEL32.GetPrivateProfileStringA() retval=00000003 ret=004124d4
1327804.739:00ec:00f0:Call KERNEL32.GetPrivateProfileStringA(004c2000 "Cdchange",004c1ffc "No",004c1ff8 "No",0022eff4,000003ff,0022eef0 "Y:\\Documents\\omk\\fr\\IAM\\cdchange.txt") ret=00412595
1327804.739:00ec:00f0:Ret  KERNEL32.GetPrivateProfileStringA() retval=00000003 ret=00412595
1327804.749:00ec:00f0:Call KERNEL32.GetPrivateProfileStringA(004c1fd8 "Cdchange",004c1fcc "Quitgame",004c1fc0 "Quit game ?",0022eff4,000003ff,0022eef0 "Y:\\Documents\\omk\\fr\\IAM\\cdchange.txt") ret=00412424
1327804.750:00ec:00f0:Ret  KERNEL32.GetPrivateProfileStringA() retval=00000010 ret=00412424
1327804.750:00ec:00f0:Call KERNEL32.GetPrivateProfileStringA(004c1fec "Cdchange",004c1fe8 "Yes",004c1fe4 "Yes",0022eff4,000003ff,0022eef0 "Y:\\Documents\\omk\\fr\\IAM\\cdchange.txt") ret=004124d4
1327804.750:00ec:00f0:Ret  KERNEL32.GetPrivateProfileStringA() retval=00000003 ret=004124d4
1327804.750:00ec:00f0:Call KERNEL32.GetPrivateProfileStringA(004c2000 "Cdchange",004c1ffc "No",004c1ff8 "No",0022eff4,000003ff,0022eef0 "Y:\\Documents\\omk\\fr\\IAM\\cdchange.txt") ret=00412595
1327804.750:00ec:00f0:Ret  KERNEL32.GetPrivateProfileStringA() retval=00000003 ret=00412595
1327804.763:00ec:00f0:Call KERNEL32.GetPrivateProfileStringA(004c1fd8 "Cdchange",004c1fcc "Quitgame",004c1fc0 "Quit game ?",0022eff4,000003ff,0022eef0 "Y:\\Documents\\omk\\fr\\IAM\\cdchange.txt") ret=00412424
1327804.764:00ec:00f0:Ret  KERNEL32.GetPrivateProfileStringA() retval=00000010 ret=00412424
1327804.764:00ec:00f0:Call KERNEL32.GetPrivateProfileStringA(004c1fec "Cdchange",004c1fe8 "Yes",004c1fe4 "Yes",0022eff4,000003ff,0022eef0 "Y:\\Documents\\omk\\fr\\IAM\\cdchange.txt") ret=004124d4
1327804.764:00ec:00f0:Ret  KERNEL32.GetPrivateProfileStringA() retval=00000003 ret=004124d4
1327804.764:00ec:00f0:Call KERNEL32.GetPrivateProfileStringA(004c2000 "Cdchange",004c1ffc "No",004c1ff8 "No",0022eff4,000003ff,0022eef0 "Y:\\Documents\\omk\\fr\\IAM\\cdchange.txt") ret=00412595
1327804.764:00ec:00f0:Ret  KERNEL32.GetPrivateProfileStringA() retval=00000003 ret=00412595
1327804.772:00ec:00f0:Call KERNEL32.GetPrivateProfileStringA(004c1fd8 "Cdchange",004c1fcc "Quitgame",004c1fc0 "Quit game ?",0022eff4,000003ff,0022eef0 "Y:\\Documents\\omk\\fr\\IAM\\cdchange.txt") ret=00412424
1327804.772:00ec:00f0:Ret  KERNEL32.GetPrivateProfileStringA() retval=00000010 ret=00412424
1327804.772:00ec:00f0:Call KERNEL32.GetPrivateProfileStringA(004c1fec "Cdchange",004c1fe8 "Yes",004c1fe4 "Yes",0022eff4,000003ff,0022eef0 "Y:\\Documents\\omk\\fr\\IAM\\cdchange.txt") ret=004124d4
1327804.772:00ec:00f0:Ret  KERNEL32.GetPrivateProfileStringA() retval=00000003 ret=004124d4
1327804.772:00ec:00f0:Call KERNEL32.GetPrivateProfileStringA(004c2000 "Cdchange",004c1ffc "No",004c1ff8 "No",0022eff4,000003ff,0022eef0 "Y:\\Documents\\omk\\fr\\IAM\\cdchange.txt") ret=00412595
1327804.772:00ec:00f0:Ret  KERNEL32.GetPrivateProfileStringA() retval=00000003 ret=00412595
1327804.776:00ec:00f0:Call KERNEL32.GetPrivateProfileStringA(004c1fd8 "Cdchange",004c1fcc "Quitgame",004c1fc0 "Quit game ?",0022eff4,000003ff,0022eef0 "Y:\\Documents\\omk\\fr\\IAM\\cdchange.txt") ret=00412424
1327804.777:00ec:00f0:Ret  KERNEL32.GetPrivateProfileStringA() retval=00000010 ret=00412424
1327804.777:00ec:00f0:Call KERNEL32.GetPrivateProfileStringA(004c1fec "Cdchange",004c1fe8 "Yes",004c1fe4 "Yes",0022eff4,000003ff,0022eef0 "Y:\\Documents\\omk\\fr\\IAM\\cdchange.txt") ret=004124d4
1327804.777:00ec:00f0:Ret  KERNEL32.GetPrivateProfileStringA() retval=00000003 ret=004124d4
1327804.777:00ec:00f0:Call KERNEL32.GetPrivateProfileStringA(004c2000 "Cdchange",004c1ffc "No",004c1ff8 "No",0022eff4,000003ff,0022eef0 "Y:\\Documents\\omk\\fr\\IAM\\cdchange.txt") ret=00412595
1327804.777:00ec:00f0:Ret  KERNEL32.GetPrivateProfileStringA() retval=00000003 ret=00412595
1327804.789:00ec:00f0:Call KERNEL32.GetPrivateProfileStringA(004c1fd8 "Cdchange",004c1fcc "Quitgame",004c1fc0 "Quit game ?",0022eff4,000003ff,0022eef0 "Y:\\Documents\\omk\\fr\\IAM\\cdchange.txt") ret=00412424
1327804.790:00ec:00f0:Ret  KERNEL32.GetPrivateProfileStringA() retval=00000010 ret=00412424
1327804.790:00ec:00f0:Call KERNEL32.GetPrivateProfileStringA(004c1fec "Cdchange",004c1fe8 "Yes",004c1fe4 "Yes",0022eff4,000003ff,0022eef0 "Y:\\Documents\\omk\\fr\\IAM\\cdchange.txt") ret=004124d4
1327804.790:00ec:00f0:Ret  KERNEL32.GetPrivateProfileStringA() retval=00000003 ret=004124d4
1327804.790:00ec:00f0:Call KERNEL32.GetPrivateProfileStringA(004c2000 "Cdchange",004c1ffc "No",004c1ff8 "No",0022eff4,000003ff,0022eef0 "Y:\\Documents\\omk\\fr\\IAM\\cdchange.txt") ret=00412595
1327804.790:00ec:00f0:Ret  KERNEL32.GetPrivateProfileStringA() retval=00000003 ret=00412595
1327804.797:00ec:00f0:Call KERNEL32.GetPrivateProfileStringA(004c1fd8 "Cdchange",004c1fcc "Quitgame",004c1fc0 "Quit game ?",0022eff4,000003ff,0022eef0 "Y:\\Documents\\omk\\fr\\IAM\\cdchange.txt") ret=00412424
1327804.797:00ec:00f0:Ret  KERNEL32.GetPrivateProfileStringA() retval=00000010 ret=00412424
1327804.797:00ec:00f0:Call KERNEL32.GetPrivateProfileStringA(004c1fec "Cdchange",004c1fe8 "Yes",004c1fe4 "Yes",0022eff4,000003ff,0022eef0 "Y:\\Documents\\omk\\fr\\IAM\\cdchange.txt") ret=004124d4
1327804.798:00ec:00f0:Ret  KERNEL32.GetPrivateProfileStringA() retval=00000003 ret=004124d4
1327804.798:00ec:00f0:Call KERNEL32.GetPrivateProfileStringA(004c2000 "Cdchange",004c1ffc "No",004c1ff8 "No",0022eff4,000003ff,0022eef0 "Y:\\Documents\\omk\\fr\\IAM\\cdchange.txt") ret=00412595
1327804.798:00ec:00f0:Ret  KERNEL32.GetPrivateProfileStringA() retval=00000003 ret=00412595
1327804.802:00ec:00f0:Call KERNEL32.GetPrivateProfileStringA(004c1fd8 "Cdchange",004c1fcc "Quitgame",004c1fc0 "Quit game ?",0022eff4,000003ff,0022eef0 "Y:\\Documents\\omk\\fr\\IAM\\cdchange.txt") ret=00412424
1327804.803:00ec:00f0:Ret  KERNEL32.GetPrivateProfileStringA() retval=00000010 ret=00412424
1327804.803:00ec:00f0:Call KERNEL32.GetPrivateProfileStringA(004c1fec "Cdchange",004c1fe8 "Yes",004c1fe4 "Yes",0022eff4,000003ff,0022eef0 "Y:\\Documents\\omk\\fr\\IAM\\cdchange.txt") ret=004124d4
1327804.803:00ec:00f0:Ret  KERNEL32.GetPrivateProfileStringA() retval=00000003 ret=004124d4
1327804.803:00ec:00f0:Call KERNEL32.GetPrivateProfileStringA(004c2000 "Cdchange",004c1ffc "No",004c1ff8 "No",0022eff4,000003ff,0022eef0 "Y:\\Documents\\omk\\fr\\IAM\\cdchange.txt") ret=00412595
1327804.803:00ec:00f0:Ret  KERNEL32.GetPrivateProfileStringA() retval=00000003 ret=00412595
1327804.817:00ec:00f0:Call KERNEL32.GetPrivateProfileStringA(004c1fd8 "Cdchange",004c1fcc "Quitgame",004c1fc0 "Quit game ?",0022eff4,000003ff,0022eef0 "Y:\\Documents\\omk\\fr\\IAM\\cdchange.txt") ret=00412424
1327804.817:00ec:00f0:Ret  KERNEL32.GetPrivateProfileStringA() retval=00000010 ret=00412424
1327804.817:00ec:00f0:Call KERNEL32.GetPrivateProfileStringA(004c1fec "Cdchange",004c1fe8 "Yes",004c1fe4 "Yes",0022eff4,000003ff,0022eef0 "Y:\\Documents\\omk\\fr\\IAM\\cdchange.txt") ret=004124d4
1327804.818:00ec:00f0:Ret  KERNEL32.GetPrivateProfileStringA() retval=00000003 ret=004124d4
1327804.818:00ec:00f0:Call KERNEL32.GetPrivateProfileStringA(004c2000 "Cdchange",004c1ffc "No",004c1ff8 "No",0022eff4,000003ff,0022eef0 "Y:\\Documents\\omk\\fr\\IAM\\cdchange.txt") ret=00412595
1327804.818:00ec:00f0:Ret  KERNEL32.GetPrivateProfileStringA() retval=00000003 ret=00412595
1327804.821:00ec:00f0:Call KERNEL32.GetPrivateProfileStringA(004c1fd8 "Cdchange",004c1fcc "Quitgame",004c1fc0 "Quit game ?",0022eff4,000003ff,0022eef0 "Y:\\Documents\\omk\\fr\\IAM\\cdchange.txt") ret=00412424
1327804.821:00ec:00f0:Ret  KERNEL32.GetPrivateProfileStringA() retval=00000010 ret=00412424
1327804.821:00ec:00f0:Call KERNEL32.GetPrivateProfileStringA(004c1fec "Cdchange",004c1fe8 "Yes",004c1fe4 "Yes",0022eff4,000003ff,0022eef0 "Y:\\Documents\\omk\\fr\\IAM\\cdchange.txt") ret=004124d4
1327804.822:00ec:00f0:Ret  KERNEL32.GetPrivateProfileStringA() retval=00000003 ret=004124d4
1327804.822:00ec:00f0:Call KERNEL32.GetPrivateProfileStringA(004c2000 "Cdchange",004c1ffc "No",004c1ff8 "No",0022eff4,000003ff,0022eef0 "Y:\\Documents\\omk\\fr\\IAM\\cdchange.txt") ret=00412595
1327804.822:00ec:00f0:Ret  KERNEL32.GetPrivateProfileStringA() retval=00000003 ret=00412595
1327804.829:00ec:00f0:Call KERNEL32.GetPrivateProfileStringA(004c1fd8 "Cdchange",004c1fcc "Quitgame",004c1fc0 "Quit game ?",0022eff4,000003ff,0022eef0 "Y:\\Documents\\omk\\fr\\IAM\\cdchange.txt") ret=00412424
1327804.829:00ec:00f0:Ret  KERNEL32.GetPrivateProfileStringA() retval=00000010 ret=00412424
1327804.829:00ec:00f0:Call KERNEL32.GetPrivateProfileStringA(004c1fec "Cdchange",004c1fe8 "Yes",004c1fe4 "Yes",0022eff4,000003ff,0022eef0 "Y:\\Documents\\omk\\fr\\IAM\\cdchange.txt") ret=004124d4
1327804.829:00ec:00f0:Ret  KERNEL32.GetPrivateProfileStringA() retval=00000003 ret=004124d4
1327804.829:00ec:00f0:Call KERNEL32.GetPrivateProfileStringA(004c2000 "Cdchange",004c1ffc "No",004c1ff8 "No",0022eff4,000003ff,0022eef0 "Y:\\Documents\\omk\\fr\\IAM\\cdchange.txt") ret=00412595
1327804.829:00ec:00f0:Ret  KERNEL32.GetPrivateProfileStringA() retval=00000003 ret=00412595
1327804.832:00ec:00f0:Call KERNEL32.GetPrivateProfileStringA(004c1fd8 "Cdchange",004c1fcc "Quitgame",004c1fc0 "Quit game ?",0022eff4,000003ff,0022eef0 "Y:\\Documents\\omk\\fr\\IAM\\cdchange.txt") ret=00412424
1327804.833:00ec:00f0:Ret  KERNEL32.GetPrivateProfileStringA() retval=00000010 ret=00412424
1327804.833:00ec:00f0:Call KERNEL32.GetPrivateProfileStringA(004c1fec "Cdchange",004c1fe8 "Yes",004c1fe4 "Yes",0022eff4,000003ff,0022eef0 "Y:\\Documents\\omk\\fr\\IAM\\cdchange.txt") ret=004124d4
1327804.833:00ec:00f0:Ret  KERNEL32.GetPrivateProfileStringA() retval=00000003 ret=004124d4
1327804.833:00ec:00f0:Call KERNEL32.GetPrivateProfileStringA(004c2000 "Cdchange",004c1ffc "No",004c1ff8 "No",0022eff4,000003ff,0022eef0 "Y:\\Documents\\omk\\fr\\IAM\\cdchange.txt") ret=00412595
1327804.833:00ec:00f0:Ret  KERNEL32.GetPrivateProfileStringA() retval=00000003 ret=00412595
1327804.847:00ec:00f0:Call KERNEL32.GetPrivateProfileStringA(004c1fd8 "Cdchange",004c1fcc "Quitgame",004c1fc0 "Quit game ?",0022eff4,000003ff,0022eef0 "Y:\\Documents\\omk\\fr\\IAM\\cdchange.txt") ret=00412424
1327804.847:00ec:00f0:Ret  KERNEL32.GetPrivateProfileStringA() retval=00000010 ret=00412424
1327804.847:00ec:00f0:Call KERNEL32.GetPrivateProfileStringA(004c1fec "Cdchange",004c1fe8 "Yes",004c1fe4 "Yes",0022eff4,000003ff,0022eef0 "Y:\\Documents\\omk\\fr\\IAM\\cdchange.txt") ret=004124d4
1327804.847:00ec:00f0:Ret  KERNEL32.GetPrivateProfileStringA() retval=00000003 ret=004124d4
1327804.847:00ec:00f0:Call KERNEL32.GetPrivateProfileStringA(004c2000 "Cdchange",004c1ffc "No",004c1ff8 "No",0022eff4,000003ff,0022eef0 "Y:\\Documents\\omk\\fr\\IAM\\cdchange.txt") ret=00412595
1327804.847:00ec:00f0:Ret  KERNEL32.GetPrivateProfileStringA() retval=00000003 ret=00412595
1327804.856:00ec:00f0:Call KERNEL32.GetPrivateProfileStringA(004c1fd8 "Cdchange",004c1fcc "Quitgame",004c1fc0 "Quit game ?",0022eff4,000003ff,0022eef0 "Y:\\Documents\\omk\\fr\\IAM\\cdchange.txt") ret=00412424
1327804.856:00ec:00f0:Ret  KERNEL32.GetPrivateProfileStringA() retval=00000010 ret=00412424
1327804.856:00ec:00f0:Call KERNEL32.GetPrivateProfileStringA(004c1fec "Cdchange",004c1fe8 "Yes",004c1fe4 "Yes",0022eff4,000003ff,0022eef0 "Y:\\Documents\\omk\\fr\\IAM\\cdchange.txt") ret=004124d4
1327804.856:00ec:00f0:Ret  KERNEL32.GetPrivateProfileStringA() retval=00000003 ret=004124d4
1327804.856:00ec:00f0:Call KERNEL32.GetPrivateProfileStringA(004c2000 "Cdchange",004c1ffc "No",004c1ff8 "No",0022eff4,000003ff,0022eef0 "Y:\\Documents\\omk\\fr\\IAM\\cdchange.txt") ret=00412595
1327804.856:00ec:00f0:Ret  KERNEL32.GetPrivateProfileStringA() retval=00000003 ret=00412595
1327804.860:00ec:00f0:Call KERNEL32.GetPrivateProfileStringA(004c1fd8 "Cdchange",004c1fcc "Quitgame",004c1fc0 "Quit game ?",0022eff4,000003ff,0022eef0 "Y:\\Documents\\omk\\fr\\IAM\\cdchange.txt") ret=00412424
1327804.860:00ec:00f0:Ret  KERNEL32.GetPrivateProfileStringA() retval=00000010 ret=00412424
1327804.860:00ec:00f0:Call KERNEL32.GetPrivateProfileStringA(004c1fec "Cdchange",004c1fe8 "Yes",004c1fe4 "Yes",0022eff4,000003ff,0022eef0 "Y:\\Documents\\omk\\fr\\IAM\\cdchange.txt") ret=004124d4
1327804.861:00ec:00f0:Ret  KERNEL32.GetPrivateProfileStringA() retval=00000003 ret=004124d4
1327804.861:00ec:00f0:Call KERNEL32.GetPrivateProfileStringA(004c2000 "Cdchange",004c1ffc "No",004c1ff8 "No",0022eff4,000003ff,0022eef0 "Y:\\Documents\\omk\\fr\\IAM\\cdchange.txt") ret=00412595
1327804.861:00ec:00f0:Ret  KERNEL32.GetPrivateProfileStringA() retval=00000003 ret=00412595
1327804.871:00ec:00f0:Call KERNEL32.GetPrivateProfileStringA(004c1fd8 "Cdchange",004c1fcc "Quitgame",004c1fc0 "Quit game ?",0022eff4,000003ff,0022eef0 "Y:\\Documents\\omk\\fr\\IAM\\cdchange.txt") ret=00412424
1327804.872:00ec:00f0:Ret  KERNEL32.GetPrivateProfileStringA() retval=00000010 ret=00412424
1327804.872:00ec:00f0:Call KERNEL32.GetPrivateProfileStringA(004c1fec "Cdchange",004c1fe8 "Yes",004c1fe4 "Yes",0022eff4,000003ff,0022eef0 "Y:\\Documents\\omk\\fr\\IAM\\cdchange.txt") ret=004124d4
1327804.872:00ec:00f0:Ret  KERNEL32.GetPrivateProfileStringA() retval=00000003 ret=004124d4
1327804.872:00ec:00f0:Call KERNEL32.GetPrivateProfileStringA(004c2000 "Cdchange",004c1ffc "No",004c1ff8 "No",0022eff4,000003ff,0022eef0 "Y:\\Documents\\omk\\fr\\IAM\\cdchange.txt") ret=00412595
1327804.872:00ec:00f0:Ret  KERNEL32.GetPrivateProfileStringA() retval=00000003 ret=00412595
1327804.882:00ec:00f0:Call KERNEL32.GetPrivateProfileStringA(004c1fd8 "Cdchange",004c1fcc "Quitgame",004c1fc0 "Quit game ?",0022eff4,000003ff,0022eef0 "Y:\\Documents\\omk\\fr\\IAM\\cdchange.txt") ret=00412424
1327804.883:00ec:00f0:Ret  KERNEL32.GetPrivateProfileStringA() retval=00000010 ret=00412424
1327804.883:00ec:00f0:Call KERNEL32.GetPrivateProfileStringA(004c1fec "Cdchange",004c1fe8 "Yes",004c1fe4 "Yes",0022eff4,000003ff,0022eef0 "Y:\\Documents\\omk\\fr\\IAM\\cdchange.txt") ret=004124d4
1327804.883:00ec:00f0:Ret  KERNEL32.GetPrivateProfileStringA() retval=00000003 ret=004124d4
1327804.883:00ec:00f0:Call KERNEL32.GetPrivateProfileStringA(004c2000 "Cdchange",004c1ffc "No",004c1ff8 "No",0022eff4,000003ff,0022eef0 "Y:\\Documents\\omk\\fr\\IAM\\cdchange.txt") ret=00412595
1327804.884:00ec:00f0:Ret  KERNEL32.GetPrivateProfileStringA() retval=00000003 ret=00412595
1327804.897:00ec:00f0:Call KERNEL32.GetPrivateProfileStringA(004c1fd8 "Cdchange",004c1fcc "Quitgame",004c1fc0 "Quit game ?",0022eff4,000003ff,0022eef0 "Y:\\Documents\\omk\\fr\\IAM\\cdchange.txt") ret=00412424
1327804.898:00ec:00f0:Ret  KERNEL32.GetPrivateProfileStringA() retval=00000010 ret=00412424
1327804.898:00ec:00f0:Call KERNEL32.GetPrivateProfileStringA(004c1fec "Cdchange",004c1fe8 "Yes",004c1fe4 "Yes",0022eff4,000003ff,0022eef0 "Y:\\Documents\\omk\\fr\\IAM\\cdchange.txt") ret=004124d4
1327804.898:00ec:00f0:Ret  KERNEL32.GetPrivateProfileStringA() retval=00000003 ret=004124d4
1327804.898:00ec:00f0:Call KERNEL32.GetPrivateProfileStringA(004c2000 "Cdchange",004c1ffc "No",004c1ff8 "No",0022eff4,000003ff,0022eef0 "Y:\\Documents\\omk\\fr\\IAM\\cdchange.txt") ret=00412595
1327804.898:00ec:00f0:Ret  KERNEL32.GetPrivateProfileStringA() retval=00000003 ret=00412595
1327804.906:00ec:00f0:Call KERNEL32.GetPrivateProfileStringA(004c1fd8 "Cdchange",004c1fcc "Quitgame",004c1fc0 "Quit game ?",0022eff4,000003ff,0022eef0 "Y:\\Documents\\omk\\fr\\IAM\\cdchange.txt") ret=00412424
1327804.906:00ec:00f0:Ret  KERNEL32.GetPrivateProfileStringA() retval=00000010 ret=00412424
1327804.906:00ec:00f0:Call KERNEL32.GetPrivateProfileStringA(004c1fec "Cdchange",004c1fe8 "Yes",004c1fe4 "Yes",0022eff4,000003ff,0022eef0 "Y:\\Documents\\omk\\fr\\IAM\\cdchange.txt") ret=004124d4
1327804.907:00ec:00f0:Ret  KERNEL32.GetPrivateProfileStringA() retval=00000003 ret=004124d4
1327804.907:00ec:00f0:Call KERNEL32.GetPrivateProfileStringA(004c2000 "Cdchange",004c1ffc "No",004c1ff8 "No",0022eff4,000003ff,0022eef0 "Y:\\Documents\\omk\\fr\\IAM\\cdchange.txt") ret=00412595
1327804.907:00ec:00f0:Ret  KERNEL32.GetPrivateProfileStringA() retval=00000003 ret=00412595
1327804.911:00ec:00f0:Call KERNEL32.GetPrivateProfileStringA(004c1fd8 "Cdchange",004c1fcc "Quitgame",004c1fc0 "Quit game ?",0022eff4,000003ff,0022eef0 "Y:\\Documents\\omk\\fr\\IAM\\cdchange.txt") ret=00412424
1327804.911:00ec:00f0:Ret  KERNEL32.GetPrivateProfileStringA() retval=00000010 ret=00412424
1327804.911:00ec:00f0:Call KERNEL32.GetPrivateProfileStringA(004c1fec "Cdchange",004c1fe8 "Yes",004c1fe4 "Yes",0022eff4,000003ff,0022eef0 "Y:\\Documents\\omk\\fr\\IAM\\cdchange.txt") ret=004124d4
1327804.911:00ec:00f0:Ret  KERNEL32.GetPrivateProfileStringA() retval=00000003 ret=004124d4
1327804.911:00ec:00f0:Call KERNEL32.GetPrivateProfileStringA(004c2000 "Cdchange",004c1ffc "No",004c1ff8 "No",0022eff4,000003ff,0022eef0 "Y:\\Documents\\omk\\fr\\IAM\\cdchange.txt") ret=00412595
1327804.911:00ec:00f0:Ret  KERNEL32.GetPrivateProfileStringA() retval=00000003 ret=00412595
1327804.916:00ec:00f0:Call KERNEL32.GetPrivateProfileStringA(004c1fd8 "Cdchange",004c1fcc "Quitgame",004c1fc0 "Quit game ?",0022eff4,000003ff,0022eef0 "Y:\\Documents\\omk\\fr\\IAM\\cdchange.txt") ret=00412424
1327804.917:00ec:00f0:Ret  KERNEL32.GetPrivateProfileStringA() retval=00000010 ret=00412424
1327804.917:00ec:00f0:Call KERNEL32.GetPrivateProfileStringA(004c1fec "Cdchange",004c1fe8 "Yes",004c1fe4 "Yes",0022eff4,000003ff,0022eef0 "Y:\\Documents\\omk\\fr\\IAM\\cdchange.txt") ret=004124d4
1327804.917:00ec:00f0:Ret  KERNEL32.GetPrivateProfileStringA() retval=00000003 ret=004124d4
1327804.917:00ec:00f0:Call KERNEL32.GetPrivateProfileStringA(004c2000 "Cdchange",004c1ffc "No",004c1ff8 "No",0022eff4,000003ff,0022eef0 "Y:\\Documents\\omk\\fr\\IAM\\cdchange.txt") ret=00412595
1327804.917:00ec:00f0:Ret  KERNEL32.GetPrivateProfileStringA() retval=00000003 ret=00412595
1327804.930:00ec:00f0:Call KERNEL32.GetPrivateProfileStringA(004c1fd8 "Cdchange",004c1fcc "Quitgame",004c1fc0 "Quit game ?",0022eff4,000003ff,0022eef0 "Y:\\Documents\\omk\\fr\\IAM\\cdchange.txt") ret=00412424
1327804.930:00ec:00f0:Ret  KERNEL32.GetPrivateProfileStringA() retval=00000010 ret=00412424
1327804.930:00ec:00f0:Call KERNEL32.GetPrivateProfileStringA(004c1fec "Cdchange",004c1fe8 "Yes",004c1fe4 "Yes",0022eff4,000003ff,0022eef0 "Y:\\Documents\\omk\\fr\\IAM\\cdchange.txt") ret=004124d4
1327804.931:00ec:00f0:Ret  KERNEL32.GetPrivateProfileStringA() retval=00000003 ret=004124d4
1327804.931:00ec:00f0:Call KERNEL32.GetPrivateProfileStringA(004c2000 "Cdchange",004c1ffc "No",004c1ff8 "No",0022eff4,000003ff,0022eef0 "Y:\\Documents\\omk\\fr\\IAM\\cdchange.txt") ret=00412595
1327804.931:00ec:00f0:Ret  KERNEL32.GetPrivateProfileStringA() retval=00000003 ret=00412595
1327804.939:00ec:00f0:Call KERNEL32.GetPrivateProfileStringA(004c1fd8 "Cdchange",004c1fcc "Quitgame",004c1fc0 "Quit game ?",0022eff4,000003ff,0022eef0 "Y:\\Documents\\omk\\fr\\IAM\\cdchange.txt") ret=00412424
1327804.939:00ec:00f0:Ret  KERNEL32.GetPrivateProfileStringA() retval=00000010 ret=00412424
1327804.939:00ec:00f0:Call KERNEL32.GetPrivateProfileStringA(004c1fec "Cdchange",004c1fe8 "Yes",004c1fe4 "Yes",0022eff4,000003ff,0022eef0 "Y:\\Documents\\omk\\fr\\IAM\\cdchange.txt") ret=004124d4
1327804.939:00ec:00f0:Ret  KERNEL32.GetPrivateProfileStringA() retval=00000003 ret=004124d4
1327804.939:00ec:00f0:Call KERNEL32.GetPrivateProfileStringA(004c2000 "Cdchange",004c1ffc "No",004c1ff8 "No",0022eff4,000003ff,0022eef0 "Y:\\Documents\\omk\\fr\\IAM\\cdchange.txt") ret=00412595
1327804.940:00ec:00f0:Ret  KERNEL32.GetPrivateProfileStringA() retval=00000003 ret=00412595
1327804.942:00ec:00f0:Call KERNEL32.GetPrivateProfileStringA(004c1fd8 "Cdchange",004c1fcc "Quitgame",004c1fc0 "Quit game ?",0022eff4,000003ff,0022eef0 "Y:\\Documents\\omk\\fr\\IAM\\cdchange.txt") ret=00412424
1327804.942:00ec:00f0:Ret  KERNEL32.GetPrivateProfileStringA() retval=00000010 ret=00412424
1327804.942:00ec:00f0:Call KERNEL32.GetPrivateProfileStringA(004c1fec "Cdchange",004c1fe8 "Yes",004c1fe4 "Yes",0022eff4,000003ff,0022eef0 "Y:\\Documents\\omk\\fr\\IAM\\cdchange.txt") ret=004124d4
1327804.942:00ec:00f0:Ret  KERNEL32.GetPrivateProfileStringA() retval=00000003 ret=004124d4
1327804.942:00ec:00f0:Call KERNEL32.GetPrivateProfileStringA(004c2000 "Cdchange",004c1ffc "No",004c1ff8 "No",0022eff4,000003ff,0022eef0 "Y:\\Documents\\omk\\fr\\IAM\\cdchange.txt") ret=00412595
1327804.942:00ec:00f0:Ret  KERNEL32.GetPrivateProfileStringA() retval=00000003 ret=00412595
1327804.955:00ec:00f0:Call KERNEL32.GetPrivateProfileStringA(004c1fd8 "Cdchange",004c1fcc "Quitgame",004c1fc0 "Quit game ?",0022eff4,000003ff,0022eef0 "Y:\\Documents\\omk\\fr\\IAM\\cdchange.txt") ret=00412424
1327804.956:00ec:00f0:Ret  KERNEL32.GetPrivateProfileStringA() retval=00000010 ret=00412424
1327804.956:00ec:00f0:Call KERNEL32.GetPrivateProfileStringA(004c1fec "Cdchange",004c1fe8 "Yes",004c1fe4 "Yes",0022eff4,000003ff,0022eef0 "Y:\\Documents\\omk\\fr\\IAM\\cdchange.txt") ret=004124d4
1327804.956:00ec:00f0:Ret  KERNEL32.GetPrivateProfileStringA() retval=00000003 ret=004124d4
1327804.956:00ec:00f0:Call KERNEL32.GetPrivateProfileStringA(004c2000 "Cdchange",004c1ffc "No",004c1ff8 "No",0022eff4,000003ff,0022eef0 "Y:\\Documents\\omk\\fr\\IAM\\cdchange.txt") ret=00412595
1327804.956:00ec:00f0:Ret  KERNEL32.GetPrivateProfileStringA() retval=00000003 ret=00412595
1327804.963:00ec:00f0:Call KERNEL32.GetPrivateProfileStringA(004c1fd8 "Cdchange",004c1fcc "Quitgame",004c1fc0 "Quit game ?",0022eff4,000003ff,0022eef0 "Y:\\Documents\\omk\\fr\\IAM\\cdchange.txt") ret=00412424
1327804.964:00ec:00f0:Ret  KERNEL32.GetPrivateProfileStringA() retval=00000010 ret=00412424
1327804.964:00ec:00f0:Call KERNEL32.GetPrivateProfileStringA(004c1fec "Cdchange",004c1fe8 "Yes",004c1fe4 "Yes",0022eff4,000003ff,0022eef0 "Y:\\Documents\\omk\\fr\\IAM\\cdchange.txt") ret=004124d4
1327804.964:00ec:00f0:Ret  KERNEL32.GetPrivateProfileStringA() retval=00000003 ret=004124d4
1327804.964:00ec:00f0:Call KERNEL32.GetPrivateProfileStringA(004c2000 "Cdchange",004c1ffc "No",004c1ff8 "No",0022eff4,000003ff,0022eef0 "Y:\\Documents\\omk\\fr\\IAM\\cdchange.txt") ret=00412595
1327804.964:00ec:00f0:Ret  KERNEL32.GetPrivateProfileStringA() retval=00000003 ret=00412595
1327804.967:00ec:00f0:Call KERNEL32.GetPrivateProfileStringA(004c1fd8 "Cdchange",004c1fcc "Quitgame",004c1fc0 "Quit game ?",0022eff4,000003ff,0022eef0 "Y:\\Documents\\omk\\fr\\IAM\\cdchange.txt") ret=00412424
1327804.967:00ec:00f0:Ret  KERNEL32.GetPrivateProfileStringA() retval=00000010 ret=00412424
1327804.967:00ec:00f0:Call KERNEL32.GetPrivateProfileStringA(004c1fec "Cdchange",004c1fe8 "Yes",004c1fe4 "Yes",0022eff4,000003ff,0022eef0 "Y:\\Documents\\omk\\fr\\IAM\\cdchange.txt") ret=004124d4
1327804.967:00ec:00f0:Ret  KERNEL32.GetPrivateProfileStringA() retval=00000003 ret=004124d4
1327804.967:00ec:00f0:Call KERNEL32.GetPrivateProfileStringA(004c2000 "Cdchange",004c1ffc "No",004c1ff8 "No",0022eff4,000003ff,0022eef0 "Y:\\Documents\\omk\\fr\\IAM\\cdchange.txt") ret=00412595
1327804.967:00ec:00f0:Ret  KERNEL32.GetPrivateProfileStringA() retval=00000003 ret=00412595
1327804.980:00ec:00f0:Call KERNEL32.GetPrivateProfileStringA(004c1fd8 "Cdchange",004c1fcc "Quitgame",004c1fc0 "Quit game ?",0022eff4,000003ff,0022eef0 "Y:\\Documents\\omk\\fr\\IAM\\cdchange.txt") ret=00412424
1327804.980:00ec:00f0:Ret  KERNEL32.GetPrivateProfileStringA() retval=00000010 ret=00412424
1327804.980:00ec:00f0:Call KERNEL32.GetPrivateProfileStringA(004c1fec "Cdchange",004c1fe8 "Yes",004c1fe4 "Yes",0022eff4,000003ff,0022eef0 "Y:\\Documents\\omk\\fr\\IAM\\cdchange.txt") ret=004124d4
1327804.980:00ec:00f0:Ret  KERNEL32.GetPrivateProfileStringA() retval=00000003 ret=004124d4
1327804.980:00ec:00f0:Call KERNEL32.GetPrivateProfileStringA(004c2000 "Cdchange",004c1ffc "No",004c1ff8 "No",0022eff4,000003ff,0022eef0 "Y:\\Documents\\omk\\fr\\IAM\\cdchange.txt") ret=00412595
1327804.981:00ec:00f0:Ret  KERNEL32.GetPrivateProfileStringA() retval=00000003 ret=00412595
1327804.989:00ec:00f0:Call KERNEL32.GetPrivateProfileStringA(004c1fd8 "Cdchange",004c1fcc "Quitgame",004c1fc0 "Quit game ?",0022eff4,000003ff,0022eef0 "Y:\\Documents\\omk\\fr\\IAM\\cdchange.txt") ret=00412424
1327804.989:00ec:00f0:Ret  KERNEL32.GetPrivateProfileStringA() retval=00000010 ret=00412424
1327804.989:00ec:00f0:Call KERNEL32.GetPrivateProfileStringA(004c1fec "Cdchange",004c1fe8 "Yes",004c1fe4 "Yes",0022eff4,000003ff,0022eef0 "Y:\\Documents\\omk\\fr\\IAM\\cdchange.txt") ret=004124d4
1327804.989:00ec:00f0:Ret  KERNEL32.GetPrivateProfileStringA() retval=00000003 ret=004124d4
1327804.989:00ec:00f0:Call KERNEL32.GetPrivateProfileStringA(004c2000 "Cdchange",004c1ffc "No",004c1ff8 "No",0022eff4,000003ff,0022eef0 "Y:\\Documents\\omk\\fr\\IAM\\cdchange.txt") ret=00412595
1327804.989:00ec:00f0:Ret  KERNEL32.GetPrivateProfileStringA() retval=00000003 ret=00412595
1327805.005:00ec:00f0:Call KERNEL32.GetPrivateProfileStringA(004c1fd8 "Cdchange",004c1fcc "Quitgame",004c1fc0 "Quit game ?",0022eff4,000003ff,0022eef0 "Y:\\Documents\\omk\\fr\\IAM\\cdchange.txt") ret=00412424
1327805.005:00ec:00f0:Ret  KERNEL32.GetPrivateProfileStringA() retval=00000010 ret=00412424
1327805.005:00ec:00f0:Call KERNEL32.GetPrivateProfileStringA(004c1fec "Cdchange",004c1fe8 "Yes",004c1fe4 "Yes",0022eff4,000003ff,0022eef0 "Y:\\Documents\\omk\\fr\\IAM\\cdchange.txt") ret=004124d4
1327805.005:00ec:00f0:Ret  KERNEL32.GetPrivateProfileStringA() retval=00000003 ret=004124d4
1327805.005:00ec:00f0:Call KERNEL32.GetPrivateProfileStringA(004c2000 "Cdchange",004c1ffc "No",004c1ff8 "No",0022eff4,000003ff,0022eef0 "Y:\\Documents\\omk\\fr\\IAM\\cdchange.txt") ret=00412595
1327805.006:00ec:00f0:Ret  KERNEL32.GetPrivateProfileStringA() retval=00000003 ret=00412595
1327805.015:00ec:00f0:Call KERNEL32.GetPrivateProfileStringA(004c1fd8 "Cdchange",004c1fcc "Quitgame",004c1fc0 "Quit game ?",0022eff4,000003ff,0022eef0 "Y:\\Documents\\omk\\fr\\IAM\\cdchange.txt") ret=00412424
1327805.016:00ec:00f0:Ret  KERNEL32.GetPrivateProfileStringA() retval=00000010 ret=00412424
1327805.016:00ec:00f0:Call KERNEL32.GetPrivateProfileStringA(004c1fec "Cdchange",004c1fe8 "Yes",004c1fe4 "Yes",0022eff4,000003ff,0022eef0 "Y:\\Documents\\omk\\fr\\IAM\\cdchange.txt") ret=004124d4
1327805.016:00ec:00f0:Ret  KERNEL32.GetPrivateProfileStringA() retval=00000003 ret=004124d4
1327805.016:00ec:00f0:Call KERNEL32.GetPrivateProfileStringA(004c2000 "Cdchange",004c1ffc "No",004c1ff8 "No",0022eff4,000003ff,0022eef0 "Y:\\Documents\\omk\\fr\\IAM\\cdchange.txt") ret=00412595
1327805.016:00ec:00f0:Ret  KERNEL32.GetPrivateProfileStringA() retval=00000003 ret=00412595
1327805.030:00ec:00f0:Call KERNEL32.GetPrivateProfileStringA(004c1fd8 "Cdchange",004c1fcc "Quitgame",004c1fc0 "Quit game ?",0022eff4,000003ff,0022eef0 "Y:\\Documents\\omk\\fr\\IAM\\cdchange.txt") ret=00412424
1327805.030:00ec:00f0:Ret  KERNEL32.GetPrivateProfileStringA() retval=00000010 ret=00412424
1327805.030:00ec:00f0:Call KERNEL32.GetPrivateProfileStringA(004c1fec "Cdchange",004c1fe8 "Yes",004c1fe4 "Yes",0022eff4,000003ff,0022eef0 "Y:\\Documents\\omk\\fr\\IAM\\cdchange.txt") ret=004124d4
1327805.031:00ec:00f0:Ret  KERNEL32.GetPrivateProfileStringA() retval=00000003 ret=004124d4
1327805.031:00ec:00f0:Call KERNEL32.GetPrivateProfileStringA(004c2000 "Cdchange",004c1ffc "No",004c1ff8 "No",0022eff4,000003ff,0022eef0 "Y:\\Documents\\omk\\fr\\IAM\\cdchange.txt") ret=00412595
1327805.031:00ec:00f0:Ret  KERNEL32.GetPrivateProfileStringA() retval=00000003 ret=00412595
1327805.038:00ec:00f0:Call KERNEL32.GetPrivateProfileStringA(004c1fd8 "Cdchange",004c1fcc "Quitgame",004c1fc0 "Quit game ?",0022eff4,000003ff,0022eef0 "Y:\\Documents\\omk\\fr\\IAM\\cdchange.txt") ret=00412424
1327805.039:00ec:00f0:Ret  KERNEL32.GetPrivateProfileStringA() retval=00000010 ret=00412424
1327805.039:00ec:00f0:Call KERNEL32.GetPrivateProfileStringA(004c1fec "Cdchange",004c1fe8 "Yes",004c1fe4 "Yes",0022eff4,000003ff,0022eef0 "Y:\\Documents\\omk\\fr\\IAM\\cdchange.txt") ret=004124d4
1327805.039:00ec:00f0:Ret  KERNEL32.GetPrivateProfileStringA() retval=00000003 ret=004124d4
1327805.039:00ec:00f0:Call KERNEL32.GetPrivateProfileStringA(004c2000 "Cdchange",004c1ffc "No",004c1ff8 "No",0022eff4,000003ff,0022eef0 "Y:\\Documents\\omk\\fr\\IAM\\cdchange.txt") ret=00412595
1327805.039:00ec:00f0:Ret  KERNEL32.GetPrivateProfileStringA() retval=00000003 ret=00412595
1327805.044:00ec:00f0:Call KERNEL32.GetPrivateProfileStringA(004c1fd8 "Cdchange",004c1fcc "Quitgame",004c1fc0 "Quit game ?",0022eff4,000003ff,0022eef0 "Y:\\Documents\\omk\\fr\\IAM\\cdchange.txt") ret=00412424
1327805.044:00ec:00f0:Ret  KERNEL32.GetPrivateProfileStringA() retval=00000010 ret=00412424
1327805.044:00ec:00f0:Call KERNEL32.GetPrivateProfileStringA(004c1fec "Cdchange",004c1fe8 "Yes",004c1fe4 "Yes",0022eff4,000003ff,0022eef0 "Y:\\Documents\\omk\\fr\\IAM\\cdchange.txt") ret=004124d4
1327805.044:00ec:00f0:Ret  KERNEL32.GetPrivateProfileStringA() retval=00000003 ret=004124d4
1327805.044:00ec:00f0:Call KERNEL32.GetPrivateProfileStringA(004c2000 "Cdchange",004c1ffc "No",004c1ff8 "No",0022eff4,000003ff,0022eef0 "Y:\\Documents\\omk\\fr\\IAM\\cdchange.txt") ret=00412595
1327805.044:00ec:00f0:Ret  KERNEL32.GetPrivateProfileStringA() retval=00000003 ret=00412595
1327805.055:00ec:00f0:Call KERNEL32.GetPrivateProfileStringA(004c1fd8 "Cdchange",004c1fcc "Quitgame",004c1fc0 "Quit game ?",0022eff4,000003ff,0022eef0 "Y:\\Documents\\omk\\fr\\IAM\\cdchange.txt") ret=00412424
1327805.055:00ec:00f0:Ret  KERNEL32.GetPrivateProfileStringA() retval=00000010 ret=00412424
1327805.055:00ec:00f0:Call KERNEL32.GetPrivateProfileStringA(004c1fec "Cdchange",004c1fe8 "Yes",004c1fe4 "Yes",0022eff4,000003ff,0022eef0 "Y:\\Documents\\omk\\fr\\IAM\\cdchange.txt") ret=004124d4
1327805.056:00ec:00f0:Ret  KERNEL32.GetPrivateProfileStringA() retval=00000003 ret=004124d4
1327805.056:00ec:00f0:Call KERNEL32.GetPrivateProfileStringA(004c2000 "Cdchange",004c1ffc "No",004c1ff8 "No",0022eff4,000003ff,0022eef0 "Y:\\Documents\\omk\\fr\\IAM\\cdchange.txt") ret=00412595
1327805.056:00ec:00f0:Ret  KERNEL32.GetPrivateProfileStringA() retval=00000003 ret=00412595
1327805.063:00ec:00f0:Call KERNEL32.GetPrivateProfileStringA(004c1fd8 "Cdchange",004c1fcc "Quitgame",004c1fc0 "Quit game ?",0022eff4,000003ff,0022eef0 "Y:\\Documents\\omk\\fr\\IAM\\cdchange.txt") ret=00412424
1327805.064:00ec:00f0:Ret  KERNEL32.GetPrivateProfileStringA() retval=00000010 ret=00412424
1327805.064:00ec:00f0:Call KERNEL32.GetPrivateProfileStringA(004c1fec "Cdchange",004c1fe8 "Yes",004c1fe4 "Yes",0022eff4,000003ff,0022eef0 "Y:\\Documents\\omk\\fr\\IAM\\cdchange.txt") ret=004124d4
1327805.064:00ec:00f0:Ret  KERNEL32.GetPrivateProfileStringA() retval=00000003 ret=004124d4
1327805.064:00ec:00f0:Call KERNEL32.GetPrivateProfileStringA(004c2000 "Cdchange",004c1ffc "No",004c1ff8 "No",0022eff4,000003ff,0022eef0 "Y:\\Documents\\omk\\fr\\IAM\\cdchange.txt") ret=00412595
1327805.064:00ec:00f0:Ret  KERNEL32.GetPrivateProfileStringA() retval=00000003 ret=00412595
1327805.069:00ec:00f0:Call KERNEL32.GetPrivateProfileStringA(004c1fd8 "Cdchange",004c1fcc "Quitgame",004c1fc0 "Quit game ?",0022eff4,000003ff,0022eef0 "Y:\\Documents\\omk\\fr\\IAM\\cdchange.txt") ret=00412424
1327805.069:00ec:00f0:Ret  KERNEL32.GetPrivateProfileStringA() retval=00000010 ret=00412424
1327805.069:00ec:00f0:Call KERNEL32.GetPrivateProfileStringA(004c1fec "Cdchange",004c1fe8 "Yes",004c1fe4 "Yes",0022eff4,000003ff,0022eef0 "Y:\\Documents\\omk\\fr\\IAM\\cdchange.txt") ret=004124d4
1327805.069:00ec:00f0:Ret  KERNEL32.GetPrivateProfileStringA() retval=00000003 ret=004124d4
1327805.069:00ec:00f0:Call KERNEL32.GetPrivateProfileStringA(004c2000 "Cdchange",004c1ffc "No",004c1ff8 "No",0022eff4,000003ff,0022eef0 "Y:\\Documents\\omk\\fr\\IAM\\cdchange.txt") ret=00412595
1327805.069:00ec:00f0:Ret  KERNEL32.GetPrivateProfileStringA() retval=00000003 ret=00412595
1327805.082:00ec:00f0:Call KERNEL32.GetPrivateProfileStringA(004c1fd8 "Cdchange",004c1fcc "Quitgame",004c1fc0 "Quit game ?",0022eff4,000003ff,0022eef0 "Y:\\Documents\\omk\\fr\\IAM\\cdchange.txt") ret=00412424
1327805.082:00ec:00f0:Ret  KERNEL32.GetPrivateProfileStringA() retval=00000010 ret=00412424
1327805.082:00ec:00f0:Call KERNEL32.GetPrivateProfileStringA(004c1fec "Cdchange",004c1fe8 "Yes",004c1fe4 "Yes",0022eff4,000003ff,0022eef0 "Y:\\Documents\\omk\\fr\\IAM\\cdchange.txt") ret=004124d4
1327805.082:00ec:00f0:Ret  KERNEL32.GetPrivateProfileStringA() retval=00000003 ret=004124d4
1327805.082:00ec:00f0:Call KERNEL32.GetPrivateProfileStringA(004c2000 "Cdchange",004c1ffc "No",004c1ff8 "No",0022eff4,000003ff,0022eef0 "Y:\\Documents\\omk\\fr\\IAM\\cdchange.txt") ret=00412595
1327805.083:00ec:00f0:Ret  KERNEL32.GetPrivateProfileStringA() retval=00000003 ret=00412595
1327805.088:00ec:00f0:Call KERNEL32.GetPrivateProfileStringA(004c1fd8 "Cdchange",004c1fcc "Quitgame",004c1fc0 "Quit game ?",0022eff4,000003ff,0022eef0 "Y:\\Documents\\omk\\fr\\IAM\\cdchange.txt") ret=00412424
1327805.089:00ec:00f0:Ret  KERNEL32.GetPrivateProfileStringA() retval=00000010 ret=00412424
1327805.089:00ec:00f0:Call KERNEL32.GetPrivateProfileStringA(004c1fec "Cdchange",004c1fe8 "Yes",004c1fe4 "Yes",0022eff4,000003ff,0022eef0 "Y:\\Documents\\omk\\fr\\IAM\\cdchange.txt") ret=004124d4
1327805.089:00ec:00f0:Ret  KERNEL32.GetPrivateProfileStringA() retval=00000003 ret=004124d4
1327805.089:00ec:00f0:Call KERNEL32.GetPrivateProfileStringA(004c2000 "Cdchange",004c1ffc "No",004c1ff8 "No",0022eff4,000003ff,0022eef0 "Y:\\Documents\\omk\\fr\\IAM\\cdchange.txt") ret=00412595
1327805.089:00ec:00f0:Ret  KERNEL32.GetPrivateProfileStringA() retval=00000003 ret=00412595
1327805.092:00ec:00f0:Call KERNEL32.GetPrivateProfileStringA(004c1fd8 "Cdchange",004c1fcc "Quitgame",004c1fc0 "Quit game ?",0022eff4,000003ff,0022eef0 "Y:\\Documents\\omk\\fr\\IAM\\cdchange.txt") ret=00412424
1327805.092:00ec:00f0:Ret  KERNEL32.GetPrivateProfileStringA() retval=00000010 ret=00412424
1327805.092:00ec:00f0:Call KERNEL32.GetPrivateProfileStringA(004c1fec "Cdchange",004c1fe8 "Yes",004c1fe4 "Yes",0022eff4,000003ff,0022eef0 "Y:\\Documents\\omk\\fr\\IAM\\cdchange.txt") ret=004124d4
1327805.092:00ec:00f0:Ret  KERNEL32.GetPrivateProfileStringA() retval=00000003 ret=004124d4
1327805.092:00ec:00f0:Call KERNEL32.GetPrivateProfileStringA(004c2000 "Cdchange",004c1ffc "No",004c1ff8 "No",0022eff4,000003ff,0022eef0 "Y:\\Documents\\omk\\fr\\IAM\\cdchange.txt") ret=00412595
1327805.092:00ec:00f0:Ret  KERNEL32.GetPrivateProfileStringA() retval=00000003 ret=00412595
1327805.105:00ec:00f0:Call KERNEL32.GetPrivateProfileStringA(004c1fd8 "Cdchange",004c1fcc "Quitgame",004c1fc0 "Quit game ?",0022eff4,000003ff,0022eef0 "Y:\\Documents\\omk\\fr\\IAM\\cdchange.txt") ret=00412424
1327805.105:00ec:00f0:Ret  KERNEL32.GetPrivateProfileStringA() retval=00000010 ret=00412424
1327805.105:00ec:00f0:Call KERNEL32.GetPrivateProfileStringA(004c1fec "Cdchange",004c1fe8 "Yes",004c1fe4 "Yes",0022eff4,000003ff,0022eef0 "Y:\\Documents\\omk\\fr\\IAM\\cdchange.txt") ret=004124d4
1327805.105:00ec:00f0:Ret  KERNEL32.GetPrivateProfileStringA() retval=00000003 ret=004124d4
1327805.105:00ec:00f0:Call KERNEL32.GetPrivateProfileStringA(004c2000 "Cdchange",004c1ffc "No",004c1ff8 "No",0022eff4,000003ff,0022eef0 "Y:\\Documents\\omk\\fr\\IAM\\cdchange.txt") ret=00412595
1327805.105:00ec:00f0:Ret  KERNEL32.GetPrivateProfileStringA() retval=00000003 ret=00412595
1327805.113:00ec:00f0:Call KERNEL32.GetPrivateProfileStringA(004c1fd8 "Cdchange",004c1fcc "Quitgame",004c1fc0 "Quit game ?",0022eff4,000003ff,0022eef0 "Y:\\Documents\\omk\\fr\\IAM\\cdchange.txt") ret=00412424
1327805.114:00ec:00f0:Ret  KERNEL32.GetPrivateProfileStringA() retval=00000010 ret=00412424
1327805.114:00ec:00f0:Call KERNEL32.GetPrivateProfileStringA(004c1fec "Cdchange",004c1fe8 "Yes",004c1fe4 "Yes",0022eff4,000003ff,0022eef0 "Y:\\Documents\\omk\\fr\\IAM\\cdchange.txt") ret=004124d4
1327805.114:00ec:00f0:Ret  KERNEL32.GetPrivateProfileStringA() retval=00000003 ret=004124d4
1327805.114:00ec:00f0:Call KERNEL32.GetPrivateProfileStringA(004c2000 "Cdchange",004c1ffc "No",004c1ff8 "No",0022eff4,000003ff,0022eef0 "Y:\\Documents\\omk\\fr\\IAM\\cdchange.txt") ret=00412595
1327805.114:00ec:00f0:Ret  KERNEL32.GetPrivateProfileStringA() retval=00000003 ret=00412595
1327805.118:00ec:00f0:Call KERNEL32.GetPrivateProfileStringA(004c1fd8 "Cdchange",004c1fcc "Quitgame",004c1fc0 "Quit game ?",0022eff4,000003ff,0022eef0 "Y:\\Documents\\omk\\fr\\IAM\\cdchange.txt") ret=00412424
1327805.118:00ec:00f0:Ret  KERNEL32.GetPrivateProfileStringA() retval=00000010 ret=00412424
1327805.118:00ec:00f0:Call KERNEL32.GetPrivateProfileStringA(004c1fec "Cdchange",004c1fe8 "Yes",004c1fe4 "Yes",0022eff4,000003ff,0022eef0 "Y:\\Documents\\omk\\fr\\IAM\\cdchange.txt") ret=004124d4
1327805.119:00ec:00f0:Ret  KERNEL32.GetPrivateProfileStringA() retval=00000003 ret=004124d4
1327805.119:00ec:00f0:Call KERNEL32.GetPrivateProfileStringA(004c2000 "Cdchange",004c1ffc "No",004c1ff8 "No",0022eff4,000003ff,0022eef0 "Y:\\Documents\\omk\\fr\\IAM\\cdchange.txt") ret=00412595
1327805.119:00ec:00f0:Ret  KERNEL32.GetPrivateProfileStringA() retval=00000003 ret=00412595
1327805.130:00ec:00f0:Call KERNEL32.GetPrivateProfileStringA(004c1fd8 "Cdchange",004c1fcc "Quitgame",004c1fc0 "Quit game ?",0022eff4,000003ff,0022eef0 "Y:\\Documents\\omk\\fr\\IAM\\cdchange.txt") ret=00412424
1327805.130:00ec:00f0:Ret  KERNEL32.GetPrivateProfileStringA() retval=00000010 ret=00412424
1327805.130:00ec:00f0:Call KERNEL32.GetPrivateProfileStringA(004c1fec "Cdchange",004c1fe8 "Yes",004c1fe4 "Yes",0022eff4,000003ff,0022eef0 "Y:\\Documents\\omk\\fr\\IAM\\cdchange.txt") ret=004124d4
1327805.131:00ec:00f0:Ret  KERNEL32.GetPrivateProfileStringA() retval=00000003 ret=004124d4
1327805.131:00ec:00f0:Call KERNEL32.GetPrivateProfileStringA(004c2000 "Cdchange",004c1ffc "No",004c1ff8 "No",0022eff4,000003ff,0022eef0 "Y:\\Documents\\omk\\fr\\IAM\\cdchange.txt") ret=00412595
1327805.131:00ec:00f0:Ret  KERNEL32.GetPrivateProfileStringA() retval=00000003 ret=00412595
1327805.139:00ec:00f0:Call KERNEL32.GetPrivateProfileStringA(004c1fd8 "Cdchange",004c1fcc "Quitgame",004c1fc0 "Quit game ?",0022eff4,000003ff,0022eef0 "Y:\\Documents\\omk\\fr\\IAM\\cdchange.txt") ret=00412424
1327805.139:00ec:00f0:Ret  KERNEL32.GetPrivateProfileStringA() retval=00000010 ret=00412424
1327805.139:00ec:00f0:Call KERNEL32.GetPrivateProfileStringA(004c1fec "Cdchange",004c1fe8 "Yes",004c1fe4 "Yes",0022eff4,000003ff,0022eef0 "Y:\\Documents\\omk\\fr\\IAM\\cdchange.txt") ret=004124d4
1327805.140:00ec:00f0:Ret  KERNEL32.GetPrivateProfileStringA() retval=00000003 ret=004124d4
1327805.140:00ec:00f0:Call KERNEL32.GetPrivateProfileStringA(004c2000 "Cdchange",004c1ffc "No",004c1ff8 "No",0022eff4,000003ff,0022eef0 "Y:\\Documents\\omk\\fr\\IAM\\cdchange.txt") ret=00412595
1327805.140:00ec:00f0:Ret  KERNEL32.GetPrivateProfileStringA() retval=00000003 ret=00412595
1327805.142:00ec:00f0:Call KERNEL32.GetPrivateProfileStringA(004c1fd8 "Cdchange",004c1fcc "Quitgame",004c1fc0 "Quit game ?",0022eff4,000003ff,0022eef0 "Y:\\Documents\\omk\\fr\\IAM\\cdchange.txt") ret=00412424
1327805.142:00ec:00f0:Ret  KERNEL32.GetPrivateProfileStringA() retval=00000010 ret=00412424
1327805.142:00ec:00f0:Call KERNEL32.GetPrivateProfileStringA(004c1fec "Cdchange",004c1fe8 "Yes",004c1fe4 "Yes",0022eff4,000003ff,0022eef0 "Y:\\Documents\\omk\\fr\\IAM\\cdchange.txt") ret=004124d4
1327805.142:00ec:00f0:Ret  KERNEL32.GetPrivateProfileStringA() retval=00000003 ret=004124d4
1327805.142:00ec:00f0:Call KERNEL32.GetPrivateProfileStringA(004c2000 "Cdchange",004c1ffc "No",004c1ff8 "No",0022eff4,000003ff,0022eef0 "Y:\\Documents\\omk\\fr\\IAM\\cdchange.txt") ret=00412595
1327805.142:00ec:00f0:Ret  KERNEL32.GetPrivateProfileStringA() retval=00000003 ret=00412595
1327805.155:00ec:00f0:Call KERNEL32.GetPrivateProfileStringA(004c1fd8 "Cdchange",004c1fcc "Quitgame",004c1fc0 "Quit game ?",0022eff4,000003ff,0022eef0 "Y:\\Documents\\omk\\fr\\IAM\\cdchange.txt") ret=00412424
1327805.155:00ec:00f0:Ret  KERNEL32.GetPrivateProfileStringA() retval=00000010 ret=00412424
1327805.155:00ec:00f0:Call KERNEL32.GetPrivateProfileStringA(004c1fec "Cdchange",004c1fe8 "Yes",004c1fe4 "Yes",0022eff4,000003ff,0022eef0 "Y:\\Documents\\omk\\fr\\IAM\\cdchange.txt") ret=004124d4
1327805.155:00ec:00f0:Ret  KERNEL32.GetPrivateProfileStringA() retval=00000003 ret=004124d4
1327805.155:00ec:00f0:Call KERNEL32.GetPrivateProfileStringA(004c2000 "Cdchange",004c1ffc "No",004c1ff8 "No",0022eff4,000003ff,0022eef0 "Y:\\Documents\\omk\\fr\\IAM\\cdchange.txt") ret=00412595
1327805.155:00ec:00f0:Ret  KERNEL32.GetPrivateProfileStringA() retval=00000003 ret=00412595
1327805.164:00ec:00f0:Call KERNEL32.GetPrivateProfileStringA(004c1fd8 "Cdchange",004c1fcc "Quitgame",004c1fc0 "Quit game ?",0022eff4,000003ff,0022eef0 "Y:\\Documents\\omk\\fr\\IAM\\cdchange.txt") ret=00412424
1327805.165:00ec:00f0:Ret  KERNEL32.GetPrivateProfileStringA() retval=00000010 ret=00412424
1327805.165:00ec:00f0:Call KERNEL32.GetPrivateProfileStringA(004c1fec "Cdchange",004c1fe8 "Yes",004c1fe4 "Yes",0022eff4,000003ff,0022eef0 "Y:\\Documents\\omk\\fr\\IAM\\cdchange.txt") ret=004124d4
1327805.165:00ec:00f0:Ret  KERNEL32.GetPrivateProfileStringA() retval=00000003 ret=004124d4
1327805.165:00ec:00f0:Call KERNEL32.GetPrivateProfileStringA(004c2000 "Cdchange",004c1ffc "No",004c1ff8 "No",0022eff4,000003ff,0022eef0 "Y:\\Documents\\omk\\fr\\IAM\\cdchange.txt") ret=00412595
1327805.165:00ec:00f0:Ret  KERNEL32.GetPrivateProfileStringA() retval=00000003 ret=00412595
1327805.180:00ec:00f0:Call KERNEL32.GetPrivateProfileStringA(004c1fd8 "Cdchange",004c1fcc "Quitgame",004c1fc0 "Quit game ?",0022eff4,000003ff,0022eef0 "Y:\\Documents\\omk\\fr\\IAM\\cdchange.txt") ret=00412424
1327805.180:00ec:00f0:Ret  KERNEL32.GetPrivateProfileStringA() retval=00000010 ret=00412424
1327805.180:00ec:00f0:Call KERNEL32.GetPrivateProfileStringA(004c1fec "Cdchange",004c1fe8 "Yes",004c1fe4 "Yes",0022eff4,000003ff,0022eef0 "Y:\\Documents\\omk\\fr\\IAM\\cdchange.txt") ret=004124d4
1327805.181:00ec:00f0:Ret  KERNEL32.GetPrivateProfileStringA() retval=00000003 ret=004124d4
1327805.181:00ec:00f0:Call KERNEL32.GetPrivateProfileStringA(004c2000 "Cdchange",004c1ffc "No",004c1ff8 "No",0022eff4,000003ff,0022eef0 "Y:\\Documents\\omk\\fr\\IAM\\cdchange.txt") ret=00412595
1327805.181:00ec:00f0:Ret  KERNEL32.GetPrivateProfileStringA() retval=00000003 ret=00412595
1327805.191:00ec:00f0:Call KERNEL32.GetPrivateProfileStringA(004c1fd8 "Cdchange",004c1fcc "Quitgame",004c1fc0 "Quit game ?",0022eff4,000003ff,0022eef0 "Y:\\Documents\\omk\\fr\\IAM\\cdchange.txt") ret=00412424
1327805.191:00ec:00f0:Ret  KERNEL32.GetPrivateProfileStringA() retval=00000010 ret=00412424
1327805.191:00ec:00f0:Call KERNEL32.GetPrivateProfileStringA(004c1fec "Cdchange",004c1fe8 "Yes",004c1fe4 "Yes",0022eff4,000003ff,0022eef0 "Y:\\Documents\\omk\\fr\\IAM\\cdchange.txt") ret=004124d4
1327805.191:00ec:00f0:Ret  KERNEL32.GetPrivateProfileStringA() retval=00000003 ret=004124d4
1327805.191:00ec:00f0:Call KERNEL32.GetPrivateProfileStringA(004c2000 "Cdchange",004c1ffc "No",004c1ff8 "No",0022eff4,000003ff,0022eef0 "Y:\\Documents\\omk\\fr\\IAM\\cdchange.txt") ret=00412595
1327805.191:00ec:00f0:Ret  KERNEL32.GetPrivateProfileStringA() retval=00000003 ret=00412595
1327805.205:00ec:00f0:Call KERNEL32.GetPrivateProfileStringA(004c1fd8 "Cdchange",004c1fcc "Quitgame",004c1fc0 "Quit game ?",0022eff4,000003ff,0022eef0 "Y:\\Documents\\omk\\fr\\IAM\\cdchange.txt") ret=00412424
1327805.205:00ec:00f0:Ret  KERNEL32.GetPrivateProfileStringA() retval=00000010 ret=00412424
1327805.205:00ec:00f0:Call KERNEL32.GetPrivateProfileStringA(004c1fec "Cdchange",004c1fe8 "Yes",004c1fe4 "Yes",0022eff4,000003ff,0022eef0 "Y:\\Documents\\omk\\fr\\IAM\\cdchange.txt") ret=004124d4
1327805.205:00ec:00f0:Ret  KERNEL32.GetPrivateProfileStringA() retval=00000003 ret=004124d4
1327805.205:00ec:00f0:Call KERNEL32.GetPrivateProfileStringA(004c2000 "Cdchange",004c1ffc "No",004c1ff8 "No",0022eff4,000003ff,0022eef0 "Y:\\Documents\\omk\\fr\\IAM\\cdchange.txt") ret=00412595
1327805.205:00ec:00f0:Ret  KERNEL32.GetPrivateProfileStringA() retval=00000003 ret=00412595
1327805.217:00ec:00f0:Call KERNEL32.GetPrivateProfileStringA(004c1fd8 "Cdchange",004c1fcc "Quitgame",004c1fc0 "Quit game ?",0022eff4,000003ff,0022eef0 "Y:\\Documents\\omk\\fr\\IAM\\cdchange.txt") ret=00412424
1327805.218:00ec:00f0:Ret  KERNEL32.GetPrivateProfileStringA() retval=00000010 ret=00412424
1327805.218:00ec:00f0:Call KERNEL32.GetPrivateProfileStringA(004c1fec "Cdchange",004c1fe8 "Yes",004c1fe4 "Yes",0022eff4,000003ff,0022eef0 "Y:\\Documents\\omk\\fr\\IAM\\cdchange.txt") ret=004124d4
1327805.218:00ec:00f0:Ret  KERNEL32.GetPrivateProfileStringA() retval=00000003 ret=004124d4
1327805.218:00ec:00f0:Call KERNEL32.GetPrivateProfileStringA(004c2000 "Cdchange",004c1ffc "No",004c1ff8 "No",0022eff4,000003ff,0022eef0 "Y:\\Documents\\omk\\fr\\IAM\\cdchange.txt") ret=00412595
1327805.218:00ec:00f0:Ret  KERNEL32.GetPrivateProfileStringA() retval=00000003 ret=00412595
1327805.230:00ec:00f0:Call KERNEL32.GetPrivateProfileStringA(004c1fd8 "Cdchange",004c1fcc "Quitgame",004c1fc0 "Quit game ?",0022eff4,000003ff,0022eef0 "Y:\\Documents\\omk\\fr\\IAM\\cdchange.txt") ret=00412424
1327805.230:00ec:00f0:Ret  KERNEL32.GetPrivateProfileStringA() retval=00000010 ret=00412424
1327805.230:00ec:00f0:Call KERNEL32.GetPrivateProfileStringA(004c1fec "Cdchange",004c1fe8 "Yes",004c1fe4 "Yes",0022eff4,000003ff,0022eef0 "Y:\\Documents\\omk\\fr\\IAM\\cdchange.txt") ret=004124d4
1327805.231:00ec:00f0:Ret  KERNEL32.GetPrivateProfileStringA() retval=00000003 ret=004124d4
1327805.231:00ec:00f0:Call KERNEL32.GetPrivateProfileStringA(004c2000 "Cdchange",004c1ffc "No",004c1ff8 "No",0022eff4,000003ff,0022eef0 "Y:\\Documents\\omk\\fr\\IAM\\cdchange.txt") ret=00412595
1327805.231:00ec:00f0:Ret  KERNEL32.GetPrivateProfileStringA() retval=00000003 ret=00412595
1327805.238:00ec:00f0:Call KERNEL32.GetPrivateProfileStringA(004c1fd8 "Cdchange",004c1fcc "Quitgame",004c1fc0 "Quit game ?",0022eff4,000003ff,0022eef0 "Y:\\Documents\\omk\\fr\\IAM\\cdchange.txt") ret=00412424
1327805.238:00ec:00f0:Ret  KERNEL32.GetPrivateProfileStringA() retval=00000010 ret=00412424
1327805.238:00ec:00f0:Call KERNEL32.GetPrivateProfileStringA(004c1fec "Cdchange",004c1fe8 "Yes",004c1fe4 "Yes",0022eff4,000003ff,0022eef0 "Y:\\Documents\\omk\\fr\\IAM\\cdchange.txt") ret=004124d4
1327805.239:00ec:00f0:Ret  KERNEL32.GetPrivateProfileStringA() retval=00000003 ret=004124d4
1327805.239:00ec:00f0:Call KERNEL32.GetPrivateProfileStringA(004c2000 "Cdchange",004c1ffc "No",004c1ff8 "No",0022eff4,000003ff,0022eef0 "Y:\\Documents\\omk\\fr\\IAM\\cdchange.txt") ret=00412595
1327805.239:00ec:00f0:Ret  KERNEL32.GetPrivateProfileStringA() retval=00000003 ret=00412595
1327805.245:00ec:00f0:Call KERNEL32.GetPrivateProfileStringA(004c1fd8 "Cdchange",004c1fcc "Quitgame",004c1fc0 "Quit game ?",0022eff4,000003ff,0022eef0 "Y:\\Documents\\omk\\fr\\IAM\\cdchange.txt") ret=00412424
1327805.245:00ec:00f0:Ret  KERNEL32.GetPrivateProfileStringA() retval=00000010 ret=00412424
1327805.245:00ec:00f0:Call KERNEL32.GetPrivateProfileStringA(004c1fec "Cdchange",004c1fe8 "Yes",004c1fe4 "Yes",0022eff4,000003ff,0022eef0 "Y:\\Documents\\omk\\fr\\IAM\\cdchange.txt") ret=004124d4
1327805.246:00ec:00f0:Ret  KERNEL32.GetPrivateProfileStringA() retval=00000003 ret=004124d4
1327805.246:00ec:00f0:Call KERNEL32.GetPrivateProfileStringA(004c2000 "Cdchange",004c1ffc "No",004c1ff8 "No",0022eff4,000003ff,0022eef0 "Y:\\Documents\\omk\\fr\\IAM\\cdchange.txt") ret=00412595
1327805.246:00ec:00f0:Ret  KERNEL32.GetPrivateProfileStringA() retval=00000003 ret=00412595
1327805.249:00ec:00f0:Call KERNEL32.GetPrivateProfileStringA(004c1fd8 "Cdchange",004c1fcc "Quitgame",004c1fc0 "Quit game ?",0022eff4,000003ff,0022eef0 "Y:\\Documents\\omk\\fr\\IAM\\cdchange.txt") ret=00412424
1327805.250:00ec:00f0:Ret  KERNEL32.GetPrivateProfileStringA() retval=00000010 ret=00412424
1327805.250:00ec:00f0:Call KERNEL32.GetPrivateProfileStringA(004c1fec "Cdchange",004c1fe8 "Yes",004c1fe4 "Yes",0022eff4,000003ff,0022eef0 "Y:\\Documents\\omk\\fr\\IAM\\cdchange.txt") ret=004124d4
1327805.250:00ec:00f0:Ret  KERNEL32.GetPrivateProfileStringA() retval=00000003 ret=004124d4
1327805.250:00ec:00f0:Call KERNEL32.GetPrivateProfileStringA(004c2000 "Cdchange",004c1ffc "No",004c1ff8 "No",0022eff4,000003ff,0022eef0 "Y:\\Documents\\omk\\fr\\IAM\\cdchange.txt") ret=00412595
1327805.250:00ec:00f0:Ret  KERNEL32.GetPrivateProfileStringA() retval=00000003 ret=00412595
1327805.263:00ec:00f0:Call KERNEL32.GetPrivateProfileStringA(004c1fd8 "Cdchange",004c1fcc "Quitgame",004c1fc0 "Quit game ?",0022eff4,000003ff,0022eef0 "Y:\\Documents\\omk\\fr\\IAM\\cdchange.txt") ret=00412424
1327805.264:00ec:00f0:Ret  KERNEL32.GetPrivateProfileStringA() retval=00000010 ret=00412424
1327805.264:00ec:00f0:Call KERNEL32.GetPrivateProfileStringA(004c1fec "Cdchange",004c1fe8 "Yes",004c1fe4 "Yes",0022eff4,000003ff,0022eef0 "Y:\\Documents\\omk\\fr\\IAM\\cdchange.txt") ret=004124d4
1327805.264:00ec:00f0:Ret  KERNEL32.GetPrivateProfileStringA() retval=00000003 ret=004124d4
1327805.264:00ec:00f0:Call KERNEL32.GetPrivateProfileStringA(004c2000 "Cdchange",004c1ffc "No",004c1ff8 "No",0022eff4,000003ff,0022eef0 "Y:\\Documents\\omk\\fr\\IAM\\cdchange.txt") ret=00412595
1327805.264:00ec:00f0:Ret  KERNEL32.GetPrivateProfileStringA() retval=00000003 ret=00412595
1327805.271:00ec:00f0:Call KERNEL32.GetPrivateProfileStringA(004c1fd8 "Cdchange",004c1fcc "Quitgame",004c1fc0 "Quit game ?",0022eff4,000003ff,0022eef0 "Y:\\Documents\\omk\\fr\\IAM\\cdchange.txt") ret=00412424
1327805.272:00ec:00f0:Ret  KERNEL32.GetPrivateProfileStringA() retval=00000010 ret=00412424
1327805.272:00ec:00f0:Call KERNEL32.GetPrivateProfileStringA(004c1fec "Cdchange",004c1fe8 "Yes",004c1fe4 "Yes",0022eff4,000003ff,0022eef0 "Y:\\Documents\\omk\\fr\\IAM\\cdchange.txt") ret=004124d4
1327805.272:00ec:00f0:Ret  KERNEL32.GetPrivateProfileStringA() retval=00000003 ret=004124d4
1327805.272:00ec:00f0:Call KERNEL32.GetPrivateProfileStringA(004c2000 "Cdchange",004c1ffc "No",004c1ff8 "No",0022eff4,000003ff,0022eef0 "Y:\\Documents\\omk\\fr\\IAM\\cdchange.txt") ret=00412595
1327805.272:00ec:00f0:Ret  KERNEL32.GetPrivateProfileStringA() retval=00000003 ret=00412595
1327805.276:00ec:00f0:Call KERNEL32.GetPrivateProfileStringA(004c1fd8 "Cdchange",004c1fcc "Quitgame",004c1fc0 "Quit game ?",0022eff4,000003ff,0022eef0 "Y:\\Documents\\omk\\fr\\IAM\\cdchange.txt") ret=00412424
1327805.276:00ec:00f0:Ret  KERNEL32.GetPrivateProfileStringA() retval=00000010 ret=00412424
1327805.276:00ec:00f0:Call KERNEL32.GetPrivateProfileStringA(004c1fec "Cdchange",004c1fe8 "Yes",004c1fe4 "Yes",0022eff4,000003ff,0022eef0 "Y:\\Documents\\omk\\fr\\IAM\\cdchange.txt") ret=004124d4
1327805.277:00ec:00f0:Ret  KERNEL32.GetPrivateProfileStringA() retval=00000003 ret=004124d4
1327805.277:00ec:00f0:Call KERNEL32.GetPrivateProfileStringA(004c2000 "Cdchange",004c1ffc "No",004c1ff8 "No",0022eff4,000003ff,0022eef0 "Y:\\Documents\\omk\\fr\\IAM\\cdchange.txt") ret=00412595
1327805.277:00ec:00f0:Ret  KERNEL32.GetPrivateProfileStringA() retval=00000003 ret=00412595
1327805.288:00ec:00f0:Call KERNEL32.GetPrivateProfileStringA(004c1fd8 "Cdchange",004c1fcc "Quitgame",004c1fc0 "Quit game ?",0022eff4,000003ff,0022eef0 "Y:\\Documents\\omk\\fr\\IAM\\cdchange.txt") ret=00412424
1327805.289:00ec:00f0:Ret  KERNEL32.GetPrivateProfileStringA() retval=00000010 ret=00412424
1327805.289:00ec:00f0:Call KERNEL32.GetPrivateProfileStringA(004c1fec "Cdchange",004c1fe8 "Yes",004c1fe4 "Yes",0022eff4,000003ff,0022eef0 "Y:\\Documents\\omk\\fr\\IAM\\cdchange.txt") ret=004124d4
1327805.289:00ec:00f0:Ret  KERNEL32.GetPrivateProfileStringA() retval=00000003 ret=004124d4
1327805.289:00ec:00f0:Call KERNEL32.GetPrivateProfileStringA(004c2000 "Cdchange",004c1ffc "No",004c1ff8 "No",0022eff4,000003ff,0022eef0 "Y:\\Documents\\omk\\fr\\IAM\\cdchange.txt") ret=00412595
1327805.289:00ec:00f0:Ret  KERNEL32.GetPrivateProfileStringA() retval=00000003 ret=00412595
1327805.297:00ec:00f0:Call KERNEL32.GetPrivateProfileStringA(004c1fd8 "Cdchange",004c1fcc "Quitgame",004c1fc0 "Quit game ?",0022eff4,000003ff,0022eef0 "Y:\\Documents\\omk\\fr\\IAM\\cdchange.txt") ret=00412424
1327805.297:00ec:00f0:Ret  KERNEL32.GetPrivateProfileStringA() retval=00000010 ret=00412424
1327805.297:00ec:00f0:Call KERNEL32.GetPrivateProfileStringA(004c1fec "Cdchange",004c1fe8 "Yes",004c1fe4 "Yes",0022eff4,000003ff,0022eef0 "Y:\\Documents\\omk\\fr\\IAM\\cdchange.txt") ret=004124d4
1327805.298:00ec:00f0:Ret  KERNEL32.GetPrivateProfileStringA() retval=00000003 ret=004124d4
1327805.298:00ec:00f0:Call KERNEL32.GetPrivateProfileStringA(004c2000 "Cdchange",004c1ffc "No",004c1ff8 "No",0022eff4,000003ff,0022eef0 "Y:\\Documents\\omk\\fr\\IAM\\cdchange.txt") ret=00412595
1327805.298:00ec:00f0:Ret  KERNEL32.GetPrivateProfileStringA() retval=00000003 ret=00412595
1327805.300:00ec:00f0:Call KERNEL32.GetPrivateProfileStringA(004c1fd8 "Cdchange",004c1fcc "Quitgame",004c1fc0 "Quit game ?",0022eff4,000003ff,0022eef0 "Y:\\Documents\\omk\\fr\\IAM\\cdchange.txt") ret=00412424
1327805.300:00ec:00f0:Ret  KERNEL32.GetPrivateProfileStringA() retval=00000010 ret=00412424
1327805.300:00ec:00f0:Call KERNEL32.GetPrivateProfileStringA(004c1fec "Cdchange",004c1fe8 "Yes",004c1fe4 "Yes",0022eff4,000003ff,0022eef0 "Y:\\Documents\\omk\\fr\\IAM\\cdchange.txt") ret=004124d4
1327805.301:00ec:00f0:Ret  KERNEL32.GetPrivateProfileStringA() retval=00000003 ret=004124d4
1327805.301:00ec:00f0:Call KERNEL32.GetPrivateProfileStringA(004c2000 "Cdchange",004c1ffc "No",004c1ff8 "No",0022eff4,000003ff,0022eef0 "Y:\\Documents\\omk\\fr\\IAM\\cdchange.txt") ret=00412595
1327805.301:00ec:00f0:Ret  KERNEL32.GetPrivateProfileStringA() retval=00000003 ret=00412595
1327805.313:00ec:00f0:Call KERNEL32.GetPrivateProfileStringA(004c1fd8 "Cdchange",004c1fcc "Quitgame",004c1fc0 "Quit game ?",0022eff4,000003ff,0022eef0 "Y:\\Documents\\omk\\fr\\IAM\\cdchange.txt") ret=00412424
1327805.314:00ec:00f0:Ret  KERNEL32.GetPrivateProfileStringA() retval=00000010 ret=00412424
1327805.314:00ec:00f0:Call KERNEL32.GetPrivateProfileStringA(004c1fec "Cdchange",004c1fe8 "Yes",004c1fe4 "Yes",0022eff4,000003ff,0022eef0 "Y:\\Documents\\omk\\fr\\IAM\\cdchange.txt") ret=004124d4
1327805.314:00ec:00f0:Ret  KERNEL32.GetPrivateProfileStringA() retval=00000003 ret=004124d4
1327805.314:00ec:00f0:Call KERNEL32.GetPrivateProfileStringA(004c2000 "Cdchange",004c1ffc "No",004c1ff8 "No",0022eff4,000003ff,0022eef0 "Y:\\Documents\\omk\\fr\\IAM\\cdchange.txt") ret=00412595
1327805.314:00ec:00f0:Ret  KERNEL32.GetPrivateProfileStringA() retval=00000003 ret=00412595
1327805.323:00ec:00f0:Call KERNEL32.GetPrivateProfileStringA(004c1fd8 "Cdchange",004c1fcc "Quitgame",004c1fc0 "Quit game ?",0022eff4,000003ff,0022eef0 "Y:\\Documents\\omk\\fr\\IAM\\cdchange.txt") ret=00412424
1327805.323:00ec:00f0:Ret  KERNEL32.GetPrivateProfileStringA() retval=00000010 ret=00412424
1327805.323:00ec:00f0:Call KERNEL32.GetPrivateProfileStringA(004c1fec "Cdchange",004c1fe8 "Yes",004c1fe4 "Yes",0022eff4,000003ff,0022eef0 "Y:\\Documents\\omk\\fr\\IAM\\cdchange.txt") ret=004124d4
1327805.323:00ec:00f0:Ret  KERNEL32.GetPrivateProfileStringA() retval=00000003 ret=004124d4
1327805.323:00ec:00f0:Call KERNEL32.GetPrivateProfileStringA(004c2000 "Cdchange",004c1ffc "No",004c1ff8 "No",0022eff4,000003ff,0022eef0 "Y:\\Documents\\omk\\fr\\IAM\\cdchange.txt") ret=00412595
1327805.323:00ec:00f0:Ret  KERNEL32.GetPrivateProfileStringA() retval=00000003 ret=00412595
1327805.338:00ec:00f0:Call KERNEL32.GetPrivateProfileStringA(004c1fd8 "Cdchange",004c1fcc "Quitgame",004c1fc0 "Quit game ?",0022eff4,000003ff,0022eef0 "Y:\\Documents\\omk\\fr\\IAM\\cdchange.txt") ret=00412424
1327805.339:00ec:00f0:Ret  KERNEL32.GetPrivateProfileStringA() retval=00000010 ret=00412424
1327805.339:00ec:00f0:Call KERNEL32.GetPrivateProfileStringA(004c1fec "Cdchange",004c1fe8 "Yes",004c1fe4 "Yes",0022eff4,000003ff,0022eef0 "Y:\\Documents\\omk\\fr\\IAM\\cdchange.txt") ret=004124d4
1327805.339:00ec:00f0:Ret  KERNEL32.GetPrivateProfileStringA() retval=00000003 ret=004124d4
1327805.339:00ec:00f0:Call KERNEL32.GetPrivateProfileStringA(004c2000 "Cdchange",004c1ffc "No",004c1ff8 "No",0022eff4,000003ff,0022eef0 "Y:\\Documents\\omk\\fr\\IAM\\cdchange.txt") ret=00412595
1327805.339:00ec:00f0:Ret  KERNEL32.GetPrivateProfileStringA() retval=00000003 ret=00412595
1327805.349:00ec:00f0:Call KERNEL32.GetPrivateProfileStringA(004c1fd8 "Cdchange",004c1fcc "Quitgame",004c1fc0 "Quit game ?",0022eff4,000003ff,0022eef0 "Y:\\Documents\\omk\\fr\\IAM\\cdchange.txt") ret=00412424
1327805.349:00ec:00f0:Ret  KERNEL32.GetPrivateProfileStringA() retval=00000010 ret=00412424
1327805.349:00ec:00f0:Call KERNEL32.GetPrivateProfileStringA(004c1fec "Cdchange",004c1fe8 "Yes",004c1fe4 "Yes",0022eff4,000003ff,0022eef0 "Y:\\Documents\\omk\\fr\\IAM\\cdchange.txt") ret=004124d4
1327805.350:00ec:00f0:Ret  KERNEL32.GetPrivateProfileStringA() retval=00000003 ret=004124d4
1327805.350:00ec:00f0:Call KERNEL32.GetPrivateProfileStringA(004c2000 "Cdchange",004c1ffc "No",004c1ff8 "No",0022eff4,000003ff,0022eef0 "Y:\\Documents\\omk\\fr\\IAM\\cdchange.txt") ret=00412595
1327805.350:00ec:00f0:Ret  KERNEL32.GetPrivateProfileStringA() retval=00000003 ret=00412595
1327805.364:00ec:00f0:Call KERNEL32.GetPrivateProfileStringA(004c1fd8 "Cdchange",004c1fcc "Quitgame",004c1fc0 "Quit game ?",0022eff4,000003ff,0022eef0 "Y:\\Documents\\omk\\fr\\IAM\\cdchange.txt") ret=00412424
1327805.365:00ec:00f0:Ret  KERNEL32.GetPrivateProfileStringA() retval=00000010 ret=00412424
1327805.365:00ec:00f0:Call KERNEL32.GetPrivateProfileStringA(004c1fec "Cdchange",004c1fe8 "Yes",004c1fe4 "Yes",0022eff4,000003ff,0022eef0 "Y:\\Documents\\omk\\fr\\IAM\\cdchange.txt") ret=004124d4
1327805.365:00ec:00f0:Ret  KERNEL32.GetPrivateProfileStringA() retval=00000003 ret=004124d4
1327805.365:00ec:00f0:Call KERNEL32.GetPrivateProfileStringA(004c2000 "Cdchange",004c1ffc "No",004c1ff8 "No",0022eff4,000003ff,0022eef0 "Y:\\Documents\\omk\\fr\\IAM\\cdchange.txt") ret=00412595
1327805.365:00ec:00f0:Ret  KERNEL32.GetPrivateProfileStringA() retval=00000003 ret=00412595
1327805.372:00ec:00f0:Call KERNEL32.GetPrivateProfileStringA(004c1fd8 "Cdchange",004c1fcc "Quitgame",004c1fc0 "Quit game ?",0022eff4,000003ff,0022eef0 "Y:\\Documents\\omk\\fr\\IAM\\cdchange.txt") ret=00412424
1327805.372:00ec:00f0:Ret  KERNEL32.GetPrivateProfileStringA() retval=00000010 ret=00412424
1327805.372:00ec:00f0:Call KERNEL32.GetPrivateProfileStringA(004c1fec "Cdchange",004c1fe8 "Yes",004c1fe4 "Yes",0022eff4,000003ff,0022eef0 "Y:\\Documents\\omk\\fr\\IAM\\cdchange.txt") ret=004124d4
1327805.372:00ec:00f0:Ret  KERNEL32.GetPrivateProfileStringA() retval=00000003 ret=004124d4
1327805.372:00ec:00f0:Call KERNEL32.GetPrivateProfileStringA(004c2000 "Cdchange",004c1ffc "No",004c1ff8 "No",0022eff4,000003ff,0022eef0 "Y:\\Documents\\omk\\fr\\IAM\\cdchange.txt") ret=00412595
1327805.373:00ec:00f0:Ret  KERNEL32.GetPrivateProfileStringA() retval=00000003 ret=00412595
1327805.377:00ec:00f0:Call KERNEL32.GetPrivateProfileStringA(004c1fd8 "Cdchange",004c1fcc "Quitgame",004c1fc0 "Quit game ?",0022eff4,000003ff,0022eef0 "Y:\\Documents\\omk\\fr\\IAM\\cdchange.txt") ret=00412424
1327805.377:00ec:00f0:Ret  KERNEL32.GetPrivateProfileStringA() retval=00000010 ret=00412424
1327805.377:00ec:00f0:Call KERNEL32.GetPrivateProfileStringA(004c1fec "Cdchange",004c1fe8 "Yes",004c1fe4 "Yes",0022eff4,000003ff,0022eef0 "Y:\\Documents\\omk\\fr\\IAM\\cdchange.txt") ret=004124d4
1327805.377:00ec:00f0:Ret  KERNEL32.GetPrivateProfileStringA() retval=00000003 ret=004124d4
1327805.377:00ec:00f0:Call KERNEL32.GetPrivateProfileStringA(004c2000 "Cdchange",004c1ffc "No",004c1ff8 "No",0022eff4,000003ff,0022eef0 "Y:\\Documents\\omk\\fr\\IAM\\cdchange.txt") ret=00412595
1327805.378:00ec:00f0:Ret  KERNEL32.GetPrivateProfileStringA() retval=00000003 ret=00412595
1327805.389:00ec:00f0:Call KERNEL32.GetPrivateProfileStringA(004c1fd8 "Cdchange",004c1fcc "Quitgame",004c1fc0 "Quit game ?",0022eff4,000003ff,0022eef0 "Y:\\Documents\\omk\\fr\\IAM\\cdchange.txt") ret=00412424
1327805.389:00ec:00f0:Ret  KERNEL32.GetPrivateProfileStringA() retval=00000010 ret=00412424
1327805.389:00ec:00f0:Call KERNEL32.GetPrivateProfileStringA(004c1fec "Cdchange",004c1fe8 "Yes",004c1fe4 "Yes",0022eff4,000003ff,0022eef0 "Y:\\Documents\\omk\\fr\\IAM\\cdchange.txt") ret=004124d4
1327805.389:00ec:00f0:Ret  KERNEL32.GetPrivateProfileStringA() retval=00000003 ret=004124d4
1327805.389:00ec:00f0:Call KERNEL32.GetPrivateProfileStringA(004c2000 "Cdchange",004c1ffc "No",004c1ff8 "No",0022eff4,000003ff,0022eef0 "Y:\\Documents\\omk\\fr\\IAM\\cdchange.txt") ret=00412595
1327805.389:00ec:00f0:Ret  KERNEL32.GetPrivateProfileStringA() retval=00000003 ret=00412595
1327805.397:00ec:00f0:Call KERNEL32.GetPrivateProfileStringA(004c1fd8 "Cdchange",004c1fcc "Quitgame",004c1fc0 "Quit game ?",0022eff4,000003ff,0022eef0 "Y:\\Documents\\omk\\fr\\IAM\\cdchange.txt") ret=00412424
1327805.397:00ec:00f0:Ret  KERNEL32.GetPrivateProfileStringA() retval=00000010 ret=00412424
1327805.397:00ec:00f0:Call KERNEL32.GetPrivateProfileStringA(004c1fec "Cdchange",004c1fe8 "Yes",004c1fe4 "Yes",0022eff4,000003ff,0022eef0 "Y:\\Documents\\omk\\fr\\IAM\\cdchange.txt") ret=004124d4
1327805.397:00ec:00f0:Ret  KERNEL32.GetPrivateProfileStringA() retval=00000003 ret=004124d4
1327805.397:00ec:00f0:Call KERNEL32.GetPrivateProfileStringA(004c2000 "Cdchange",004c1ffc "No",004c1ff8 "No",0022eff4,000003ff,0022eef0 "Y:\\Documents\\omk\\fr\\IAM\\cdchange.txt") ret=00412595
1327805.397:00ec:00f0:Ret  KERNEL32.GetPrivateProfileStringA() retval=00000003 ret=00412595
1327805.402:00ec:00f0:Call KERNEL32.GetPrivateProfileStringA(004c1fd8 "Cdchange",004c1fcc "Quitgame",004c1fc0 "Quit game ?",0022eff4,000003ff,0022eef0 "Y:\\Documents\\omk\\fr\\IAM\\cdchange.txt") ret=00412424
1327805.402:00ec:00f0:Ret  KERNEL32.GetPrivateProfileStringA() retval=00000010 ret=00412424
1327805.402:00ec:00f0:Call KERNEL32.GetPrivateProfileStringA(004c1fec "Cdchange",004c1fe8 "Yes",004c1fe4 "Yes",0022eff4,000003ff,0022eef0 "Y:\\Documents\\omk\\fr\\IAM\\cdchange.txt") ret=004124d4
1327805.402:00ec:00f0:Ret  KERNEL32.GetPrivateProfileStringA() retval=00000003 ret=004124d4
1327805.402:00ec:00f0:Call KERNEL32.GetPrivateProfileStringA(004c2000 "Cdchange",004c1ffc "No",004c1ff8 "No",0022eff4,000003ff,0022eef0 "Y:\\Documents\\omk\\fr\\IAM\\cdchange.txt") ret=00412595
1327805.403:00ec:00f0:Ret  KERNEL32.GetPrivateProfileStringA() retval=00000003 ret=00412595
1327805.416:00ec:00f0:Call KERNEL32.GetPrivateProfileStringA(004c1fd8 "Cdchange",004c1fcc "Quitgame",004c1fc0 "Quit game ?",0022eff4,000003ff,0022eef0 "Y:\\Documents\\omk\\fr\\IAM\\cdchange.txt") ret=00412424
1327805.416:00ec:00f0:Ret  KERNEL32.GetPrivateProfileStringA() retval=00000010 ret=00412424
1327805.416:00ec:00f0:Call KERNEL32.GetPrivateProfileStringA(004c1fec "Cdchange",004c1fe8 "Yes",004c1fe4 "Yes",0022eff4,000003ff,0022eef0 "Y:\\Documents\\omk\\fr\\IAM\\cdchange.txt") ret=004124d4
1327805.416:00ec:00f0:Ret  KERNEL32.GetPrivateProfileStringA() retval=00000003 ret=004124d4
1327805.416:00ec:00f0:Call KERNEL32.GetPrivateProfileStringA(004c2000 "Cdchange",004c1ffc "No",004c1ff8 "No",0022eff4,000003ff,0022eef0 "Y:\\Documents\\omk\\fr\\IAM\\cdchange.txt") ret=00412595
1327805.416:00ec:00f0:Ret  KERNEL32.GetPrivateProfileStringA() retval=00000003 ret=00412595
1327805.422:00ec:00f0:Call KERNEL32.GetPrivateProfileStringA(004c1fd8 "Cdchange",004c1fcc "Quitgame",004c1fc0 "Quit game ?",0022eff4,000003ff,0022eef0 "Y:\\Documents\\omk\\fr\\IAM\\cdchange.txt") ret=00412424
1327805.422:00ec:00f0:Ret  KERNEL32.GetPrivateProfileStringA() retval=00000010 ret=00412424
1327805.422:00ec:00f0:Call KERNEL32.GetPrivateProfileStringA(004c1fec "Cdchange",004c1fe8 "Yes",004c1fe4 "Yes",0022eff4,000003ff,0022eef0 "Y:\\Documents\\omk\\fr\\IAM\\cdchange.txt") ret=004124d4
1327805.423:00ec:00f0:Ret  KERNEL32.GetPrivateProfileStringA() retval=00000003 ret=004124d4
1327805.423:00ec:00f0:Call KERNEL32.GetPrivateProfileStringA(004c2000 "Cdchange",004c1ffc "No",004c1ff8 "No",0022eff4,000003ff,0022eef0 "Y:\\Documents\\omk\\fr\\IAM\\cdchange.txt") ret=00412595
1327805.423:00ec:00f0:Ret  KERNEL32.GetPrivateProfileStringA() retval=00000003 ret=00412595
1327805.425:00ec:00f0:Call KERNEL32.GetPrivateProfileStringA(004c1fd8 "Cdchange",004c1fcc "Quitgame",004c1fc0 "Quit game ?",0022eff4,000003ff,0022eef0 "Y:\\Documents\\omk\\fr\\IAM\\cdchange.txt") ret=00412424
1327805.426:00ec:00f0:Ret  KERNEL32.GetPrivateProfileStringA() retval=00000010 ret=00412424
1327805.426:00ec:00f0:Call KERNEL32.GetPrivateProfileStringA(004c1fec "Cdchange",004c1fe8 "Yes",004c1fe4 "Yes",0022eff4,000003ff,0022eef0 "Y:\\Documents\\omk\\fr\\IAM\\cdchange.txt") ret=004124d4
1327805.426:00ec:00f0:Ret  KERNEL32.GetPrivateProfileStringA() retval=00000003 ret=004124d4
1327805.426:00ec:00f0:Call KERNEL32.GetPrivateProfileStringA(004c2000 "Cdchange",004c1ffc "No",004c1ff8 "No",0022eff4,000003ff,0022eef0 "Y:\\Documents\\omk\\fr\\IAM\\cdchange.txt") ret=00412595
1327805.426:00ec:00f0:Ret  KERNEL32.GetPrivateProfileStringA() retval=00000003 ret=00412595
1327805.438:00ec:00f0:Call KERNEL32.GetPrivateProfileStringA(004c1fd8 "Cdchange",004c1fcc "Quitgame",004c1fc0 "Quit game ?",0022eff4,000003ff,0022eef0 "Y:\\Documents\\omk\\fr\\IAM\\cdchange.txt") ret=00412424
1327805.438:00ec:00f0:Ret  KERNEL32.GetPrivateProfileStringA() retval=00000010 ret=00412424
1327805.438:00ec:00f0:Call KERNEL32.GetPrivateProfileStringA(004c1fec "Cdchange",004c1fe8 "Yes",004c1fe4 "Yes",0022eff4,000003ff,0022eef0 "Y:\\Documents\\omk\\fr\\IAM\\cdchange.txt") ret=004124d4
1327805.439:00ec:00f0:Ret  KERNEL32.GetPrivateProfileStringA() retval=00000003 ret=004124d4
1327805.439:00ec:00f0:Call KERNEL32.GetPrivateProfileStringA(004c2000 "Cdchange",004c1ffc "No",004c1ff8 "No",0022eff4,000003ff,0022eef0 "Y:\\Documents\\omk\\fr\\IAM\\cdchange.txt") ret=00412595
1327805.439:00ec:00f0:Ret  KERNEL32.GetPrivateProfileStringA() retval=00000003 ret=00412595
1327805.447:00ec:00f0:Call KERNEL32.GetPrivateProfileStringA(004c1fd8 "Cdchange",004c1fcc "Quitgame",004c1fc0 "Quit game ?",0022eff4,000003ff,0022eef0 "Y:\\Documents\\omk\\fr\\IAM\\cdchange.txt") ret=00412424
1327805.447:00ec:00f0:Ret  KERNEL32.GetPrivateProfileStringA() retval=00000010 ret=00412424
1327805.447:00ec:00f0:Call KERNEL32.GetPrivateProfileStringA(004c1fec "Cdchange",004c1fe8 "Yes",004c1fe4 "Yes",0022eff4,000003ff,0022eef0 "Y:\\Documents\\omk\\fr\\IAM\\cdchange.txt") ret=004124d4
1327805.448:00ec:00f0:Ret  KERNEL32.GetPrivateProfileStringA() retval=00000003 ret=004124d4
1327805.448:00ec:00f0:Call KERNEL32.GetPrivateProfileStringA(004c2000 "Cdchange",004c1ffc "No",004c1ff8 "No",0022eff4,000003ff,0022eef0 "Y:\\Documents\\omk\\fr\\IAM\\cdchange.txt") ret=00412595
1327805.448:00ec:00f0:Ret  KERNEL32.GetPrivateProfileStringA() retval=00000003 ret=00412595
1327805.450:00ec:00f0:Call KERNEL32.GetPrivateProfileStringA(004c1fd8 "Cdchange",004c1fcc "Quitgame",004c1fc0 "Quit game ?",0022eff4,000003ff,0022eef0 "Y:\\Documents\\omk\\fr\\IAM\\cdchange.txt") ret=00412424
1327805.450:00ec:00f0:Ret  KERNEL32.GetPrivateProfileStringA() retval=00000010 ret=00412424
1327805.450:00ec:00f0:Call KERNEL32.GetPrivateProfileStringA(004c1fec "Cdchange",004c1fe8 "Yes",004c1fe4 "Yes",0022eff4,000003ff,0022eef0 "Y:\\Documents\\omk\\fr\\IAM\\cdchange.txt") ret=004124d4
1327805.451:00ec:00f0:Ret  KERNEL32.GetPrivateProfileStringA() retval=00000003 ret=004124d4
1327805.451:00ec:00f0:Call KERNEL32.GetPrivateProfileStringA(004c2000 "Cdchange",004c1ffc "No",004c1ff8 "No",0022eff4,000003ff,0022eef0 "Y:\\Documents\\omk\\fr\\IAM\\cdchange.txt") ret=00412595
1327805.451:00ec:00f0:Ret  KERNEL32.GetPrivateProfileStringA() retval=00000003 ret=00412595
1327805.463:00ec:00f0:Call KERNEL32.GetPrivateProfileStringA(004c1fd8 "Cdchange",004c1fcc "Quitgame",004c1fc0 "Quit game ?",0022eff4,000003ff,0022eef0 "Y:\\Documents\\omk\\fr\\IAM\\cdchange.txt") ret=00412424
1327805.464:00ec:00f0:Ret  KERNEL32.GetPrivateProfileStringA() retval=00000010 ret=00412424
1327805.464:00ec:00f0:Call KERNEL32.GetPrivateProfileStringA(004c1fec "Cdchange",004c1fe8 "Yes",004c1fe4 "Yes",0022eff4,000003ff,0022eef0 "Y:\\Documents\\omk\\fr\\IAM\\cdchange.txt") ret=004124d4
1327805.464:00ec:00f0:Ret  KERNEL32.GetPrivateProfileStringA() retval=00000003 ret=004124d4
1327805.464:00ec:00f0:Call KERNEL32.GetPrivateProfileStringA(004c2000 "Cdchange",004c1ffc "No",004c1ff8 "No",0022eff4,000003ff,0022eef0 "Y:\\Documents\\omk\\fr\\IAM\\cdchange.txt") ret=00412595
1327805.464:00ec:00f0:Ret  KERNEL32.GetPrivateProfileStringA() retval=00000003 ret=00412595
1327805.471:00ec:00f0:Call KERNEL32.GetPrivateProfileStringA(004c1fd8 "Cdchange",004c1fcc "Quitgame",004c1fc0 "Quit game ?",0022eff4,000003ff,0022eef0 "Y:\\Documents\\omk\\fr\\IAM\\cdchange.txt") ret=00412424
1327805.472:00ec:00f0:Ret  KERNEL32.GetPrivateProfileStringA() retval=00000010 ret=00412424
1327805.472:00ec:00f0:Call KERNEL32.GetPrivateProfileStringA(004c1fec "Cdchange",004c1fe8 "Yes",004c1fe4 "Yes",0022eff4,000003ff,0022eef0 "Y:\\Documents\\omk\\fr\\IAM\\cdchange.txt") ret=004124d4
1327805.472:00ec:00f0:Ret  KERNEL32.GetPrivateProfileStringA() retval=00000003 ret=004124d4
1327805.472:00ec:00f0:Call KERNEL32.GetPrivateProfileStringA(004c2000 "Cdchange",004c1ffc "No",004c1ff8 "No",0022eff4,000003ff,0022eef0 "Y:\\Documents\\omk\\fr\\IAM\\cdchange.txt") ret=00412595
1327805.472:00ec:00f0:Ret  KERNEL32.GetPrivateProfileStringA() retval=00000003 ret=00412595
1327805.476:00ec:00f0:Call KERNEL32.GetPrivateProfileStringA(004c1fd8 "Cdchange",004c1fcc "Quitgame",004c1fc0 "Quit game ?",0022eff4,000003ff,0022eef0 "Y:\\Documents\\omk\\fr\\IAM\\cdchange.txt") ret=00412424
1327805.476:00ec:00f0:Ret  KERNEL32.GetPrivateProfileStringA() retval=00000010 ret=00412424
1327805.476:00ec:00f0:Call KERNEL32.GetPrivateProfileStringA(004c1fec "Cdchange",004c1fe8 "Yes",004c1fe4 "Yes",0022eff4,000003ff,0022eef0 "Y:\\Documents\\omk\\fr\\IAM\\cdchange.txt") ret=004124d4
1327805.476:00ec:00f0:Ret  KERNEL32.GetPrivateProfileStringA() retval=00000003 ret=004124d4
1327805.476:00ec:00f0:Call KERNEL32.GetPrivateProfileStringA(004c2000 "Cdchange",004c1ffc "No",004c1ff8 "No",0022eff4,000003ff,0022eef0 "Y:\\Documents\\omk\\fr\\IAM\\cdchange.txt") ret=00412595
1327805.476:00ec:00f0:Ret  KERNEL32.GetPrivateProfileStringA() retval=00000003 ret=00412595
1327805.488:00ec:00f0:Call KERNEL32.GetPrivateProfileStringA(004c1fd8 "Cdchange",004c1fcc "Quitgame",004c1fc0 "Quit game ?",0022eff4,000003ff,0022eef0 "Y:\\Documents\\omk\\fr\\IAM\\cdchange.txt") ret=00412424
1327805.489:00ec:00f0:Ret  KERNEL32.GetPrivateProfileStringA() retval=00000010 ret=00412424
1327805.489:00ec:00f0:Call KERNEL32.GetPrivateProfileStringA(004c1fec "Cdchange",004c1fe8 "Yes",004c1fe4 "Yes",0022eff4,000003ff,0022eef0 "Y:\\Documents\\omk\\fr\\IAM\\cdchange.txt") ret=004124d4
1327805.489:00ec:00f0:Ret  KERNEL32.GetPrivateProfileStringA() retval=00000003 ret=004124d4
1327805.489:00ec:00f0:Call KERNEL32.GetPrivateProfileStringA(004c2000 "Cdchange",004c1ffc "No",004c1ff8 "No",0022eff4,000003ff,0022eef0 "Y:\\Documents\\omk\\fr\\IAM\\cdchange.txt") ret=00412595
1327805.489:00ec:00f0:Ret  KERNEL32.GetPrivateProfileStringA() retval=00000003 ret=00412595
1327805.498:00ec:00f0:Call KERNEL32.GetPrivateProfileStringA(004c1fd8 "Cdchange",004c1fcc "Quitgame",004c1fc0 "Quit game ?",0022eff4,000003ff,0022eef0 "Y:\\Documents\\omk\\fr\\IAM\\cdchange.txt") ret=00412424
1327805.498:00ec:00f0:Ret  KERNEL32.GetPrivateProfileStringA() retval=00000010 ret=00412424
1327805.498:00ec:00f0:Call KERNEL32.GetPrivateProfileStringA(004c1fec "Cdchange",004c1fe8 "Yes",004c1fe4 "Yes",0022eff4,000003ff,0022eef0 "Y:\\Documents\\omk\\fr\\IAM\\cdchange.txt") ret=004124d4
1327805.498:00ec:00f0:Ret  KERNEL32.GetPrivateProfileStringA() retval=00000003 ret=004124d4
1327805.498:00ec:00f0:Call KERNEL32.GetPrivateProfileStringA(004c2000 "Cdchange",004c1ffc "No",004c1ff8 "No",0022eff4,000003ff,0022eef0 "Y:\\Documents\\omk\\fr\\IAM\\cdchange.txt") ret=00412595
1327805.498:00ec:00f0:Ret  KERNEL32.GetPrivateProfileStringA() retval=00000003 ret=00412595
1327805.513:00ec:00f0:Call KERNEL32.GetPrivateProfileStringA(004c1fd8 "Cdchange",004c1fcc "Quitgame",004c1fc0 "Quit game ?",0022eff4,000003ff,0022eef0 "Y:\\Documents\\omk\\fr\\IAM\\cdchange.txt") ret=00412424
1327805.514:00ec:00f0:Ret  KERNEL32.GetPrivateProfileStringA() retval=00000010 ret=00412424
1327805.514:00ec:00f0:Call KERNEL32.GetPrivateProfileStringA(004c1fec "Cdchange",004c1fe8 "Yes",004c1fe4 "Yes",0022eff4,000003ff,0022eef0 "Y:\\Documents\\omk\\fr\\IAM\\cdchange.txt") ret=004124d4
1327805.514:00ec:00f0:Ret  KERNEL32.GetPrivateProfileStringA() retval=00000003 ret=004124d4
1327805.514:00ec:00f0:Call KERNEL32.GetPrivateProfileStringA(004c2000 "Cdchange",004c1ffc "No",004c1ff8 "No",0022eff4,000003ff,0022eef0 "Y:\\Documents\\omk\\fr\\IAM\\cdchange.txt") ret=00412595
1327805.514:00ec:00f0:Ret  KERNEL32.GetPrivateProfileStringA() retval=00000003 ret=00412595
1327805.522:00ec:00f0:Call KERNEL32.GetPrivateProfileStringA(004c1fd8 "Cdchange",004c1fcc "Quitgame",004c1fc0 "Quit game ?",0022eff4,000003ff,0022eef0 "Y:\\Documents\\omk\\fr\\IAM\\cdchange.txt") ret=00412424
1327805.522:00ec:00f0:Ret  KERNEL32.GetPrivateProfileStringA() retval=00000010 ret=00412424
1327805.522:00ec:00f0:Call KERNEL32.GetPrivateProfileStringA(004c1fec "Cdchange",004c1fe8 "Yes",004c1fe4 "Yes",0022eff4,000003ff,0022eef0 "Y:\\Documents\\omk\\fr\\IAM\\cdchange.txt") ret=004124d4
1327805.523:00ec:00f0:Ret  KERNEL32.GetPrivateProfileStringA() retval=00000003 ret=004124d4
1327805.523:00ec:00f0:Call KERNEL32.GetPrivateProfileStringA(004c2000 "Cdchange",004c1ffc "No",004c1ff8 "No",0022eff4,000003ff,0022eef0 "Y:\\Documents\\omk\\fr\\IAM\\cdchange.txt") ret=00412595
1327805.523:00ec:00f0:Ret  KERNEL32.GetPrivateProfileStringA() retval=00000003 ret=00412595
1327805.538:00ec:00f0:Call KERNEL32.GetPrivateProfileStringA(004c1fd8 "Cdchange",004c1fcc "Quitgame",004c1fc0 "Quit game ?",0022eff4,000003ff,0022eef0 "Y:\\Documents\\omk\\fr\\IAM\\cdchange.txt") ret=00412424
1327805.539:00ec:00f0:Ret  KERNEL32.GetPrivateProfileStringA() retval=00000010 ret=00412424
1327805.539:00ec:00f0:Call KERNEL32.GetPrivateProfileStringA(004c1fec "Cdchange",004c1fe8 "Yes",004c1fe4 "Yes",0022eff4,000003ff,0022eef0 "Y:\\Documents\\omk\\fr\\IAM\\cdchange.txt") ret=004124d4
1327805.539:00ec:00f0:Ret  KERNEL32.GetPrivateProfileStringA() retval=00000003 ret=004124d4
1327805.539:00ec:00f0:Call KERNEL32.GetPrivateProfileStringA(004c2000 "Cdchange",004c1ffc "No",004c1ff8 "No",0022eff4,000003ff,0022eef0 "Y:\\Documents\\omk\\fr\\IAM\\cdchange.txt") ret=00412595
1327805.539:00ec:00f0:Ret  KERNEL32.GetPrivateProfileStringA() retval=00000003 ret=00412595
1327805.549:00ec:00f0:Call KERNEL32.GetPrivateProfileStringA(004c1fd8 "Cdchange",004c1fcc "Quitgame",004c1fc0 "Quit game ?",0022eff4,000003ff,0022eef0 "Y:\\Documents\\omk\\fr\\IAM\\cdchange.txt") ret=00412424
1327805.550:00ec:00f0:Ret  KERNEL32.GetPrivateProfileStringA() retval=00000010 ret=00412424
1327805.550:00ec:00f0:Call KERNEL32.GetPrivateProfileStringA(004c1fec "Cdchange",004c1fe8 "Yes",004c1fe4 "Yes",0022eff4,000003ff,0022eef0 "Y:\\Documents\\omk\\fr\\IAM\\cdchange.txt") ret=004124d4
1327805.550:00ec:00f0:Ret  KERNEL32.GetPrivateProfileStringA() retval=00000003 ret=004124d4
1327805.550:00ec:00f0:Call KERNEL32.GetPrivateProfileStringA(004c2000 "Cdchange",004c1ffc "No",004c1ff8 "No",0022eff4,000003ff,0022eef0 "Y:\\Documents\\omk\\fr\\IAM\\cdchange.txt") ret=00412595
1327805.550:00ec:00f0:Ret  KERNEL32.GetPrivateProfileStringA() retval=00000003 ret=00412595
1327805.564:00ec:00f0:Call KERNEL32.GetPrivateProfileStringA(004c1fd8 "Cdchange",004c1fcc "Quitgame",004c1fc0 "Quit game ?",0022eff4,000003ff,0022eef0 "Y:\\Documents\\omk\\fr\\IAM\\cdchange.txt") ret=00412424
1327805.564:00ec:00f0:Ret  KERNEL32.GetPrivateProfileStringA() retval=00000010 ret=00412424
1327805.564:00ec:00f0:Call KERNEL32.GetPrivateProfileStringA(004c1fec "Cdchange",004c1fe8 "Yes",004c1fe4 "Yes",0022eff4,000003ff,0022eef0 "Y:\\Documents\\omk\\fr\\IAM\\cdchange.txt") ret=004124d4
1327805.564:00ec:00f0:Ret  KERNEL32.GetPrivateProfileStringA() retval=00000003 ret=004124d4
1327805.564:00ec:00f0:Call KERNEL32.GetPrivateProfileStringA(004c2000 "Cdchange",004c1ffc "No",004c1ff8 "No",0022eff4,000003ff,0022eef0 "Y:\\Documents\\omk\\fr\\IAM\\cdchange.txt") ret=00412595
1327805.564:00ec:00f0:Ret  KERNEL32.GetPrivateProfileStringA() retval=00000003 ret=00412595
1327805.572:00ec:00f0:Call KERNEL32.GetPrivateProfileStringA(004c1fd8 "Cdchange",004c1fcc "Quitgame",004c1fc0 "Quit game ?",0022eff4,000003ff,0022eef0 "Y:\\Documents\\omk\\fr\\IAM\\cdchange.txt") ret=00412424
1327805.572:00ec:00f0:Ret  KERNEL32.GetPrivateProfileStringA() retval=00000010 ret=00412424
1327805.572:00ec:00f0:Call KERNEL32.GetPrivateProfileStringA(004c1fec "Cdchange",004c1fe8 "Yes",004c1fe4 "Yes",0022eff4,000003ff,0022eef0 "Y:\\Documents\\omk\\fr\\IAM\\cdchange.txt") ret=004124d4
1327805.572:00ec:00f0:Ret  KERNEL32.GetPrivateProfileStringA() retval=00000003 ret=004124d4
1327805.572:00ec:00f0:Call KERNEL32.GetPrivateProfileStringA(004c2000 "Cdchange",004c1ffc "No",004c1ff8 "No",0022eff4,000003ff,0022eef0 "Y:\\Documents\\omk\\fr\\IAM\\cdchange.txt") ret=00412595
1327805.573:00ec:00f0:Ret  KERNEL32.GetPrivateProfileStringA() retval=00000003 ret=00412595
1327805.577:00ec:00f0:Call KERNEL32.GetPrivateProfileStringA(004c1fd8 "Cdchange",004c1fcc "Quitgame",004c1fc0 "Quit game ?",0022eff4,000003ff,0022eef0 "Y:\\Documents\\omk\\fr\\IAM\\cdchange.txt") ret=00412424
1327805.577:00ec:00f0:Ret  KERNEL32.GetPrivateProfileStringA() retval=00000010 ret=00412424
1327805.577:00ec:00f0:Call KERNEL32.GetPrivateProfileStringA(004c1fec "Cdchange",004c1fe8 "Yes",004c1fe4 "Yes",0022eff4,000003ff,0022eef0 "Y:\\Documents\\omk\\fr\\IAM\\cdchange.txt") ret=004124d4
1327805.577:00ec:00f0:Ret  KERNEL32.GetPrivateProfileStringA() retval=00000003 ret=004124d4
1327805.577:00ec:00f0:Call KERNEL32.GetPrivateProfileStringA(004c2000 "Cdchange",004c1ffc "No",004c1ff8 "No",0022eff4,000003ff,0022eef0 "Y:\\Documents\\omk\\fr\\IAM\\cdchange.txt") ret=00412595
1327805.577:00ec:00f0:Ret  KERNEL32.GetPrivateProfileStringA() retval=00000003 ret=00412595
1327805.590:00ec:00f0:Call KERNEL32.GetPrivateProfileStringA(004c1fd8 "Cdchange",004c1fcc "Quitgame",004c1fc0 "Quit game ?",0022eff4,000003ff,0022eef0 "Y:\\Documents\\omk\\fr\\IAM\\cdchange.txt") ret=00412424
1327805.590:00ec:00f0:Ret  KERNEL32.GetPrivateProfileStringA() retval=00000010 ret=00412424
1327805.590:00ec:00f0:Call KERNEL32.GetPrivateProfileStringA(004c1fec "Cdchange",004c1fe8 "Yes",004c1fe4 "Yes",0022eff4,000003ff,0022eef0 "Y:\\Documents\\omk\\fr\\IAM\\cdchange.txt") ret=004124d4
1327805.591:00ec:00f0:Ret  KERNEL32.GetPrivateProfileStringA() retval=00000003 ret=004124d4
1327805.591:00ec:00f0:Call KERNEL32.GetPrivateProfileStringA(004c2000 "Cdchange",004c1ffc "No",004c1ff8 "No",0022eff4,000003ff,0022eef0 "Y:\\Documents\\omk\\fr\\IAM\\cdchange.txt") ret=00412595
1327805.591:00ec:00f0:Ret  KERNEL32.GetPrivateProfileStringA() retval=00000003 ret=00412595
1327805.597:00ec:00f0:Call KERNEL32.GetPrivateProfileStringA(004c1fd8 "Cdchange",004c1fcc "Quitgame",004c1fc0 "Quit game ?",0022eff4,000003ff,0022eef0 "Y:\\Documents\\omk\\fr\\IAM\\cdchange.txt") ret=00412424
1327805.597:00ec:00f0:Ret  KERNEL32.GetPrivateProfileStringA() retval=00000010 ret=00412424
1327805.597:00ec:00f0:Call KERNEL32.GetPrivateProfileStringA(004c1fec "Cdchange",004c1fe8 "Yes",004c1fe4 "Yes",0022eff4,000003ff,0022eef0 "Y:\\Documents\\omk\\fr\\IAM\\cdchange.txt") ret=004124d4
1327805.597:00ec:00f0:Ret  KERNEL32.GetPrivateProfileStringA() retval=00000003 ret=004124d4
1327805.597:00ec:00f0:Call KERNEL32.GetPrivateProfileStringA(004c2000 "Cdchange",004c1ffc "No",004c1ff8 "No",0022eff4,000003ff,0022eef0 "Y:\\Documents\\omk\\fr\\IAM\\cdchange.txt") ret=00412595
1327805.597:00ec:00f0:Ret  KERNEL32.GetPrivateProfileStringA() retval=00000003 ret=00412595
1327805.602:00ec:00f0:Call KERNEL32.GetPrivateProfileStringA(004c1fd8 "Cdchange",004c1fcc "Quitgame",004c1fc0 "Quit game ?",0022eff4,000003ff,0022eef0 "Y:\\Documents\\omk\\fr\\IAM\\cdchange.txt") ret=00412424
1327805.602:00ec:00f0:Ret  KERNEL32.GetPrivateProfileStringA() retval=00000010 ret=00412424
1327805.602:00ec:00f0:Call KERNEL32.GetPrivateProfileStringA(004c1fec "Cdchange",004c1fe8 "Yes",004c1fe4 "Yes",0022eff4,000003ff,0022eef0 "Y:\\Documents\\omk\\fr\\IAM\\cdchange.txt") ret=004124d4
1327805.603:00ec:00f0:Ret  KERNEL32.GetPrivateProfileStringA() retval=00000003 ret=004124d4
1327805.603:00ec:00f0:Call KERNEL32.GetPrivateProfileStringA(004c2000 "Cdchange",004c1ffc "No",004c1ff8 "No",0022eff4,000003ff,0022eef0 "Y:\\Documents\\omk\\fr\\IAM\\cdchange.txt") ret=00412595
1327805.603:00ec:00f0:Ret  KERNEL32.GetPrivateProfileStringA() retval=00000003 ret=00412595
1327805.616:00ec:00f0:Call KERNEL32.GetPrivateProfileStringA(004c1fd8 "Cdchange",004c1fcc "Quitgame",004c1fc0 "Quit game ?",0022eff4,000003ff,0022eef0 "Y:\\Documents\\omk\\fr\\IAM\\cdchange.txt") ret=00412424
1327805.617:00ec:00f0:Ret  KERNEL32.GetPrivateProfileStringA() retval=00000010 ret=00412424
1327805.617:00ec:00f0:Call KERNEL32.GetPrivateProfileStringA(004c1fec "Cdchange",004c1fe8 "Yes",004c1fe4 "Yes",0022eff4,000003ff,0022eef0 "Y:\\Documents\\omk\\fr\\IAM\\cdchange.txt") ret=004124d4
1327805.617:00ec:00f0:Ret  KERNEL32.GetPrivateProfileStringA() retval=00000003 ret=004124d4
1327805.617:00ec:00f0:Call KERNEL32.GetPrivateProfileStringA(004c2000 "Cdchange",004c1ffc "No",004c1ff8 "No",0022eff4,000003ff,0022eef0 "Y:\\Documents\\omk\\fr\\IAM\\cdchange.txt") ret=00412595
1327805.617:00ec:00f0:Ret  KERNEL32.GetPrivateProfileStringA() retval=00000003 ret=00412595
1327805.622:00ec:00f0:Call KERNEL32.GetPrivateProfileStringA(004c1fd8 "Cdchange",004c1fcc "Quitgame",004c1fc0 "Quit game ?",0022eff4,000003ff,0022eef0 "Y:\\Documents\\omk\\fr\\IAM\\cdchange.txt") ret=00412424
1327805.622:00ec:00f0:Ret  KERNEL32.GetPrivateProfileStringA() retval=00000010 ret=00412424
1327805.622:00ec:00f0:Call KERNEL32.GetPrivateProfileStringA(004c1fec "Cdchange",004c1fe8 "Yes",004c1fe4 "Yes",0022eff4,000003ff,0022eef0 "Y:\\Documents\\omk\\fr\\IAM\\cdchange.txt") ret=004124d4
1327805.622:00ec:00f0:Ret  KERNEL32.GetPrivateProfileStringA() retval=00000003 ret=004124d4
1327805.622:00ec:00f0:Call KERNEL32.GetPrivateProfileStringA(004c2000 "Cdchange",004c1ffc "No",004c1ff8 "No",0022eff4,000003ff,0022eef0 "Y:\\Documents\\omk\\fr\\IAM\\cdchange.txt") ret=00412595
1327805.622:00ec:00f0:Ret  KERNEL32.GetPrivateProfileStringA() retval=00000003 ret=00412595
1327805.626:00ec:00f0:Call KERNEL32.GetPrivateProfileStringA(004c1fd8 "Cdchange",004c1fcc "Quitgame",004c1fc0 "Quit game ?",0022eff4,000003ff,0022eef0 "Y:\\Documents\\omk\\fr\\IAM\\cdchange.txt") ret=00412424
1327805.626:00ec:00f0:Ret  KERNEL32.GetPrivateProfileStringA() retval=00000010 ret=00412424
1327805.626:00ec:00f0:Call KERNEL32.GetPrivateProfileStringA(004c1fec "Cdchange",004c1fe8 "Yes",004c1fe4 "Yes",0022eff4,000003ff,0022eef0 "Y:\\Documents\\omk\\fr\\IAM\\cdchange.txt") ret=004124d4
1327805.626:00ec:00f0:Ret  KERNEL32.GetPrivateProfileStringA() retval=00000003 ret=004124d4
1327805.626:00ec:00f0:Call KERNEL32.GetPrivateProfileStringA(004c2000 "Cdchange",004c1ffc "No",004c1ff8 "No",0022eff4,000003ff,0022eef0 "Y:\\Documents\\omk\\fr\\IAM\\cdchange.txt") ret=00412595
1327805.627:00ec:00f0:Ret  KERNEL32.GetPrivateProfileStringA() retval=00000003 ret=00412595
1327805.638:00ec:00f0:Call KERNEL32.GetPrivateProfileStringA(004c1fd8 "Cdchange",004c1fcc "Quitgame",004c1fc0 "Quit game ?",0022eff4,000003ff,0022eef0 "Y:\\Documents\\omk\\fr\\IAM\\cdchange.txt") ret=00412424
1327805.639:00ec:00f0:Ret  KERNEL32.GetPrivateProfileStringA() retval=00000010 ret=00412424
1327805.639:00ec:00f0:Call KERNEL32.GetPrivateProfileStringA(004c1fec "Cdchange",004c1fe8 "Yes",004c1fe4 "Yes",0022eff4,000003ff,0022eef0 "Y:\\Documents\\omk\\fr\\IAM\\cdchange.txt") ret=004124d4
1327805.639:00ec:00f0:Ret  KERNEL32.GetPrivateProfileStringA() retval=00000003 ret=004124d4
1327805.639:00ec:00f0:Call KERNEL32.GetPrivateProfileStringA(004c2000 "Cdchange",004c1ffc "No",004c1ff8 "No",0022eff4,000003ff,0022eef0 "Y:\\Documents\\omk\\fr\\IAM\\cdchange.txt") ret=00412595
1327805.639:00ec:00f0:Ret  KERNEL32.GetPrivateProfileStringA() retval=00000003 ret=00412595
1327805.648:00ec:00f0:Call KERNEL32.GetPrivateProfileStringA(004c1fd8 "Cdchange",004c1fcc "Quitgame",004c1fc0 "Quit game ?",0022eff4,000003ff,0022eef0 "Y:\\Documents\\omk\\fr\\IAM\\cdchange.txt") ret=00412424
1327805.648:00ec:00f0:Ret  KERNEL32.GetPrivateProfileStringA() retval=00000010 ret=00412424
1327805.648:00ec:00f0:Call KERNEL32.GetPrivateProfileStringA(004c1fec "Cdchange",004c1fe8 "Yes",004c1fe4 "Yes",0022eff4,000003ff,0022eef0 "Y:\\Documents\\omk\\fr\\IAM\\cdchange.txt") ret=004124d4
1327805.648:00ec:00f0:Ret  KERNEL32.GetPrivateProfileStringA() retval=00000003 ret=004124d4
1327805.648:00ec:00f0:Call KERNEL32.GetPrivateProfileStringA(004c2000 "Cdchange",004c1ffc "No",004c1ff8 "No",0022eff4,000003ff,0022eef0 "Y:\\Documents\\omk\\fr\\IAM\\cdchange.txt") ret=00412595
1327805.649:00ec:00f0:Ret  KERNEL32.GetPrivateProfileStringA() retval=00000003 ret=00412595
1327805.650:00ec:00f0:Call KERNEL32.GetPrivateProfileStringA(004c1fd8 "Cdchange",004c1fcc "Quitgame",004c1fc0 "Quit game ?",0022eff4,000003ff,0022eef0 "Y:\\Documents\\omk\\fr\\IAM\\cdchange.txt") ret=00412424
1327805.651:00ec:00f0:Ret  KERNEL32.GetPrivateProfileStringA() retval=00000010 ret=00412424
1327805.651:00ec:00f0:Call KERNEL32.GetPrivateProfileStringA(004c1fec "Cdchange",004c1fe8 "Yes",004c1fe4 "Yes",0022eff4,000003ff,0022eef0 "Y:\\Documents\\omk\\fr\\IAM\\cdchange.txt") ret=004124d4
1327805.651:00ec:00f0:Ret  KERNEL32.GetPrivateProfileStringA() retval=00000003 ret=004124d4
1327805.651:00ec:00f0:Call KERNEL32.GetPrivateProfileStringA(004c2000 "Cdchange",004c1ffc "No",004c1ff8 "No",0022eff4,000003ff,0022eef0 "Y:\\Documents\\omk\\fr\\IAM\\cdchange.txt") ret=00412595
1327805.651:00ec:00f0:Ret  KERNEL32.GetPrivateProfileStringA() retval=00000003 ret=00412595
1327805.663:00ec:00f0:Call KERNEL32.GetPrivateProfileStringA(004c1fd8 "Cdchange",004c1fcc "Quitgame",004c1fc0 "Quit game ?",0022eff4,000003ff,0022eef0 "Y:\\Documents\\omk\\fr\\IAM\\cdchange.txt") ret=00412424
1327805.664:00ec:00f0:Ret  KERNEL32.GetPrivateProfileStringA() retval=00000010 ret=00412424
1327805.664:00ec:00f0:Call KERNEL32.GetPrivateProfileStringA(004c1fec "Cdchange",004c1fe8 "Yes",004c1fe4 "Yes",0022eff4,000003ff,0022eef0 "Y:\\Documents\\omk\\fr\\IAM\\cdchange.txt") ret=004124d4
1327805.664:00ec:00f0:Ret  KERNEL32.GetPrivateProfileStringA() retval=00000003 ret=004124d4
1327805.664:00ec:00f0:Call KERNEL32.GetPrivateProfileStringA(004c2000 "Cdchange",004c1ffc "No",004c1ff8 "No",0022eff4,000003ff,0022eef0 "Y:\\Documents\\omk\\fr\\IAM\\cdchange.txt") ret=00412595
1327805.664:00ec:00f0:Ret  KERNEL32.GetPrivateProfileStringA() retval=00000003 ret=00412595
1327805.671:00ec:00f0:Call KERNEL32.GetPrivateProfileStringA(004c1fd8 "Cdchange",004c1fcc "Quitgame",004c1fc0 "Quit game ?",0022eff4,000003ff,0022eef0 "Y:\\Documents\\omk\\fr\\IAM\\cdchange.txt") ret=00412424
1327805.672:00ec:00f0:Ret  KERNEL32.GetPrivateProfileStringA() retval=00000010 ret=00412424
1327805.672:00ec:00f0:Call KERNEL32.GetPrivateProfileStringA(004c1fec "Cdchange",004c1fe8 "Yes",004c1fe4 "Yes",0022eff4,000003ff,0022eef0 "Y:\\Documents\\omk\\fr\\IAM\\cdchange.txt") ret=004124d4
1327805.672:00ec:00f0:Ret  KERNEL32.GetPrivateProfileStringA() retval=00000003 ret=004124d4
1327805.672:00ec:00f0:Call KERNEL32.GetPrivateProfileStringA(004c2000 "Cdchange",004c1ffc "No",004c1ff8 "No",0022eff4,000003ff,0022eef0 "Y:\\Documents\\omk\\fr\\IAM\\cdchange.txt") ret=00412595
1327805.672:00ec:00f0:Ret  KERNEL32.GetPrivateProfileStringA() retval=00000003 ret=00412595
1327805.676:00ec:00f0:Call KERNEL32.GetPrivateProfileStringA(004c1fd8 "Cdchange",004c1fcc "Quitgame",004c1fc0 "Quit game ?",0022eff4,000003ff,0022eef0 "Y:\\Documents\\omk\\fr\\IAM\\cdchange.txt") ret=00412424
1327805.676:00ec:00f0:Ret  KERNEL32.GetPrivateProfileStringA() retval=00000010 ret=00412424
1327805.676:00ec:00f0:Call KERNEL32.GetPrivateProfileStringA(004c1fec "Cdchange",004c1fe8 "Yes",004c1fe4 "Yes",0022eff4,000003ff,0022eef0 "Y:\\Documents\\omk\\fr\\IAM\\cdchange.txt") ret=004124d4
1327805.676:00ec:00f0:Ret  KERNEL32.GetPrivateProfileStringA() retval=00000003 ret=004124d4
1327805.676:00ec:00f0:Call KERNEL32.GetPrivateProfileStringA(004c2000 "Cdchange",004c1ffc "No",004c1ff8 "No",0022eff4,000003ff,0022eef0 "Y:\\Documents\\omk\\fr\\IAM\\cdchange.txt") ret=00412595
1327805.676:00ec:00f0:Ret  KERNEL32.GetPrivateProfileStringA() retval=00000003 ret=00412595
1327805.688:00ec:00f0:Call KERNEL32.GetPrivateProfileStringA(004c1fd8 "Cdchange",004c1fcc "Quitgame",004c1fc0 "Quit game ?",0022eff4,000003ff,0022eef0 "Y:\\Documents\\omk\\fr\\IAM\\cdchange.txt") ret=00412424
1327805.688:00ec:00f0:Ret  KERNEL32.GetPrivateProfileStringA() retval=00000010 ret=00412424
1327805.688:00ec:00f0:Call KERNEL32.GetPrivateProfileStringA(004c1fec "Cdchange",004c1fe8 "Yes",004c1fe4 "Yes",0022eff4,000003ff,0022eef0 "Y:\\Documents\\omk\\fr\\IAM\\cdchange.txt") ret=004124d4
1327805.689:00ec:00f0:Ret  KERNEL32.GetPrivateProfileStringA() retval=00000003 ret=004124d4
1327805.689:00ec:00f0:Call KERNEL32.GetPrivateProfileStringA(004c2000 "Cdchange",004c1ffc "No",004c1ff8 "No",0022eff4,000003ff,0022eef0 "Y:\\Documents\\omk\\fr\\IAM\\cdchange.txt") ret=00412595
1327805.689:00ec:00f0:Ret  KERNEL32.GetPrivateProfileStringA() retval=00000003 ret=00412595
1327805.698:00ec:00f0:Call KERNEL32.GetPrivateProfileStringA(004c1fd8 "Cdchange",004c1fcc "Quitgame",004c1fc0 "Quit game ?",0022eff4,000003ff,0022eef0 "Y:\\Documents\\omk\\fr\\IAM\\cdchange.txt") ret=00412424
1327805.698:00ec:00f0:Ret  KERNEL32.GetPrivateProfileStringA() retval=00000010 ret=00412424
1327805.698:00ec:00f0:Call KERNEL32.GetPrivateProfileStringA(004c1fec "Cdchange",004c1fe8 "Yes",004c1fe4 "Yes",0022eff4,000003ff,0022eef0 "Y:\\Documents\\omk\\fr\\IAM\\cdchange.txt") ret=004124d4
1327805.699:00ec:00f0:Ret  KERNEL32.GetPrivateProfileStringA() retval=00000003 ret=004124d4
1327805.699:00ec:00f0:Call KERNEL32.GetPrivateProfileStringA(004c2000 "Cdchange",004c1ffc "No",004c1ff8 "No",0022eff4,000003ff,0022eef0 "Y:\\Documents\\omk\\fr\\IAM\\cdchange.txt") ret=00412595
1327805.699:00ec:00f0:Ret  KERNEL32.GetPrivateProfileStringA() retval=00000003 ret=00412595
1327805.714:00ec:00f0:Call KERNEL32.GetPrivateProfileStringA(004c1fd8 "Cdchange",004c1fcc "Quitgame",004c1fc0 "Quit game ?",0022eff4,000003ff,0022eef0 "Y:\\Documents\\omk\\fr\\IAM\\cdchange.txt") ret=00412424
1327805.714:00ec:00f0:Ret  KERNEL32.GetPrivateProfileStringA() retval=00000010 ret=00412424
1327805.714:00ec:00f0:Call KERNEL32.GetPrivateProfileStringA(004c1fec "Cdchange",004c1fe8 "Yes",004c1fe4 "Yes",0022eff4,000003ff,0022eef0 "Y:\\Documents\\omk\\fr\\IAM\\cdchange.txt") ret=004124d4
1327805.714:00ec:00f0:Ret  KERNEL32.GetPrivateProfileStringA() retval=00000003 ret=004124d4
1327805.714:00ec:00f0:Call KERNEL32.GetPrivateProfileStringA(004c2000 "Cdchange",004c1ffc "No",004c1ff8 "No",0022eff4,000003ff,0022eef0 "Y:\\Documents\\omk\\fr\\IAM\\cdchange.txt") ret=00412595
1327805.714:00ec:00f0:Ret  KERNEL32.GetPrivateProfileStringA() retval=00000003 ret=00412595
1327805.722:00ec:00f0:Call KERNEL32.GetPrivateProfileStringA(004c1fd8 "Cdchange",004c1fcc "Quitgame",004c1fc0 "Quit game ?",0022eff4,000003ff,0022eef0 "Y:\\Documents\\omk\\fr\\IAM\\cdchange.txt") ret=00412424
1327805.723:00ec:00f0:Ret  KERNEL32.GetPrivateProfileStringA() retval=00000010 ret=00412424
1327805.723:00ec:00f0:Call KERNEL32.GetPrivateProfileStringA(004c1fec "Cdchange",004c1fe8 "Yes",004c1fe4 "Yes",0022eff4,000003ff,0022eef0 "Y:\\Documents\\omk\\fr\\IAM\\cdchange.txt") ret=004124d4
1327805.723:00ec:00f0:Ret  KERNEL32.GetPrivateProfileStringA() retval=00000003 ret=004124d4
1327805.723:00ec:00f0:Call KERNEL32.GetPrivateProfileStringA(004c2000 "Cdchange",004c1ffc "No",004c1ff8 "No",0022eff4,000003ff,0022eef0 "Y:\\Documents\\omk\\fr\\IAM\\cdchange.txt") ret=00412595
1327805.723:00ec:00f0:Ret  KERNEL32.GetPrivateProfileStringA() retval=00000003 ret=00412595
1327805.738:00ec:00f0:Call KERNEL32.GetPrivateProfileStringA(004c1fd8 "Cdchange",004c1fcc "Quitgame",004c1fc0 "Quit game ?",0022eff4,000003ff,0022eef0 "Y:\\Documents\\omk\\fr\\IAM\\cdchange.txt") ret=00412424
1327805.739:00ec:00f0:Ret  KERNEL32.GetPrivateProfileStringA() retval=00000010 ret=00412424
1327805.739:00ec:00f0:Call KERNEL32.GetPrivateProfileStringA(004c1fec "Cdchange",004c1fe8 "Yes",004c1fe4 "Yes",0022eff4,000003ff,0022eef0 "Y:\\Documents\\omk\\fr\\IAM\\cdchange.txt") ret=004124d4
1327805.739:00ec:00f0:Ret  KERNEL32.GetPrivateProfileStringA() retval=00000003 ret=004124d4
1327805.739:00ec:00f0:Call KERNEL32.GetPrivateProfileStringA(004c2000 "Cdchange",004c1ffc "No",004c1ff8 "No",0022eff4,000003ff,0022eef0 "Y:\\Documents\\omk\\fr\\IAM\\cdchange.txt") ret=00412595
1327805.739:00ec:00f0:Ret  KERNEL32.GetPrivateProfileStringA() retval=00000003 ret=00412595
1327805.749:00ec:00f0:Call KERNEL32.GetPrivateProfileStringA(004c1fd8 "Cdchange",004c1fcc "Quitgame",004c1fc0 "Quit game ?",0022eff4,000003ff,0022eef0 "Y:\\Documents\\omk\\fr\\IAM\\cdchange.txt") ret=00412424
1327805.749:00ec:00f0:Ret  KERNEL32.GetPrivateProfileStringA() retval=00000010 ret=00412424
1327805.749:00ec:00f0:Call KERNEL32.GetPrivateProfileStringA(004c1fec "Cdchange",004c1fe8 "Yes",004c1fe4 "Yes",0022eff4,000003ff,0022eef0 "Y:\\Documents\\omk\\fr\\IAM\\cdchange.txt") ret=004124d4
1327805.750:00ec:00f0:Ret  KERNEL32.GetPrivateProfileStringA() retval=00000003 ret=004124d4
1327805.750:00ec:00f0:Call KERNEL32.GetPrivateProfileStringA(004c2000 "Cdchange",004c1ffc "No",004c1ff8 "No",0022eff4,000003ff,0022eef0 "Y:\\Documents\\omk\\fr\\IAM\\cdchange.txt") ret=00412595
1327805.750:00ec:00f0:Ret  KERNEL32.GetPrivateProfileStringA() retval=00000003 ret=00412595
1327805.764:00ec:00f0:Call KERNEL32.GetPrivateProfileStringA(004c1fd8 "Cdchange",004c1fcc "Quitgame",004c1fc0 "Quit game ?",0022eff4,000003ff,0022eef0 "Y:\\Documents\\omk\\fr\\IAM\\cdchange.txt") ret=00412424
1327805.764:00ec:00f0:Ret  KERNEL32.GetPrivateProfileStringA() retval=00000010 ret=00412424
1327805.764:00ec:00f0:Call KERNEL32.GetPrivateProfileStringA(004c1fec "Cdchange",004c1fe8 "Yes",004c1fe4 "Yes",0022eff4,000003ff,0022eef0 "Y:\\Documents\\omk\\fr\\IAM\\cdchange.txt") ret=004124d4
1327805.764:00ec:00f0:Ret  KERNEL32.GetPrivateProfileStringA() retval=00000003 ret=004124d4
1327805.764:00ec:00f0:Call KERNEL32.GetPrivateProfileStringA(004c2000 "Cdchange",004c1ffc "No",004c1ff8 "No",0022eff4,000003ff,0022eef0 "Y:\\Documents\\omk\\fr\\IAM\\cdchange.txt") ret=00412595
1327805.765:00ec:00f0:Ret  KERNEL32.GetPrivateProfileStringA() retval=00000003 ret=00412595
1327805.771:00ec:00f0:Call KERNEL32.GetPrivateProfileStringA(004c1fd8 "Cdchange",004c1fcc "Quitgame",004c1fc0 "Quit game ?",0022eff4,000003ff,0022eef0 "Y:\\Documents\\omk\\fr\\IAM\\cdchange.txt") ret=00412424
1327805.772:00ec:00f0:Ret  KERNEL32.GetPrivateProfileStringA() retval=00000010 ret=00412424
1327805.772:00ec:00f0:Call KERNEL32.GetPrivateProfileStringA(004c1fec "Cdchange",004c1fe8 "Yes",004c1fe4 "Yes",0022eff4,000003ff,0022eef0 "Y:\\Documents\\omk\\fr\\IAM\\cdchange.txt") ret=004124d4
1327805.772:00ec:00f0:Ret  KERNEL32.GetPrivateProfileStringA() retval=00000003 ret=004124d4
1327805.772:00ec:00f0:Call KERNEL32.GetPrivateProfileStringA(004c2000 "Cdchange",004c1ffc "No",004c1ff8 "No",0022eff4,000003ff,0022eef0 "Y:\\Documents\\omk\\fr\\IAM\\cdchange.txt") ret=00412595
1327805.772:00ec:00f0:Ret  KERNEL32.GetPrivateProfileStringA() retval=00000003 ret=00412595
1327805.776:00ec:00f0:Call KERNEL32.GetPrivateProfileStringA(004c1fd8 "Cdchange",004c1fcc "Quitgame",004c1fc0 "Quit game ?",0022eff4,000003ff,0022eef0 "Y:\\Documents\\omk\\fr\\IAM\\cdchange.txt") ret=00412424
1327805.777:00ec:00f0:Ret  KERNEL32.GetPrivateProfileStringA() retval=00000010 ret=00412424
1327805.777:00ec:00f0:Call KERNEL32.GetPrivateProfileStringA(004c1fec "Cdchange",004c1fe8 "Yes",004c1fe4 "Yes",0022eff4,000003ff,0022eef0 "Y:\\Documents\\omk\\fr\\IAM\\cdchange.txt") ret=004124d4
1327805.777:00ec:00f0:Ret  KERNEL32.GetPrivateProfileStringA() retval=00000003 ret=004124d4
1327805.777:00ec:00f0:Call KERNEL32.GetPrivateProfileStringA(004c2000 "Cdchange",004c1ffc "No",004c1ff8 "No",0022eff4,000003ff,0022eef0 "Y:\\Documents\\omk\\fr\\IAM\\cdchange.txt") ret=00412595
1327805.777:00ec:00f0:Ret  KERNEL32.GetPrivateProfileStringA() retval=00000003 ret=00412595
1327805.789:00ec:00f0:Call KERNEL32.GetPrivateProfileStringA(004c1fd8 "Cdchange",004c1fcc "Quitgame",004c1fc0 "Quit game ?",0022eff4,000003ff,0022eef0 "Y:\\Documents\\omk\\fr\\IAM\\cdchange.txt") ret=00412424
1327805.789:00ec:00f0:Ret  KERNEL32.GetPrivateProfileStringA() retval=00000010 ret=00412424
1327805.789:00ec:00f0:Call KERNEL32.GetPrivateProfileStringA(004c1fec "Cdchange",004c1fe8 "Yes",004c1fe4 "Yes",0022eff4,000003ff,0022eef0 "Y:\\Documents\\omk\\fr\\IAM\\cdchange.txt") ret=004124d4
1327805.789:00ec:00f0:Ret  KERNEL32.GetPrivateProfileStringA() retval=00000003 ret=004124d4
1327805.789:00ec:00f0:Call KERNEL32.GetPrivateProfileStringA(004c2000 "Cdchange",004c1ffc "No",004c1ff8 "No",0022eff4,000003ff,0022eef0 "Y:\\Documents\\omk\\fr\\IAM\\cdchange.txt") ret=00412595
1327805.790:00ec:00f0:Ret  KERNEL32.GetPrivateProfileStringA() retval=00000003 ret=00412595
1327805.797:00ec:00f0:Call KERNEL32.GetPrivateProfileStringA(004c1fd8 "Cdchange",004c1fcc "Quitgame",004c1fc0 "Quit game ?",0022eff4,000003ff,0022eef0 "Y:\\Documents\\omk\\fr\\IAM\\cdchange.txt") ret=00412424
1327805.797:00ec:00f0:Ret  KERNEL32.GetPrivateProfileStringA() retval=00000010 ret=00412424
1327805.797:00ec:00f0:Call KERNEL32.GetPrivateProfileStringA(004c1fec "Cdchange",004c1fe8 "Yes",004c1fe4 "Yes",0022eff4,000003ff,0022eef0 "Y:\\Documents\\omk\\fr\\IAM\\cdchange.txt") ret=004124d4
1327805.798:00ec:00f0:Ret  KERNEL32.GetPrivateProfileStringA() retval=00000003 ret=004124d4
1327805.798:00ec:00f0:Call KERNEL32.GetPrivateProfileStringA(004c2000 "Cdchange",004c1ffc "No",004c1ff8 "No",0022eff4,000003ff,0022eef0 "Y:\\Documents\\omk\\fr\\IAM\\cdchange.txt") ret=00412595
1327805.798:00ec:00f0:Ret  KERNEL32.GetPrivateProfileStringA() retval=00000003 ret=00412595
1327805.803:00ec:00f0:Call KERNEL32.GetPrivateProfileStringA(004c1fd8 "Cdchange",004c1fcc "Quitgame",004c1fc0 "Quit game ?",0022eff4,000003ff,0022eef0 "Y:\\Documents\\omk\\fr\\IAM\\cdchange.txt") ret=00412424
1327805.804:00ec:00f0:Ret  KERNEL32.GetPrivateProfileStringA() retval=00000010 ret=00412424
1327805.804:00ec:00f0:Call KERNEL32.GetPrivateProfileStringA(004c1fec "Cdchange",004c1fe8 "Yes",004c1fe4 "Yes",0022eff4,000003ff,0022eef0 "Y:\\Documents\\omk\\fr\\IAM\\cdchange.txt") ret=004124d4
1327805.804:00ec:00f0:Ret  KERNEL32.GetPrivateProfileStringA() retval=00000003 ret=004124d4
1327805.804:00ec:00f0:Call KERNEL32.GetPrivateProfileStringA(004c2000 "Cdchange",004c1ffc "No",004c1ff8 "No",0022eff4,000003ff,0022eef0 "Y:\\Documents\\omk\\fr\\IAM\\cdchange.txt") ret=00412595
1327805.804:00ec:00f0:Ret  KERNEL32.GetPrivateProfileStringA() retval=00000003 ret=00412595
1327805.808:00ec:00f0:Call KERNEL32.GetPrivateProfileStringA(004c1fd8 "Cdchange",004c1fcc "Quitgame",004c1fc0 "Quit game ?",0022eff4,000003ff,0022eef0 "Y:\\Documents\\omk\\fr\\IAM\\cdchange.txt") ret=00412424
1327805.808:00ec:00f0:Ret  KERNEL32.GetPrivateProfileStringA() retval=00000010 ret=00412424
1327805.808:00ec:00f0:Call KERNEL32.GetPrivateProfileStringA(004c1fec "Cdchange",004c1fe8 "Yes",004c1fe4 "Yes",0022eff4,000003ff,0022eef0 "Y:\\Documents\\omk\\fr\\IAM\\cdchange.txt") ret=004124d4
1327805.808:00ec:00f0:Ret  KERNEL32.GetPrivateProfileStringA() retval=00000003 ret=004124d4
1327805.808:00ec:00f0:Call KERNEL32.GetPrivateProfileStringA(004c2000 "Cdchange",004c1ffc "No",004c1ff8 "No",0022eff4,000003ff,0022eef0 "Y:\\Documents\\omk\\fr\\IAM\\cdchange.txt") ret=00412595
1327805.808:00ec:00f0:Ret  KERNEL32.GetPrivateProfileStringA() retval=00000003 ret=00412595
1327805.822:00ec:00f0:Call KERNEL32.GetPrivateProfileStringA(004c1fd8 "Cdchange",004c1fcc "Quitgame",004c1fc0 "Quit game ?",0022eff4,000003ff,0022eef0 "Y:\\Documents\\omk\\fr\\IAM\\cdchange.txt") ret=00412424
1327805.822:00ec:00f0:Ret  KERNEL32.GetPrivateProfileStringA() retval=00000010 ret=00412424
1327805.822:00ec:00f0:Call KERNEL32.GetPrivateProfileStringA(004c1fec "Cdchange",004c1fe8 "Yes",004c1fe4 "Yes",0022eff4,000003ff,0022eef0 "Y:\\Documents\\omk\\fr\\IAM\\cdchange.txt") ret=004124d4
1327805.822:00ec:00f0:Ret  KERNEL32.GetPrivateProfileStringA() retval=00000003 ret=004124d4
1327805.822:00ec:00f0:Call KERNEL32.GetPrivateProfileStringA(004c2000 "Cdchange",004c1ffc "No",004c1ff8 "No",0022eff4,000003ff,0022eef0 "Y:\\Documents\\omk\\fr\\IAM\\cdchange.txt") ret=00412595
1327805.823:00ec:00f0:Ret  KERNEL32.GetPrivateProfileStringA() retval=00000003 ret=00412595
1327805.830:00ec:00f0:Call KERNEL32.GetPrivateProfileStringA(004c1fd8 "Cdchange",004c1fcc "Quitgame",004c1fc0 "Quit game ?",0022eff4,000003ff,0022eef0 "Y:\\Documents\\omk\\fr\\IAM\\cdchange.txt") ret=00412424
1327805.830:00ec:00f0:Ret  KERNEL32.GetPrivateProfileStringA() retval=00000010 ret=00412424
1327805.830:00ec:00f0:Call KERNEL32.GetPrivateProfileStringA(004c1fec "Cdchange",004c1fe8 "Yes",004c1fe4 "Yes",0022eff4,000003ff,0022eef0 "Y:\\Documents\\omk\\fr\\IAM\\cdchange.txt") ret=004124d4
1327805.831:00ec:00f0:Ret  KERNEL32.GetPrivateProfileStringA() retval=00000003 ret=004124d4
1327805.831:00ec:00f0:Call KERNEL32.GetPrivateProfileStringA(004c2000 "Cdchange",004c1ffc "No",004c1ff8 "No",0022eff4,000003ff,0022eef0 "Y:\\Documents\\omk\\fr\\IAM\\cdchange.txt") ret=00412595
1327805.831:00ec:00f0:Ret  KERNEL32.GetPrivateProfileStringA() retval=00000003 ret=00412595
1327805.833:00ec:00f0:Call KERNEL32.GetPrivateProfileStringA(004c1fd8 "Cdchange",004c1fcc "Quitgame",004c1fc0 "Quit game ?",0022eff4,000003ff,0022eef0 "Y:\\Documents\\omk\\fr\\IAM\\cdchange.txt") ret=00412424
1327805.833:00ec:00f0:Ret  KERNEL32.GetPrivateProfileStringA() retval=00000010 ret=00412424
1327805.833:00ec:00f0:Call KERNEL32.GetPrivateProfileStringA(004c1fec "Cdchange",004c1fe8 "Yes",004c1fe4 "Yes",0022eff4,000003ff,0022eef0 "Y:\\Documents\\omk\\fr\\IAM\\cdchange.txt") ret=004124d4
1327805.833:00ec:00f0:Ret  KERNEL32.GetPrivateProfileStringA() retval=00000003 ret=004124d4
1327805.833:00ec:00f0:Call KERNEL32.GetPrivateProfileStringA(004c2000 "Cdchange",004c1ffc "No",004c1ff8 "No",0022eff4,000003ff,0022eef0 "Y:\\Documents\\omk\\fr\\IAM\\cdchange.txt") ret=00412595
1327805.834:00ec:00f0:Ret  KERNEL32.GetPrivateProfileStringA() retval=00000003 ret=00412595
1327805.847:00ec:00f0:Call KERNEL32.GetPrivateProfileStringA(004c1fd8 "Cdchange",004c1fcc "Quitgame",004c1fc0 "Quit game ?",0022eff4,000003ff,0022eef0 "Y:\\Documents\\omk\\fr\\IAM\\cdchange.txt") ret=00412424
1327805.847:00ec:00f0:Ret  KERNEL32.GetPrivateProfileStringA() retval=00000010 ret=00412424
1327805.847:00ec:00f0:Call KERNEL32.GetPrivateProfileStringA(004c1fec "Cdchange",004c1fe8 "Yes",004c1fe4 "Yes",0022eff4,000003ff,0022eef0 "Y:\\Documents\\omk\\fr\\IAM\\cdchange.txt") ret=004124d4
1327805.847:00ec:00f0:Ret  KERNEL32.GetPrivateProfileStringA() retval=00000003 ret=004124d4
1327805.847:00ec:00f0:Call KERNEL32.GetPrivateProfileStringA(004c2000 "Cdchange",004c1ffc "No",004c1ff8 "No",0022eff4,000003ff,0022eef0 "Y:\\Documents\\omk\\fr\\IAM\\cdchange.txt") ret=00412595
1327805.848:00ec:00f0:Ret  KERNEL32.GetPrivateProfileStringA() retval=00000003 ret=00412595
1327805.856:00ec:00f0:Call KERNEL32.GetPrivateProfileStringA(004c1fd8 "Cdchange",004c1fcc "Quitgame",004c1fc0 "Quit game ?",0022eff4,000003ff,0022eef0 "Y:\\Documents\\omk\\fr\\IAM\\cdchange.txt") ret=00412424
1327805.856:00ec:00f0:Ret  KERNEL32.GetPrivateProfileStringA() retval=00000010 ret=00412424
1327805.856:00ec:00f0:Call KERNEL32.GetPrivateProfileStringA(004c1fec "Cdchange",004c1fe8 "Yes",004c1fe4 "Yes",0022eff4,000003ff,0022eef0 "Y:\\Documents\\omk\\fr\\IAM\\cdchange.txt") ret=004124d4
1327805.856:00ec:00f0:Ret  KERNEL32.GetPrivateProfileStringA() retval=00000003 ret=004124d4
1327805.856:00ec:00f0:Call KERNEL32.GetPrivateProfileStringA(004c2000 "Cdchange",004c1ffc "No",004c1ff8 "No",0022eff4,000003ff,0022eef0 "Y:\\Documents\\omk\\fr\\IAM\\cdchange.txt") ret=00412595
1327805.856:00ec:00f0:Ret  KERNEL32.GetPrivateProfileStringA() retval=00000003 ret=00412595
1327805.872:00ec:00f0:Call KERNEL32.GetPrivateProfileStringA(004c1fd8 "Cdchange",004c1fcc "Quitgame",004c1fc0 "Quit game ?",0022eff4,000003ff,0022eef0 "Y:\\Documents\\omk\\fr\\IAM\\cdchange.txt") ret=00412424
1327805.872:00ec:00f0:Ret  KERNEL32.GetPrivateProfileStringA() retval=00000010 ret=00412424
1327805.872:00ec:00f0:Call KERNEL32.GetPrivateProfileStringA(004c1fec "Cdchange",004c1fe8 "Yes",004c1fe4 "Yes",0022eff4,000003ff,0022eef0 "Y:\\Documents\\omk\\fr\\IAM\\cdchange.txt") ret=004124d4
1327805.872:00ec:00f0:Ret  KERNEL32.GetPrivateProfileStringA() retval=00000003 ret=004124d4
1327805.872:00ec:00f0:Call KERNEL32.GetPrivateProfileStringA(004c2000 "Cdchange",004c1ffc "No",004c1ff8 "No",0022eff4,000003ff,0022eef0 "Y:\\Documents\\omk\\fr\\IAM\\cdchange.txt") ret=00412595
1327805.872:00ec:00f0:Ret  KERNEL32.GetPrivateProfileStringA() retval=00000003 ret=00412595
1327805.882:00ec:00f0:Call KERNEL32.GetPrivateProfileStringA(004c1fd8 "Cdchange",004c1fcc "Quitgame",004c1fc0 "Quit game ?",0022eff4,000003ff,0022eef0 "Y:\\Documents\\omk\\fr\\IAM\\cdchange.txt") ret=00412424
1327805.883:00ec:00f0:Ret  KERNEL32.GetPrivateProfileStringA() retval=00000010 ret=00412424
1327805.883:00ec:00f0:Call KERNEL32.GetPrivateProfileStringA(004c1fec "Cdchange",004c1fe8 "Yes",004c1fe4 "Yes",0022eff4,000003ff,0022eef0 "Y:\\Documents\\omk\\fr\\IAM\\cdchange.txt") ret=004124d4
1327805.883:00ec:00f0:Ret  KERNEL32.GetPrivateProfileStringA() retval=00000003 ret=004124d4
1327805.883:00ec:00f0:Call KERNEL32.GetPrivateProfileStringA(004c2000 "Cdchange",004c1ffc "No",004c1ff8 "No",0022eff4,000003ff,0022eef0 "Y:\\Documents\\omk\\fr\\IAM\\cdchange.txt") ret=00412595
1327805.883:00ec:00f0:Ret  KERNEL32.GetPrivateProfileStringA() retval=00000003 ret=00412595
1327805.897:00ec:00f0:Call KERNEL32.GetPrivateProfileStringA(004c1fd8 "Cdchange",004c1fcc "Quitgame",004c1fc0 "Quit game ?",0022eff4,000003ff,0022eef0 "Y:\\Documents\\omk\\fr\\IAM\\cdchange.txt") ret=00412424
1327805.898:00ec:00f0:Ret  KERNEL32.GetPrivateProfileStringA() retval=00000010 ret=00412424
1327805.898:00ec:00f0:Call KERNEL32.GetPrivateProfileStringA(004c1fec "Cdchange",004c1fe8 "Yes",004c1fe4 "Yes",0022eff4,000003ff,0022eef0 "Y:\\Documents\\omk\\fr\\IAM\\cdchange.txt") ret=004124d4
1327805.898:00ec:00f0:Ret  KERNEL32.GetPrivateProfileStringA() retval=00000003 ret=004124d4
1327805.898:00ec:00f0:Call KERNEL32.GetPrivateProfileStringA(004c2000 "Cdchange",004c1ffc "No",004c1ff8 "No",0022eff4,000003ff,0022eef0 "Y:\\Documents\\omk\\fr\\IAM\\cdchange.txt") ret=00412595
1327805.898:00ec:00f0:Ret  KERNEL32.GetPrivateProfileStringA() retval=00000003 ret=00412595
1327805.905:00ec:00f0:Call KERNEL32.GetPrivateProfileStringA(004c1fd8 "Cdchange",004c1fcc "Quitgame",004c1fc0 "Quit game ?",0022eff4,000003ff,0022eef0 "Y:\\Documents\\omk\\fr\\IAM\\cdchange.txt") ret=00412424
1327805.905:00ec:00f0:Ret  KERNEL32.GetPrivateProfileStringA() retval=00000010 ret=00412424
1327805.905:00ec:00f0:Call KERNEL32.GetPrivateProfileStringA(004c1fec "Cdchange",004c1fe8 "Yes",004c1fe4 "Yes",0022eff4,000003ff,0022eef0 "Y:\\Documents\\omk\\fr\\IAM\\cdchange.txt") ret=004124d4
1327805.905:00ec:00f0:Ret  KERNEL32.GetPrivateProfileStringA() retval=00000003 ret=004124d4
1327805.905:00ec:00f0:Call KERNEL32.GetPrivateProfileStringA(004c2000 "Cdchange",004c1ffc "No",004c1ff8 "No",0022eff4,000003ff,0022eef0 "Y:\\Documents\\omk\\fr\\IAM\\cdchange.txt") ret=00412595
1327805.905:00ec:00f0:Ret  KERNEL32.GetPrivateProfileStringA() retval=00000003 ret=00412595
1327805.912:00ec:00f0:Call KERNEL32.GetPrivateProfileStringA(004c1fd8 "Cdchange",004c1fcc "Quitgame",004c1fc0 "Quit game ?",0022eff4,000003ff,0022eef0 "Y:\\Documents\\omk\\fr\\IAM\\cdchange.txt") ret=00412424
1327805.913:00ec:00f0:Ret  KERNEL32.GetPrivateProfileStringA() retval=00000010 ret=00412424
1327805.913:00ec:00f0:Call KERNEL32.GetPrivateProfileStringA(004c1fec "Cdchange",004c1fe8 "Yes",004c1fe4 "Yes",0022eff4,000003ff,0022eef0 "Y:\\Documents\\omk\\fr\\IAM\\cdchange.txt") ret=004124d4
1327805.913:00ec:00f0:Ret  KERNEL32.GetPrivateProfileStringA() retval=00000003 ret=004124d4
1327805.913:00ec:00f0:Call KERNEL32.GetPrivateProfileStringA(004c2000 "Cdchange",004c1ffc "No",004c1ff8 "No",0022eff4,000003ff,0022eef0 "Y:\\Documents\\omk\\fr\\IAM\\cdchange.txt") ret=00412595
1327805.913:00ec:00f0:Ret  KERNEL32.GetPrivateProfileStringA() retval=00000003 ret=00412595
1327805.916:00ec:00f0:Call KERNEL32.GetPrivateProfileStringA(004c1fd8 "Cdchange",004c1fcc "Quitgame",004c1fc0 "Quit game ?",0022eff4,000003ff,0022eef0 "Y:\\Documents\\omk\\fr\\IAM\\cdchange.txt") ret=00412424
1327805.916:00ec:00f0:Ret  KERNEL32.GetPrivateProfileStringA() retval=00000010 ret=00412424
1327805.916:00ec:00f0:Call KERNEL32.GetPrivateProfileStringA(004c1fec "Cdchange",004c1fe8 "Yes",004c1fe4 "Yes",0022eff4,000003ff,0022eef0 "Y:\\Documents\\omk\\fr\\IAM\\cdchange.txt") ret=004124d4
1327805.916:00ec:00f0:Ret  KERNEL32.GetPrivateProfileStringA() retval=00000003 ret=004124d4
1327805.916:00ec:00f0:Call KERNEL32.GetPrivateProfileStringA(004c2000 "Cdchange",004c1ffc "No",004c1ff8 "No",0022eff4,000003ff,0022eef0 "Y:\\Documents\\omk\\fr\\IAM\\cdchange.txt") ret=00412595
1327805.916:00ec:00f0:Ret  KERNEL32.GetPrivateProfileStringA() retval=00000003 ret=00412595
1327805.930:00ec:00f0:Call KERNEL32.GetPrivateProfileStringA(004c1fd8 "Cdchange",004c1fcc "Quitgame",004c1fc0 "Quit game ?",0022eff4,000003ff,0022eef0 "Y:\\Documents\\omk\\fr\\IAM\\cdchange.txt") ret=00412424
1327805.931:00ec:00f0:Ret  KERNEL32.GetPrivateProfileStringA() retval=00000010 ret=00412424
1327805.931:00ec:00f0:Call KERNEL32.GetPrivateProfileStringA(004c1fec "Cdchange",004c1fe8 "Yes",004c1fe4 "Yes",0022eff4,000003ff,0022eef0 "Y:\\Documents\\omk\\fr\\IAM\\cdchange.txt") ret=004124d4
1327805.931:00ec:00f0:Ret  KERNEL32.GetPrivateProfileStringA() retval=00000003 ret=004124d4
1327805.931:00ec:00f0:Call KERNEL32.GetPrivateProfileStringA(004c2000 "Cdchange",004c1ffc "No",004c1ff8 "No",0022eff4,000003ff,0022eef0 "Y:\\Documents\\omk\\fr\\IAM\\cdchange.txt") ret=00412595
1327805.931:00ec:00f0:Ret  KERNEL32.GetPrivateProfileStringA() retval=00000003 ret=00412595
1327805.938:00ec:00f0:Call KERNEL32.GetPrivateProfileStringA(004c1fd8 "Cdchange",004c1fcc "Quitgame",004c1fc0 "Quit game ?",0022eff4,000003ff,0022eef0 "Y:\\Documents\\omk\\fr\\IAM\\cdchange.txt") ret=00412424
1327805.938:00ec:00f0:Ret  KERNEL32.GetPrivateProfileStringA() retval=00000010 ret=00412424
1327805.938:00ec:00f0:Call KERNEL32.GetPrivateProfileStringA(004c1fec "Cdchange",004c1fe8 "Yes",004c1fe4 "Yes",0022eff4,000003ff,0022eef0 "Y:\\Documents\\omk\\fr\\IAM\\cdchange.txt") ret=004124d4
1327805.939:00ec:00f0:Ret  KERNEL32.GetPrivateProfileStringA() retval=00000003 ret=004124d4
1327805.939:00ec:00f0:Call KERNEL32.GetPrivateProfileStringA(004c2000 "Cdchange",004c1ffc "No",004c1ff8 "No",0022eff4,000003ff,0022eef0 "Y:\\Documents\\omk\\fr\\IAM\\cdchange.txt") ret=00412595
1327805.939:00ec:00f0:Ret  KERNEL32.GetPrivateProfileStringA() retval=00000003 ret=00412595
1327805.943:00ec:00f0:Call KERNEL32.GetPrivateProfileStringA(004c1fd8 "Cdchange",004c1fcc "Quitgame",004c1fc0 "Quit game ?",0022eff4,000003ff,0022eef0 "Y:\\Documents\\omk\\fr\\IAM\\cdchange.txt") ret=00412424
1327805.943:00ec:00f0:Ret  KERNEL32.GetPrivateProfileStringA() retval=00000010 ret=00412424
1327805.943:00ec:00f0:Call KERNEL32.GetPrivateProfileStringA(004c1fec "Cdchange",004c1fe8 "Yes",004c1fe4 "Yes",0022eff4,000003ff,0022eef0 "Y:\\Documents\\omk\\fr\\IAM\\cdchange.txt") ret=004124d4
1327805.943:00ec:00f0:Ret  KERNEL32.GetPrivateProfileStringA() retval=00000003 ret=004124d4
1327805.943:00ec:00f0:Call KERNEL32.GetPrivateProfileStringA(004c2000 "Cdchange",004c1ffc "No",004c1ff8 "No",0022eff4,000003ff,0022eef0 "Y:\\Documents\\omk\\fr\\IAM\\cdchange.txt") ret=00412595
1327805.943:00ec:00f0:Ret  KERNEL32.GetPrivateProfileStringA() retval=00000003 ret=00412595
1327805.955:00ec:00f0:Call KERNEL32.GetPrivateProfileStringA(004c1fd8 "Cdchange",004c1fcc "Quitgame",004c1fc0 "Quit game ?",0022eff4,000003ff,0022eef0 "Y:\\Documents\\omk\\fr\\IAM\\cdchange.txt") ret=00412424
1327805.955:00ec:00f0:Ret  KERNEL32.GetPrivateProfileStringA() retval=00000010 ret=00412424
1327805.955:00ec:00f0:Call KERNEL32.GetPrivateProfileStringA(004c1fec "Cdchange",004c1fe8 "Yes",004c1fe4 "Yes",0022eff4,000003ff,0022eef0 "Y:\\Documents\\omk\\fr\\IAM\\cdchange.txt") ret=004124d4
1327805.956:00ec:00f0:Ret  KERNEL32.GetPrivateProfileStringA() retval=00000003 ret=004124d4
1327805.956:00ec:00f0:Call KERNEL32.GetPrivateProfileStringA(004c2000 "Cdchange",004c1ffc "No",004c1ff8 "No",0022eff4,000003ff,0022eef0 "Y:\\Documents\\omk\\fr\\IAM\\cdchange.txt") ret=00412595
1327805.956:00ec:00f0:Ret  KERNEL32.GetPrivateProfileStringA() retval=00000003 ret=00412595
1327805.963:00ec:00f0:Call KERNEL32.GetPrivateProfileStringA(004c1fd8 "Cdchange",004c1fcc "Quitgame",004c1fc0 "Quit game ?",0022eff4,000003ff,0022eef0 "Y:\\Documents\\omk\\fr\\IAM\\cdchange.txt") ret=00412424
1327805.964:00ec:00f0:Ret  KERNEL32.GetPrivateProfileStringA() retval=00000010 ret=00412424
1327805.964:00ec:00f0:Call KERNEL32.GetPrivateProfileStringA(004c1fec "Cdchange",004c1fe8 "Yes",004c1fe4 "Yes",0022eff4,000003ff,0022eef0 "Y:\\Documents\\omk\\fr\\IAM\\cdchange.txt") ret=004124d4
1327805.964:00ec:00f0:Ret  KERNEL32.GetPrivateProfileStringA() retval=00000003 ret=004124d4
1327805.964:00ec:00f0:Call KERNEL32.GetPrivateProfileStringA(004c2000 "Cdchange",004c1ffc "No",004c1ff8 "No",0022eff4,000003ff,0022eef0 "Y:\\Documents\\omk\\fr\\IAM\\cdchange.txt") ret=00412595
1327805.964:00ec:00f0:Ret  KERNEL32.GetPrivateProfileStringA() retval=00000003 ret=00412595
1327805.966:00ec:00f0:Call KERNEL32.GetPrivateProfileStringA(004c1fd8 "Cdchange",004c1fcc "Quitgame",004c1fc0 "Quit game ?",0022eff4,000003ff,0022eef0 "Y:\\Documents\\omk\\fr\\IAM\\cdchange.txt") ret=00412424
1327805.966:00ec:00f0:Ret  KERNEL32.GetPrivateProfileStringA() retval=00000010 ret=00412424
1327805.966:00ec:00f0:Call KERNEL32.GetPrivateProfileStringA(004c1fec "Cdchange",004c1fe8 "Yes",004c1fe4 "Yes",0022eff4,000003ff,0022eef0 "Y:\\Documents\\omk\\fr\\IAM\\cdchange.txt") ret=004124d4
1327805.967:00ec:00f0:Ret  KERNEL32.GetPrivateProfileStringA() retval=00000003 ret=004124d4
1327805.967:00ec:00f0:Call KERNEL32.GetPrivateProfileStringA(004c2000 "Cdchange",004c1ffc "No",004c1ff8 "No",0022eff4,000003ff,0022eef0 "Y:\\Documents\\omk\\fr\\IAM\\cdchange.txt") ret=00412595
1327805.967:00ec:00f0:Ret  KERNEL32.GetPrivateProfileStringA() retval=00000003 ret=00412595
1327805.980:00ec:00f0:Call KERNEL32.GetPrivateProfileStringA(004c1fd8 "Cdchange",004c1fcc "Quitgame",004c1fc0 "Quit game ?",0022eff4,000003ff,0022eef0 "Y:\\Documents\\omk\\fr\\IAM\\cdchange.txt") ret=00412424
1327805.981:00ec:00f0:Ret  KERNEL32.GetPrivateProfileStringA() retval=00000010 ret=00412424
1327805.981:00ec:00f0:Call KERNEL32.GetPrivateProfileStringA(004c1fec "Cdchange",004c1fe8 "Yes",004c1fe4 "Yes",0022eff4,000003ff,0022eef0 "Y:\\Documents\\omk\\fr\\IAM\\cdchange.txt") ret=004124d4
1327805.981:00ec:00f0:Ret  KERNEL32.GetPrivateProfileStringA() retval=00000003 ret=004124d4
1327805.981:00ec:00f0:Call KERNEL32.GetPrivateProfileStringA(004c2000 "Cdchange",004c1ffc "No",004c1ff8 "No",0022eff4,000003ff,0022eef0 "Y:\\Documents\\omk\\fr\\IAM\\cdchange.txt") ret=00412595
1327805.981:00ec:00f0:Ret  KERNEL32.GetPrivateProfileStringA() retval=00000003 ret=00412595
1327805.989:00ec:00f0:Call KERNEL32.GetPrivateProfileStringA(004c1fd8 "Cdchange",004c1fcc "Quitgame",004c1fc0 "Quit game ?",0022eff4,000003ff,0022eef0 "Y:\\Documents\\omk\\fr\\IAM\\cdchange.txt") ret=00412424
1327805.990:00ec:00f0:Ret  KERNEL32.GetPrivateProfileStringA() retval=00000010 ret=00412424
1327805.990:00ec:00f0:Call KERNEL32.GetPrivateProfileStringA(004c1fec "Cdchange",004c1fe8 "Yes",004c1fe4 "Yes",0022eff4,000003ff,0022eef0 "Y:\\Documents\\omk\\fr\\IAM\\cdchange.txt") ret=004124d4
1327805.990:00ec:00f0:Ret  KERNEL32.GetPrivateProfileStringA() retval=00000003 ret=004124d4
1327805.990:00ec:00f0:Call KERNEL32.GetPrivateProfileStringA(004c2000 "Cdchange",004c1ffc "No",004c1ff8 "No",0022eff4,000003ff,0022eef0 "Y:\\Documents\\omk\\fr\\IAM\\cdchange.txt") ret=00412595
1327805.990:00ec:00f0:Ret  KERNEL32.GetPrivateProfileStringA() retval=00000003 ret=00412595
1327806.005:00ec:00f0:Call KERNEL32.GetPrivateProfileStringA(004c1fd8 "Cdchange",004c1fcc "Quitgame",004c1fc0 "Quit game ?",0022eff4,000003ff,0022eef0 "Y:\\Documents\\omk\\fr\\IAM\\cdchange.txt") ret=00412424
1327806.005:00ec:00f0:Ret  KERNEL32.GetPrivateProfileStringA() retval=00000010 ret=00412424
1327806.006:00ec:00f0:Call KERNEL32.GetPrivateProfileStringA(004c1fec "Cdchange",004c1fe8 "Yes",004c1fe4 "Yes",0022eff4,000003ff,0022eef0 "Y:\\Documents\\omk\\fr\\IAM\\cdchange.txt") ret=004124d4
1327806.006:00ec:00f0:Ret  KERNEL32.GetPrivateProfileStringA() retval=00000003 ret=004124d4
1327806.006:00ec:00f0:Call KERNEL32.GetPrivateProfileStringA(004c2000 "Cdchange",004c1ffc "No",004c1ff8 "No",0022eff4,000003ff,0022eef0 "Y:\\Documents\\omk\\fr\\IAM\\cdchange.txt") ret=00412595
1327806.006:00ec:00f0:Ret  KERNEL32.GetPrivateProfileStringA() retval=00000003 ret=00412595
1327806.016:00ec:00f0:Call KERNEL32.GetPrivateProfileStringA(004c1fd8 "Cdchange",004c1fcc "Quitgame",004c1fc0 "Quit game ?",0022eff4,000003ff,0022eef0 "Y:\\Documents\\omk\\fr\\IAM\\cdchange.txt") ret=00412424
1327806.016:00ec:00f0:Ret  KERNEL32.GetPrivateProfileStringA() retval=00000010 ret=00412424
1327806.016:00ec:00f0:Call KERNEL32.GetPrivateProfileStringA(004c1fec "Cdchange",004c1fe8 "Yes",004c1fe4 "Yes",0022eff4,000003ff,0022eef0 "Y:\\Documents\\omk\\fr\\IAM\\cdchange.txt") ret=004124d4
1327806.017:00ec:00f0:Ret  KERNEL32.GetPrivateProfileStringA() retval=00000003 ret=004124d4
1327806.017:00ec:00f0:Call KERNEL32.GetPrivateProfileStringA(004c2000 "Cdchange",004c1ffc "No",004c1ff8 "No",0022eff4,000003ff,0022eef0 "Y:\\Documents\\omk\\fr\\IAM\\cdchange.txt") ret=00412595
1327806.017:00ec:00f0:Ret  KERNEL32.GetPrivateProfileStringA() retval=00000003 ret=00412595
1327806.030:00ec:00f0:Call KERNEL32.GetPrivateProfileStringA(004c1fd8 "Cdchange",004c1fcc "Quitgame",004c1fc0 "Quit game ?",0022eff4,000003ff,0022eef0 "Y:\\Documents\\omk\\fr\\IAM\\cdchange.txt") ret=00412424
1327806.031:00ec:00f0:Ret  KERNEL32.GetPrivateProfileStringA() retval=00000010 ret=00412424
1327806.031:00ec:00f0:Call KERNEL32.GetPrivateProfileStringA(004c1fec "Cdchange",004c1fe8 "Yes",004c1fe4 "Yes",0022eff4,000003ff,0022eef0 "Y:\\Documents\\omk\\fr\\IAM\\cdchange.txt") ret=004124d4
1327806.031:00ec:00f0:Ret  KERNEL32.GetPrivateProfileStringA() retval=00000003 ret=004124d4
1327806.031:00ec:00f0:Call KERNEL32.GetPrivateProfileStringA(004c2000 "Cdchange",004c1ffc "No",004c1ff8 "No",0022eff4,000003ff,0022eef0 "Y:\\Documents\\omk\\fr\\IAM\\cdchange.txt") ret=00412595
1327806.031:00ec:00f0:Ret  KERNEL32.GetPrivateProfileStringA() retval=00000003 ret=00412595
1327806.038:00ec:00f0:Call KERNEL32.GetPrivateProfileStringA(004c1fd8 "Cdchange",004c1fcc "Quitgame",004c1fc0 "Quit game ?",0022eff4,000003ff,0022eef0 "Y:\\Documents\\omk\\fr\\IAM\\cdchange.txt") ret=00412424
1327806.039:00ec:00f0:Ret  KERNEL32.GetPrivateProfileStringA() retval=00000010 ret=00412424
1327806.039:00ec:00f0:Call KERNEL32.GetPrivateProfileStringA(004c1fec "Cdchange",004c1fe8 "Yes",004c1fe4 "Yes",0022eff4,000003ff,0022eef0 "Y:\\Documents\\omk\\fr\\IAM\\cdchange.txt") ret=004124d4
1327806.039:00ec:00f0:Ret  KERNEL32.GetPrivateProfileStringA() retval=00000003 ret=004124d4
1327806.039:00ec:00f0:Call KERNEL32.GetPrivateProfileStringA(004c2000 "Cdchange",004c1ffc "No",004c1ff8 "No",0022eff4,000003ff,0022eef0 "Y:\\Documents\\omk\\fr\\IAM\\cdchange.txt") ret=00412595
1327806.039:00ec:00f0:Ret  KERNEL32.GetPrivateProfileStringA() retval=00000003 ret=00412595
1327806.043:00ec:00f0:Call KERNEL32.GetPrivateProfileStringA(004c1fd8 "Cdchange",004c1fcc "Quitgame",004c1fc0 "Quit game ?",0022eff4,000003ff,0022eef0 "Y:\\Documents\\omk\\fr\\IAM\\cdchange.txt") ret=00412424
1327806.044:00ec:00f0:Ret  KERNEL32.GetPrivateProfileStringA() retval=00000010 ret=00412424
1327806.044:00ec:00f0:Call KERNEL32.GetPrivateProfileStringA(004c1fec "Cdchange",004c1fe8 "Yes",004c1fe4 "Yes",0022eff4,000003ff,0022eef0 "Y:\\Documents\\omk\\fr\\IAM\\cdchange.txt") ret=004124d4
1327806.044:00ec:00f0:Ret  KERNEL32.GetPrivateProfileStringA() retval=00000003 ret=004124d4
1327806.044:00ec:00f0:Call KERNEL32.GetPrivateProfileStringA(004c2000 "Cdchange",004c1ffc "No",004c1ff8 "No",0022eff4,000003ff,0022eef0 "Y:\\Documents\\omk\\fr\\IAM\\cdchange.txt") ret=00412595
1327806.044:00ec:00f0:Ret  KERNEL32.GetPrivateProfileStringA() retval=00000003 ret=00412595
1327806.055:00ec:00f0:Call KERNEL32.GetPrivateProfileStringA(004c1fd8 "Cdchange",004c1fcc "Quitgame",004c1fc0 "Quit game ?",0022eff4,000003ff,0022eef0 "Y:\\Documents\\omk\\fr\\IAM\\cdchange.txt") ret=00412424
1327806.056:00ec:00f0:Ret  KERNEL32.GetPrivateProfileStringA() retval=00000010 ret=00412424
1327806.056:00ec:00f0:Call KERNEL32.GetPrivateProfileStringA(004c1fec "Cdchange",004c1fe8 "Yes",004c1fe4 "Yes",0022eff4,000003ff,0022eef0 "Y:\\Documents\\omk\\fr\\IAM\\cdchange.txt") ret=004124d4
1327806.056:00ec:00f0:Ret  KERNEL32.GetPrivateProfileStringA() retval=00000003 ret=004124d4
1327806.056:00ec:00f0:Call KERNEL32.GetPrivateProfileStringA(004c2000 "Cdchange",004c1ffc "No",004c1ff8 "No",0022eff4,000003ff,0022eef0 "Y:\\Documents\\omk\\fr\\IAM\\cdchange.txt") ret=00412595
1327806.056:00ec:00f0:Ret  KERNEL32.GetPrivateProfileStringA() retval=00000003 ret=00412595
1327806.063:00ec:00f0:Call KERNEL32.GetPrivateProfileStringA(004c1fd8 "Cdchange",004c1fcc "Quitgame",004c1fc0 "Quit game ?",0022eff4,000003ff,0022eef0 "Y:\\Documents\\omk\\fr\\IAM\\cdchange.txt") ret=00412424
1327806.064:00ec:00f0:Ret  KERNEL32.GetPrivateProfileStringA() retval=00000010 ret=00412424
1327806.064:00ec:00f0:Call KERNEL32.GetPrivateProfileStringA(004c1fec "Cdchange",004c1fe8 "Yes",004c1fe4 "Yes",0022eff4,000003ff,0022eef0 "Y:\\Documents\\omk\\fr\\IAM\\cdchange.txt") ret=004124d4
1327806.064:00ec:00f0:Ret  KERNEL32.GetPrivateProfileStringA() retval=00000003 ret=004124d4
1327806.064:00ec:00f0:Call KERNEL32.GetPrivateProfileStringA(004c2000 "Cdchange",004c1ffc "No",004c1ff8 "No",0022eff4,000003ff,0022eef0 "Y:\\Documents\\omk\\fr\\IAM\\cdchange.txt") ret=00412595
1327806.064:00ec:00f0:Ret  KERNEL32.GetPrivateProfileStringA() retval=00000003 ret=00412595
1327806.069:00ec:00f0:Call KERNEL32.GetPrivateProfileStringA(004c1fd8 "Cdchange",004c1fcc "Quitgame",004c1fc0 "Quit game ?",0022eff4,000003ff,0022eef0 "Y:\\Documents\\omk\\fr\\IAM\\cdchange.txt") ret=00412424
1327806.069:00ec:00f0:Ret  KERNEL32.GetPrivateProfileStringA() retval=00000010 ret=00412424
1327806.069:00ec:00f0:Call KERNEL32.GetPrivateProfileStringA(004c1fec "Cdchange",004c1fe8 "Yes",004c1fe4 "Yes",0022eff4,000003ff,0022eef0 "Y:\\Documents\\omk\\fr\\IAM\\cdchange.txt") ret=004124d4
1327806.069:00ec:00f0:Ret  KERNEL32.GetPrivateProfileStringA() retval=00000003 ret=004124d4
1327806.069:00ec:00f0:Call KERNEL32.GetPrivateProfileStringA(004c2000 "Cdchange",004c1ffc "No",004c1ff8 "No",0022eff4,000003ff,0022eef0 "Y:\\Documents\\omk\\fr\\IAM\\cdchange.txt") ret=00412595
1327806.069:00ec:00f0:Ret  KERNEL32.GetPrivateProfileStringA() retval=00000003 ret=00412595
1327806.084:00ec:00f0:Call KERNEL32.GetPrivateProfileStringA(004c1fd8 "Cdchange",004c1fcc "Quitgame",004c1fc0 "Quit game ?",0022eff4,000003ff,0022eef0 "Y:\\Documents\\omk\\fr\\IAM\\cdchange.txt") ret=00412424
1327806.084:00ec:00f0:Ret  KERNEL32.GetPrivateProfileStringA() retval=00000010 ret=00412424
1327806.084:00ec:00f0:Call KERNEL32.GetPrivateProfileStringA(004c1fec "Cdchange",004c1fe8 "Yes",004c1fe4 "Yes",0022eff4,000003ff,0022eef0 "Y:\\Documents\\omk\\fr\\IAM\\cdchange.txt") ret=004124d4
1327806.084:00ec:00f0:Ret  KERNEL32.GetPrivateProfileStringA() retval=00000003 ret=004124d4
1327806.084:00ec:00f0:Call KERNEL32.GetPrivateProfileStringA(004c2000 "Cdchange",004c1ffc "No",004c1ff8 "No",0022eff4,000003ff,0022eef0 "Y:\\Documents\\omk\\fr\\IAM\\cdchange.txt") ret=00412595
1327806.084:00ec:00f0:Ret  KERNEL32.GetPrivateProfileStringA() retval=00000003 ret=00412595
1327806.088:00ec:00f0:Call KERNEL32.GetPrivateProfileStringA(004c1fd8 "Cdchange",004c1fcc "Quitgame",004c1fc0 "Quit game ?",0022eff4,000003ff,0022eef0 "Y:\\Documents\\omk\\fr\\IAM\\cdchange.txt") ret=00412424
1327806.089:00ec:00f0:Ret  KERNEL32.GetPrivateProfileStringA() retval=00000010 ret=00412424
1327806.089:00ec:00f0:Call KERNEL32.GetPrivateProfileStringA(004c1fec "Cdchange",004c1fe8 "Yes",004c1fe4 "Yes",0022eff4,000003ff,0022eef0 "Y:\\Documents\\omk\\fr\\IAM\\cdchange.txt") ret=004124d4
1327806.089:00ec:00f0:Ret  KERNEL32.GetPrivateProfileStringA() retval=00000003 ret=004124d4
1327806.089:00ec:00f0:Call KERNEL32.GetPrivateProfileStringA(004c2000 "Cdchange",004c1ffc "No",004c1ff8 "No",0022eff4,000003ff,0022eef0 "Y:\\Documents\\omk\\fr\\IAM\\cdchange.txt") ret=00412595
1327806.089:00ec:00f0:Ret  KERNEL32.GetPrivateProfileStringA() retval=00000003 ret=00412595
1327806.092:00ec:00f0:Call KERNEL32.GetPrivateProfileStringA(004c1fd8 "Cdchange",004c1fcc "Quitgame",004c1fc0 "Quit game ?",0022eff4,000003ff,0022eef0 "Y:\\Documents\\omk\\fr\\IAM\\cdchange.txt") ret=00412424
1327806.092:00ec:00f0:Ret  KERNEL32.GetPrivateProfileStringA() retval=00000010 ret=00412424
1327806.092:00ec:00f0:Call KERNEL32.GetPrivateProfileStringA(004c1fec "Cdchange",004c1fe8 "Yes",004c1fe4 "Yes",0022eff4,000003ff,0022eef0 "Y:\\Documents\\omk\\fr\\IAM\\cdchange.txt") ret=004124d4
1327806.092:00ec:00f0:Ret  KERNEL32.GetPrivateProfileStringA() retval=00000003 ret=004124d4
1327806.092:00ec:00f0:Call KERNEL32.GetPrivateProfileStringA(004c2000 "Cdchange",004c1ffc "No",004c1ff8 "No",0022eff4,000003ff,0022eef0 "Y:\\Documents\\omk\\fr\\IAM\\cdchange.txt") ret=00412595
1327806.092:00ec:00f0:Ret  KERNEL32.GetPrivateProfileStringA() retval=00000003 ret=00412595
1327806.105:00ec:00f0:Call KERNEL32.GetPrivateProfileStringA(004c1fd8 "Cdchange",004c1fcc "Quitgame",004c1fc0 "Quit game ?",0022eff4,000003ff,0022eef0 "Y:\\Documents\\omk\\fr\\IAM\\cdchange.txt") ret=00412424
1327806.105:00ec:00f0:Ret  KERNEL32.GetPrivateProfileStringA() retval=00000010 ret=00412424
1327806.105:00ec:00f0:Call KERNEL32.GetPrivateProfileStringA(004c1fec "Cdchange",004c1fe8 "Yes",004c1fe4 "Yes",0022eff4,000003ff,0022eef0 "Y:\\Documents\\omk\\fr\\IAM\\cdchange.txt") ret=004124d4
1327806.105:00ec:00f0:Ret  KERNEL32.GetPrivateProfileStringA() retval=00000003 ret=004124d4
1327806.105:00ec:00f0:Call KERNEL32.GetPrivateProfileStringA(004c2000 "Cdchange",004c1ffc "No",004c1ff8 "No",0022eff4,000003ff,0022eef0 "Y:\\Documents\\omk\\fr\\IAM\\cdchange.txt") ret=00412595
1327806.105:00ec:00f0:Ret  KERNEL32.GetPrivateProfileStringA() retval=00000003 ret=00412595
1327806.113:00ec:00f0:Call KERNEL32.GetPrivateProfileStringA(004c1fd8 "Cdchange",004c1fcc "Quitgame",004c1fc0 "Quit game ?",0022eff4,000003ff,0022eef0 "Y:\\Documents\\omk\\fr\\IAM\\cdchange.txt") ret=00412424
1327806.113:00ec:00f0:Ret  KERNEL32.GetPrivateProfileStringA() retval=00000010 ret=00412424
1327806.113:00ec:00f0:Call KERNEL32.GetPrivateProfileStringA(004c1fec "Cdchange",004c1fe8 "Yes",004c1fe4 "Yes",0022eff4,000003ff,0022eef0 "Y:\\Documents\\omk\\fr\\IAM\\cdchange.txt") ret=004124d4
1327806.114:00ec:00f0:Ret  KERNEL32.GetPrivateProfileStringA() retval=00000003 ret=004124d4
1327806.114:00ec:00f0:Call KERNEL32.GetPrivateProfileStringA(004c2000 "Cdchange",004c1ffc "No",004c1ff8 "No",0022eff4,000003ff,0022eef0 "Y:\\Documents\\omk\\fr\\IAM\\cdchange.txt") ret=00412595
1327806.114:00ec:00f0:Ret  KERNEL32.GetPrivateProfileStringA() retval=00000003 ret=00412595
1327806.117:00ec:00f0:Call KERNEL32.GetPrivateProfileStringA(004c1fd8 "Cdchange",004c1fcc "Quitgame",004c1fc0 "Quit game ?",0022eff4,000003ff,0022eef0 "Y:\\Documents\\omk\\fr\\IAM\\cdchange.txt") ret=00412424
1327806.118:00ec:00f0:Ret  KERNEL32.GetPrivateProfileStringA() retval=00000010 ret=00412424
1327806.118:00ec:00f0:Call KERNEL32.GetPrivateProfileStringA(004c1fec "Cdchange",004c1fe8 "Yes",004c1fe4 "Yes",0022eff4,000003ff,0022eef0 "Y:\\Documents\\omk\\fr\\IAM\\cdchange.txt") ret=004124d4
1327806.118:00ec:00f0:Ret  KERNEL32.GetPrivateProfileStringA() retval=00000003 ret=004124d4
1327806.118:00ec:00f0:Call KERNEL32.GetPrivateProfileStringA(004c2000 "Cdchange",004c1ffc "No",004c1ff8 "No",0022eff4,000003ff,0022eef0 "Y:\\Documents\\omk\\fr\\IAM\\cdchange.txt") ret=00412595
1327806.118:00ec:00f0:Ret  KERNEL32.GetPrivateProfileStringA() retval=00000003 ret=00412595
1327806.130:00ec:00f0:Call KERNEL32.GetPrivateProfileStringA(004c1fd8 "Cdchange",004c1fcc "Quitgame",004c1fc0 "Quit game ?",0022eff4,000003ff,0022eef0 "Y:\\Documents\\omk\\fr\\IAM\\cdchange.txt") ret=00412424
1327806.130:00ec:00f0:Ret  KERNEL32.GetPrivateProfileStringA() retval=00000010 ret=00412424
1327806.130:00ec:00f0:Call KERNEL32.GetPrivateProfileStringA(004c1fec "Cdchange",004c1fe8 "Yes",004c1fe4 "Yes",0022eff4,000003ff,0022eef0 "Y:\\Documents\\omk\\fr\\IAM\\cdchange.txt") ret=004124d4
1327806.131:00ec:00f0:Ret  KERNEL32.GetPrivateProfileStringA() retval=00000003 ret=004124d4
1327806.131:00ec:00f0:Call KERNEL32.GetPrivateProfileStringA(004c2000 "Cdchange",004c1ffc "No",004c1ff8 "No",0022eff4,000003ff,0022eef0 "Y:\\Documents\\omk\\fr\\IAM\\cdchange.txt") ret=00412595
1327806.131:00ec:00f0:Ret  KERNEL32.GetPrivateProfileStringA() retval=00000003 ret=00412595
1327806.138:00ec:00f0:Call KERNEL32.GetPrivateProfileStringA(004c1fd8 "Cdchange",004c1fcc "Quitgame",004c1fc0 "Quit game ?",0022eff4,000003ff,0022eef0 "Y:\\Documents\\omk\\fr\\IAM\\cdchange.txt") ret=00412424
1327806.138:00ec:00f0:Ret  KERNEL32.GetPrivateProfileStringA() retval=00000010 ret=00412424
1327806.138:00ec:00f0:Call KERNEL32.GetPrivateProfileStringA(004c1fec "Cdchange",004c1fe8 "Yes",004c1fe4 "Yes",0022eff4,000003ff,0022eef0 "Y:\\Documents\\omk\\fr\\IAM\\cdchange.txt") ret=004124d4
1327806.139:00ec:00f0:Ret  KERNEL32.GetPrivateProfileStringA() retval=00000003 ret=004124d4
1327806.139:00ec:00f0:Call KERNEL32.GetPrivateProfileStringA(004c2000 "Cdchange",004c1ffc "No",004c1ff8 "No",0022eff4,000003ff,0022eef0 "Y:\\Documents\\omk\\fr\\IAM\\cdchange.txt") ret=00412595
1327806.139:00ec:00f0:Ret  KERNEL32.GetPrivateProfileStringA() retval=00000003 ret=00412595
1327806.141:00ec:00f0:Call KERNEL32.GetPrivateProfileStringA(004c1fd8 "Cdchange",004c1fcc "Quitgame",004c1fc0 "Quit game ?",0022eff4,000003ff,0022eef0 "Y:\\Documents\\omk\\fr\\IAM\\cdchange.txt") ret=00412424
1327806.141:00ec:00f0:Ret  KERNEL32.GetPrivateProfileStringA() retval=00000010 ret=00412424
1327806.141:00ec:00f0:Call KERNEL32.GetPrivateProfileStringA(004c1fec "Cdchange",004c1fe8 "Yes",004c1fe4 "Yes",0022eff4,000003ff,0022eef0 "Y:\\Documents\\omk\\fr\\IAM\\cdchange.txt") ret=004124d4
1327806.142:00ec:00f0:Ret  KERNEL32.GetPrivateProfileStringA() retval=00000003 ret=004124d4
1327806.142:00ec:00f0:Call KERNEL32.GetPrivateProfileStringA(004c2000 "Cdchange",004c1ffc "No",004c1ff8 "No",0022eff4,000003ff,0022eef0 "Y:\\Documents\\omk\\fr\\IAM\\cdchange.txt") ret=00412595
1327806.142:00ec:00f0:Ret  KERNEL32.GetPrivateProfileStringA() retval=00000003 ret=00412595
1327806.155:00ec:00f0:Call KERNEL32.GetPrivateProfileStringA(004c1fd8 "Cdchange",004c1fcc "Quitgame",004c1fc0 "Quit game ?",0022eff4,000003ff,0022eef0 "Y:\\Documents\\omk\\fr\\IAM\\cdchange.txt") ret=00412424
1327806.155:00ec:00f0:Ret  KERNEL32.GetPrivateProfileStringA() retval=00000010 ret=00412424
1327806.155:00ec:00f0:Call KERNEL32.GetPrivateProfileStringA(004c1fec "Cdchange",004c1fe8 "Yes",004c1fe4 "Yes",0022eff4,000003ff,0022eef0 "Y:\\Documents\\omk\\fr\\IAM\\cdchange.txt") ret=004124d4
1327806.156:00ec:00f0:Ret  KERNEL32.GetPrivateProfileStringA() retval=00000003 ret=004124d4
1327806.156:00ec:00f0:Call KERNEL32.GetPrivateProfileStringA(004c2000 "Cdchange",004c1ffc "No",004c1ff8 "No",0022eff4,000003ff,0022eef0 "Y:\\Documents\\omk\\fr\\IAM\\cdchange.txt") ret=00412595
1327806.156:00ec:00f0:Ret  KERNEL32.GetPrivateProfileStringA() retval=00000003 ret=00412595
1327806.164:00ec:00f0:Call KERNEL32.GetPrivateProfileStringA(004c1fd8 "Cdchange",004c1fcc "Quitgame",004c1fc0 "Quit game ?",0022eff4,000003ff,0022eef0 "Y:\\Documents\\omk\\fr\\IAM\\cdchange.txt") ret=00412424
1327806.165:00ec:00f0:Ret  KERNEL32.GetPrivateProfileStringA() retval=00000010 ret=00412424
1327806.165:00ec:00f0:Call KERNEL32.GetPrivateProfileStringA(004c1fec "Cdchange",004c1fe8 "Yes",004c1fe4 "Yes",0022eff4,000003ff,0022eef0 "Y:\\Documents\\omk\\fr\\IAM\\cdchange.txt") ret=004124d4
1327806.165:00ec:00f0:Ret  KERNEL32.GetPrivateProfileStringA() retval=00000003 ret=004124d4
1327806.165:00ec:00f0:Call KERNEL32.GetPrivateProfileStringA(004c2000 "Cdchange",004c1ffc "No",004c1ff8 "No",0022eff4,000003ff,0022eef0 "Y:\\Documents\\omk\\fr\\IAM\\cdchange.txt") ret=00412595
1327806.165:00ec:00f0:Ret  KERNEL32.GetPrivateProfileStringA() retval=00000003 ret=00412595
1327806.180:00ec:00f0:Call KERNEL32.GetPrivateProfileStringA(004c1fd8 "Cdchange",004c1fcc "Quitgame",004c1fc0 "Quit game ?",0022eff4,000003ff,0022eef0 "Y:\\Documents\\omk\\fr\\IAM\\cdchange.txt") ret=00412424
1327806.180:00ec:00f0:Ret  KERNEL32.GetPrivateProfileStringA() retval=00000010 ret=00412424
1327806.180:00ec:00f0:Call KERNEL32.GetPrivateProfileStringA(004c1fec "Cdchange",004c1fe8 "Yes",004c1fe4 "Yes",0022eff4,000003ff,0022eef0 "Y:\\Documents\\omk\\fr\\IAM\\cdchange.txt") ret=004124d4
1327806.181:00ec:00f0:Ret  KERNEL32.GetPrivateProfileStringA() retval=00000003 ret=004124d4
1327806.181:00ec:00f0:Call KERNEL32.GetPrivateProfileStringA(004c2000 "Cdchange",004c1ffc "No",004c1ff8 "No",0022eff4,000003ff,0022eef0 "Y:\\Documents\\omk\\fr\\IAM\\cdchange.txt") ret=00412595
1327806.181:00ec:00f0:Ret  KERNEL32.GetPrivateProfileStringA() retval=00000003 ret=00412595
1327806.189:00ec:00f0:Call KERNEL32.GetPrivateProfileStringA(004c1fd8 "Cdchange",004c1fcc "Quitgame",004c1fc0 "Quit game ?",0022eff4,000003ff,0022eef0 "Y:\\Documents\\omk\\fr\\IAM\\cdchange.txt") ret=00412424
1327806.189:00ec:00f0:Ret  KERNEL32.GetPrivateProfileStringA() retval=00000010 ret=00412424
1327806.189:00ec:00f0:Call KERNEL32.GetPrivateProfileStringA(004c1fec "Cdchange",004c1fe8 "Yes",004c1fe4 "Yes",0022eff4,000003ff,0022eef0 "Y:\\Documents\\omk\\fr\\IAM\\cdchange.txt") ret=004124d4
1327806.190:00ec:00f0:Ret  KERNEL32.GetPrivateProfileStringA() retval=00000003 ret=004124d4
1327806.190:00ec:00f0:Call KERNEL32.GetPrivateProfileStringA(004c2000 "Cdchange",004c1ffc "No",004c1ff8 "No",0022eff4,000003ff,0022eef0 "Y:\\Documents\\omk\\fr\\IAM\\cdchange.txt") ret=00412595
1327806.190:00ec:00f0:Ret  KERNEL32.GetPrivateProfileStringA() retval=00000003 ret=00412595
1327806.205:00ec:00f0:Call KERNEL32.GetPrivateProfileStringA(004c1fd8 "Cdchange",004c1fcc "Quitgame",004c1fc0 "Quit game ?",0022eff4,000003ff,0022eef0 "Y:\\Documents\\omk\\fr\\IAM\\cdchange.txt") ret=00412424
1327806.205:00ec:00f0:Ret  KERNEL32.GetPrivateProfileStringA() retval=00000010 ret=00412424
1327806.205:00ec:00f0:Call KERNEL32.GetPrivateProfileStringA(004c1fec "Cdchange",004c1fe8 "Yes",004c1fe4 "Yes",0022eff4,000003ff,0022eef0 "Y:\\Documents\\omk\\fr\\IAM\\cdchange.txt") ret=004124d4
1327806.205:00ec:00f0:Ret  KERNEL32.GetPrivateProfileStringA() retval=00000003 ret=004124d4
1327806.205:00ec:00f0:Call KERNEL32.GetPrivateProfileStringA(004c2000 "Cdchange",004c1ffc "No",004c1ff8 "No",0022eff4,000003ff,0022eef0 "Y:\\Documents\\omk\\fr\\IAM\\cdchange.txt") ret=00412595
1327806.205:00ec:00f0:Ret  KERNEL32.GetPrivateProfileStringA() retval=00000003 ret=00412595
1327806.216:00ec:00f0:Call KERNEL32.GetPrivateProfileStringA(004c1fd8 "Cdchange",004c1fcc "Quitgame",004c1fc0 "Quit game ?",0022eff4,000003ff,0022eef0 "Y:\\Documents\\omk\\fr\\IAM\\cdchange.txt") ret=00412424
1327806.216:00ec:00f0:Ret  KERNEL32.GetPrivateProfileStringA() retval=00000010 ret=00412424
1327806.216:00ec:00f0:Call KERNEL32.GetPrivateProfileStringA(004c1fec "Cdchange",004c1fe8 "Yes",004c1fe4 "Yes",0022eff4,000003ff,0022eef0 "Y:\\Documents\\omk\\fr\\IAM\\cdchange.txt") ret=004124d4
1327806.216:00ec:00f0:Ret  KERNEL32.GetPrivateProfileStringA() retval=00000003 ret=004124d4
1327806.216:00ec:00f0:Call KERNEL32.GetPrivateProfileStringA(004c2000 "Cdchange",004c1ffc "No",004c1ff8 "No",0022eff4,000003ff,0022eef0 "Y:\\Documents\\omk\\fr\\IAM\\cdchange.txt") ret=00412595
1327806.217:00ec:00f0:Ret  KERNEL32.GetPrivateProfileStringA() retval=00000003 ret=00412595
1327806.230:00ec:00f0:Call KERNEL32.GetPrivateProfileStringA(004c1fd8 "Cdchange",004c1fcc "Quitgame",004c1fc0 "Quit game ?",0022eff4,000003ff,0022eef0 "Y:\\Documents\\omk\\fr\\IAM\\cdchange.txt") ret=00412424
1327806.230:00ec:00f0:Ret  KERNEL32.GetPrivateProfileStringA() retval=00000010 ret=00412424
1327806.230:00ec:00f0:Call KERNEL32.GetPrivateProfileStringA(004c1fec "Cdchange",004c1fe8 "Yes",004c1fe4 "Yes",0022eff4,000003ff,0022eef0 "Y:\\Documents\\omk\\fr\\IAM\\cdchange.txt") ret=004124d4
1327806.230:00ec:00f0:Ret  KERNEL32.GetPrivateProfileStringA() retval=00000003 ret=004124d4
1327806.230:00ec:00f0:Call KERNEL32.GetPrivateProfileStringA(004c2000 "Cdchange",004c1ffc "No",004c1ff8 "No",0022eff4,000003ff,0022eef0 "Y:\\Documents\\omk\\fr\\IAM\\cdchange.txt") ret=00412595
1327806.231:00ec:00f0:Ret  KERNEL32.GetPrivateProfileStringA() retval=00000003 ret=00412595
1327806.238:00ec:00f0:Call KERNEL32.GetPrivateProfileStringA(004c1fd8 "Cdchange",004c1fcc "Quitgame",004c1fc0 "Quit game ?",0022eff4,000003ff,0022eef0 "Y:\\Documents\\omk\\fr\\IAM\\cdchange.txt") ret=00412424
1327806.239:00ec:00f0:Ret  KERNEL32.GetPrivateProfileStringA() retval=00000010 ret=00412424
1327806.239:00ec:00f0:Call KERNEL32.GetPrivateProfileStringA(004c1fec "Cdchange",004c1fe8 "Yes",004c1fe4 "Yes",0022eff4,000003ff,0022eef0 "Y:\\Documents\\omk\\fr\\IAM\\cdchange.txt") ret=004124d4
1327806.239:00ec:00f0:Ret  KERNEL32.GetPrivateProfileStringA() retval=00000003 ret=004124d4
1327806.239:00ec:00f0:Call KERNEL32.GetPrivateProfileStringA(004c2000 "Cdchange",004c1ffc "No",004c1ff8 "No",0022eff4,000003ff,0022eef0 "Y:\\Documents\\omk\\fr\\IAM\\cdchange.txt") ret=00412595
1327806.239:00ec:00f0:Ret  KERNEL32.GetPrivateProfileStringA() retval=00000003 ret=00412595
1327806.243:00ec:00f0:Call KERNEL32.GetPrivateProfileStringA(004c1fd8 "Cdchange",004c1fcc "Quitgame",004c1fc0 "Quit game ?",0022eff4,000003ff,0022eef0 "Y:\\Documents\\omk\\fr\\IAM\\cdchange.txt") ret=00412424
1327806.244:00ec:00f0:Ret  KERNEL32.GetPrivateProfileStringA() retval=00000010 ret=00412424
1327806.244:00ec:00f0:Call KERNEL32.GetPrivateProfileStringA(004c1fec "Cdchange",004c1fe8 "Yes",004c1fe4 "Yes",0022eff4,000003ff,0022eef0 "Y:\\Documents\\omk\\fr\\IAM\\cdchange.txt") ret=004124d4
1327806.244:00ec:00f0:Ret  KERNEL32.GetPrivateProfileStringA() retval=00000003 ret=004124d4
1327806.244:00ec:00f0:Call KERNEL32.GetPrivateProfileStringA(004c2000 "Cdchange",004c1ffc "No",004c1ff8 "No",0022eff4,000003ff,0022eef0 "Y:\\Documents\\omk\\fr\\IAM\\cdchange.txt") ret=00412595
1327806.244:00ec:00f0:Ret  KERNEL32.GetPrivateProfileStringA() retval=00000003 ret=00412595
1327806.256:00ec:00f0:Call KERNEL32.GetPrivateProfileStringA(004c1fd8 "Cdchange",004c1fcc "Quitgame",004c1fc0 "Quit game ?",0022eff4,000003ff,0022eef0 "Y:\\Documents\\omk\\fr\\IAM\\cdchange.txt") ret=00412424
1327806.257:00ec:00f0:Ret  KERNEL32.GetPrivateProfileStringA() retval=00000010 ret=00412424
1327806.257:00ec:00f0:Call KERNEL32.GetPrivateProfileStringA(004c1fec "Cdchange",004c1fe8 "Yes",004c1fe4 "Yes",0022eff4,000003ff,0022eef0 "Y:\\Documents\\omk\\fr\\IAM\\cdchange.txt") ret=004124d4
1327806.257:00ec:00f0:Ret  KERNEL32.GetPrivateProfileStringA() retval=00000003 ret=004124d4
1327806.257:00ec:00f0:Call KERNEL32.GetPrivateProfileStringA(004c2000 "Cdchange",004c1ffc "No",004c1ff8 "No",0022eff4,000003ff,0022eef0 "Y:\\Documents\\omk\\fr\\IAM\\cdchange.txt") ret=00412595
1327806.257:00ec:00f0:Ret  KERNEL32.GetPrivateProfileStringA() retval=00000003 ret=00412595
1327806.263:00ec:00f0:Call KERNEL32.GetPrivateProfileStringA(004c1fd8 "Cdchange",004c1fcc "Quitgame",004c1fc0 "Quit game ?",0022eff4,000003ff,0022eef0 "Y:\\Documents\\omk\\fr\\IAM\\cdchange.txt") ret=00412424
1327806.263:00ec:00f0:Ret  KERNEL32.GetPrivateProfileStringA() retval=00000010 ret=00412424
1327806.263:00ec:00f0:Call KERNEL32.GetPrivateProfileStringA(004c1fec "Cdchange",004c1fe8 "Yes",004c1fe4 "Yes",0022eff4,000003ff,0022eef0 "Y:\\Documents\\omk\\fr\\IAM\\cdchange.txt") ret=004124d4
1327806.264:00ec:00f0:Ret  KERNEL32.GetPrivateProfileStringA() retval=00000003 ret=004124d4
1327806.264:00ec:00f0:Call KERNEL32.GetPrivateProfileStringA(004c2000 "Cdchange",004c1ffc "No",004c1ff8 "No",0022eff4,000003ff,0022eef0 "Y:\\Documents\\omk\\fr\\IAM\\cdchange.txt") ret=00412595
1327806.264:00ec:00f0:Ret  KERNEL32.GetPrivateProfileStringA() retval=00000003 ret=00412595
1327806.270:00ec:00f0:Call KERNEL32.GetPrivateProfileStringA(004c1fd8 "Cdchange",004c1fcc "Quitgame",004c1fc0 "Quit game ?",0022eff4,000003ff,0022eef0 "Y:\\Documents\\omk\\fr\\IAM\\cdchange.txt") ret=00412424
1327806.270:00ec:00f0:Ret  KERNEL32.GetPrivateProfileStringA() retval=00000010 ret=00412424
1327806.270:00ec:00f0:Call KERNEL32.GetPrivateProfileStringA(004c1fec "Cdchange",004c1fe8 "Yes",004c1fe4 "Yes",0022eff4,000003ff,0022eef0 "Y:\\Documents\\omk\\fr\\IAM\\cdchange.txt") ret=004124d4
1327806.270:00ec:00f0:Ret  KERNEL32.GetPrivateProfileStringA() retval=00000003 ret=004124d4
1327806.270:00ec:00f0:Call KERNEL32.GetPrivateProfileStringA(004c2000 "Cdchange",004c1ffc "No",004c1ff8 "No",0022eff4,000003ff,0022eef0 "Y:\\Documents\\omk\\fr\\IAM\\cdchange.txt") ret=00412595
1327806.270:00ec:00f0:Ret  KERNEL32.GetPrivateProfileStringA() retval=00000003 ret=00412595
1327806.274:00ec:00f0:Call KERNEL32.GetPrivateProfileStringA(004c1fd8 "Cdchange",004c1fcc "Quitgame",004c1fc0 "Quit game ?",0022eff4,000003ff,0022eef0 "Y:\\Documents\\omk\\fr\\IAM\\cdchange.txt") ret=00412424
1327806.275:00ec:00f0:Ret  KERNEL32.GetPrivateProfileStringA() retval=00000010 ret=00412424
1327806.275:00ec:00f0:Call KERNEL32.GetPrivateProfileStringA(004c1fec "Cdchange",004c1fe8 "Yes",004c1fe4 "Yes",0022eff4,000003ff,0022eef0 "Y:\\Documents\\omk\\fr\\IAM\\cdchange.txt") ret=004124d4
1327806.275:00ec:00f0:Ret  KERNEL32.GetPrivateProfileStringA() retval=00000003 ret=004124d4
1327806.275:00ec:00f0:Call KERNEL32.GetPrivateProfileStringA(004c2000 "Cdchange",004c1ffc "No",004c1ff8 "No",0022eff4,000003ff,0022eef0 "Y:\\Documents\\omk\\fr\\IAM\\cdchange.txt") ret=00412595
1327806.275:00ec:00f0:Ret  KERNEL32.GetPrivateProfileStringA() retval=00000003 ret=00412595
1327806.288:00ec:00f0:Call KERNEL32.GetPrivateProfileStringA(004c1fd8 "Cdchange",004c1fcc "Quitgame",004c1fc0 "Quit game ?",0022eff4,000003ff,0022eef0 "Y:\\Documents\\omk\\fr\\IAM\\cdchange.txt") ret=00412424
1327806.289:00ec:00f0:Ret  KERNEL32.GetPrivateProfileStringA() retval=00000010 ret=00412424
1327806.289:00ec:00f0:Call KERNEL32.GetPrivateProfileStringA(004c1fec "Cdchange",004c1fe8 "Yes",004c1fe4 "Yes",0022eff4,000003ff,0022eef0 "Y:\\Documents\\omk\\fr\\IAM\\cdchange.txt") ret=004124d4
1327806.289:00ec:00f0:Ret  KERNEL32.GetPrivateProfileStringA() retval=00000003 ret=004124d4
1327806.289:00ec:00f0:Call KERNEL32.GetPrivateProfileStringA(004c2000 "Cdchange",004c1ffc "No",004c1ff8 "No",0022eff4,000003ff,0022eef0 "Y:\\Documents\\omk\\fr\\IAM\\cdchange.txt") ret=00412595
1327806.289:00ec:00f0:Ret  KERNEL32.GetPrivateProfileStringA() retval=00000003 ret=00412595
1327806.298:00ec:00f0:Call KERNEL32.GetPrivateProfileStringA(004c1fd8 "Cdchange",004c1fcc "Quitgame",004c1fc0 "Quit game ?",0022eff4,000003ff,0022eef0 "Y:\\Documents\\omk\\fr\\IAM\\cdchange.txt") ret=00412424
1327806.299:00ec:00f0:Ret  KERNEL32.GetPrivateProfileStringA() retval=00000010 ret=00412424
1327806.299:00ec:00f0:Call KERNEL32.GetPrivateProfileStringA(004c1fec "Cdchange",004c1fe8 "Yes",004c1fe4 "Yes",0022eff4,000003ff,0022eef0 "Y:\\Documents\\omk\\fr\\IAM\\cdchange.txt") ret=004124d4
1327806.299:00ec:00f0:Ret  KERNEL32.GetPrivateProfileStringA() retval=00000003 ret=004124d4
1327806.299:00ec:00f0:Call KERNEL32.GetPrivateProfileStringA(004c2000 "Cdchange",004c1ffc "No",004c1ff8 "No",0022eff4,000003ff,0022eef0 "Y:\\Documents\\omk\\fr\\IAM\\cdchange.txt") ret=00412595
1327806.299:00ec:00f0:Ret  KERNEL32.GetPrivateProfileStringA() retval=00000003 ret=00412595
1327806.313:00ec:00f0:Call KERNEL32.GetPrivateProfileStringA(004c1fd8 "Cdchange",004c1fcc "Quitgame",004c1fc0 "Quit game ?",0022eff4,000003ff,0022eef0 "Y:\\Documents\\omk\\fr\\IAM\\cdchange.txt") ret=00412424
1327806.314:00ec:00f0:Ret  KERNEL32.GetPrivateProfileStringA() retval=00000010 ret=00412424
1327806.314:00ec:00f0:Call KERNEL32.GetPrivateProfileStringA(004c1fec "Cdchange",004c1fe8 "Yes",004c1fe4 "Yes",0022eff4,000003ff,0022eef0 "Y:\\Documents\\omk\\fr\\IAM\\cdchange.txt") ret=004124d4
1327806.314:00ec:00f0:Ret  KERNEL32.GetPrivateProfileStringA() retval=00000003 ret=004124d4
1327806.314:00ec:00f0:Call KERNEL32.GetPrivateProfileStringA(004c2000 "Cdchange",004c1ffc "No",004c1ff8 "No",0022eff4,000003ff,0022eef0 "Y:\\Documents\\omk\\fr\\IAM\\cdchange.txt") ret=00412595
1327806.314:00ec:00f0:Ret  KERNEL32.GetPrivateProfileStringA() retval=00000003 ret=00412595
1327806.323:00ec:00f0:Call KERNEL32.GetPrivateProfileStringA(004c1fd8 "Cdchange",004c1fcc "Quitgame",004c1fc0 "Quit game ?",0022eff4,000003ff,0022eef0 "Y:\\Documents\\omk\\fr\\IAM\\cdchange.txt") ret=00412424
1327806.324:00ec:00f0:Ret  KERNEL32.GetPrivateProfileStringA() retval=00000010 ret=00412424
1327806.324:00ec:00f0:Call KERNEL32.GetPrivateProfileStringA(004c1fec "Cdchange",004c1fe8 "Yes",004c1fe4 "Yes",0022eff4,000003ff,0022eef0 "Y:\\Documents\\omk\\fr\\IAM\\cdchange.txt") ret=004124d4
1327806.324:00ec:00f0:Ret  KERNEL32.GetPrivateProfileStringA() retval=00000003 ret=004124d4
1327806.324:00ec:00f0:Call KERNEL32.GetPrivateProfileStringA(004c2000 "Cdchange",004c1ffc "No",004c1ff8 "No",0022eff4,000003ff,0022eef0 "Y:\\Documents\\omk\\fr\\IAM\\cdchange.txt") ret=00412595
1327806.324:00ec:00f0:Ret  KERNEL32.GetPrivateProfileStringA() retval=00000003 ret=00412595
1327806.340:00ec:00f0:Call KERNEL32.GetPrivateProfileStringA(004c1fd8 "Cdchange",004c1fcc "Quitgame",004c1fc0 "Quit game ?",0022eff4,000003ff,0022eef0 "Y:\\Documents\\omk\\fr\\IAM\\cdchange.txt") ret=00412424
1327806.340:00ec:00f0:Ret  KERNEL32.GetPrivateProfileStringA() retval=00000010 ret=00412424
1327806.340:00ec:00f0:Call KERNEL32.GetPrivateProfileStringA(004c1fec "Cdchange",004c1fe8 "Yes",004c1fe4 "Yes",0022eff4,000003ff,0022eef0 "Y:\\Documents\\omk\\fr\\IAM\\cdchange.txt") ret=004124d4
1327806.341:00ec:00f0:Ret  KERNEL32.GetPrivateProfileStringA() retval=00000003 ret=004124d4
1327806.341:00ec:00f0:Call KERNEL32.GetPrivateProfileStringA(004c2000 "Cdchange",004c1ffc "No",004c1ff8 "No",0022eff4,000003ff,0022eef0 "Y:\\Documents\\omk\\fr\\IAM\\cdchange.txt") ret=00412595
1327806.341:00ec:00f0:Ret  KERNEL32.GetPrivateProfileStringA() retval=00000003 ret=00412595
1327806.348:00ec:00f0:Call KERNEL32.GetPrivateProfileStringA(004c1fd8 "Cdchange",004c1fcc "Quitgame",004c1fc0 "Quit game ?",0022eff4,000003ff,0022eef0 "Y:\\Documents\\omk\\fr\\IAM\\cdchange.txt") ret=00412424
1327806.349:00ec:00f0:Ret  KERNEL32.GetPrivateProfileStringA() retval=00000010 ret=00412424
1327806.349:00ec:00f0:Call KERNEL32.GetPrivateProfileStringA(004c1fec "Cdchange",004c1fe8 "Yes",004c1fe4 "Yes",0022eff4,000003ff,0022eef0 "Y:\\Documents\\omk\\fr\\IAM\\cdchange.txt") ret=004124d4
1327806.349:00ec:00f0:Ret  KERNEL32.GetPrivateProfileStringA() retval=00000003 ret=004124d4
1327806.349:00ec:00f0:Call KERNEL32.GetPrivateProfileStringA(004c2000 "Cdchange",004c1ffc "No",004c1ff8 "No",0022eff4,000003ff,0022eef0 "Y:\\Documents\\omk\\fr\\IAM\\cdchange.txt") ret=00412595
1327806.349:00ec:00f0:Ret  KERNEL32.GetPrivateProfileStringA() retval=00000003 ret=00412595
1327806.357:00ec:00f0:Call KERNEL32.GetPrivateProfileStringA(004c1fd8 "Cdchange",004c1fcc "Quitgame",004c1fc0 "Quit game ?",0022eff4,000003ff,0022eef0 "Y:\\Documents\\omk\\fr\\IAM\\cdchange.txt") ret=00412424
1327806.358:00ec:00f0:Ret  KERNEL32.GetPrivateProfileStringA() retval=00000010 ret=00412424
1327806.358:00ec:00f0:Call KERNEL32.GetPrivateProfileStringA(004c1fec "Cdchange",004c1fe8 "Yes",004c1fe4 "Yes",0022eff4,000003ff,0022eef0 "Y:\\Documents\\omk\\fr\\IAM\\cdchange.txt") ret=004124d4
1327806.359:00ec:00f0:Ret  KERNEL32.GetPrivateProfileStringA() retval=00000003 ret=004124d4
1327806.359:00ec:00f0:Call KERNEL32.GetPrivateProfileStringA(004c2000 "Cdchange",004c1ffc "No",004c1ff8 "No",0022eff4,000003ff,0022eef0 "Y:\\Documents\\omk\\fr\\IAM\\cdchange.txt") ret=00412595
1327806.359:00ec:00f0:Ret  KERNEL32.GetPrivateProfileStringA() retval=00000003 ret=00412595
1327806.368:00ec:00f0:Call KERNEL32.GetPrivateProfileStringA(004c1fd8 "Cdchange",004c1fcc "Quitgame",004c1fc0 "Quit game ?",0022eff4,000003ff,0022eef0 "Y:\\Documents\\omk\\fr\\IAM\\cdchange.txt") ret=00412424
1327806.369:00ec:00f0:Ret  KERNEL32.GetPrivateProfileStringA() retval=00000010 ret=00412424
1327806.369:00ec:00f0:Call KERNEL32.GetPrivateProfileStringA(004c1fec "Cdchange",004c1fe8 "Yes",004c1fe4 "Yes",0022eff4,000003ff,0022eef0 "Y:\\Documents\\omk\\fr\\IAM\\cdchange.txt") ret=004124d4
1327806.369:00ec:00f0:Ret  KERNEL32.GetPrivateProfileStringA() retval=00000003 ret=004124d4
1327806.369:00ec:00f0:Call KERNEL32.GetPrivateProfileStringA(004c2000 "Cdchange",004c1ffc "No",004c1ff8 "No",0022eff4,000003ff,0022eef0 "Y:\\Documents\\omk\\fr\\IAM\\cdchange.txt") ret=00412595
1327806.369:00ec:00f0:Ret  KERNEL32.GetPrivateProfileStringA() retval=00000003 ret=00412595
1327806.391:00ec:00f0:Call KERNEL32.GetPrivateProfileStringA(004c1fd8 "Cdchange",004c1fcc "Quitgame",004c1fc0 "Quit game ?",0022eff4,000003ff,0022eef0 "Y:\\Documents\\omk\\fr\\IAM\\cdchange.txt") ret=00412424
1327806.392:00ec:00f0:Ret  KERNEL32.GetPrivateProfileStringA() retval=00000010 ret=00412424
1327806.392:00ec:00f0:Call KERNEL32.GetPrivateProfileStringA(004c1fec "Cdchange",004c1fe8 "Yes",004c1fe4 "Yes",0022eff4,000003ff,0022eef0 "Y:\\Documents\\omk\\fr\\IAM\\cdchange.txt") ret=004124d4
1327806.392:00ec:00f0:Ret  KERNEL32.GetPrivateProfileStringA() retval=00000003 ret=004124d4
1327806.392:00ec:00f0:Call KERNEL32.GetPrivateProfileStringA(004c2000 "Cdchange",004c1ffc "No",004c1ff8 "No",0022eff4,000003ff,0022eef0 "Y:\\Documents\\omk\\fr\\IAM\\cdchange.txt") ret=00412595
1327806.392:00ec:00f0:Ret  KERNEL32.GetPrivateProfileStringA() retval=00000003 ret=00412595
1327806.405:00ec:00f0:Call KERNEL32.GetPrivateProfileStringA(004c1fd8 "Cdchange",004c1fcc "Quitgame",004c1fc0 "Quit game ?",0022eff4,000003ff,0022eef0 "Y:\\Documents\\omk\\fr\\IAM\\cdchange.txt") ret=00412424
1327806.405:00ec:00f0:Ret  KERNEL32.GetPrivateProfileStringA() retval=00000010 ret=00412424
1327806.405:00ec:00f0:Call KERNEL32.GetPrivateProfileStringA(004c1fec "Cdchange",004c1fe8 "Yes",004c1fe4 "Yes",0022eff4,000003ff,0022eef0 "Y:\\Documents\\omk\\fr\\IAM\\cdchange.txt") ret=004124d4
1327806.405:00ec:00f0:Ret  KERNEL32.GetPrivateProfileStringA() retval=00000003 ret=004124d4
1327806.405:00ec:00f0:Call KERNEL32.GetPrivateProfileStringA(004c2000 "Cdchange",004c1ffc "No",004c1ff8 "No",0022eff4,000003ff,0022eef0 "Y:\\Documents\\omk\\fr\\IAM\\cdchange.txt") ret=00412595
1327806.405:00ec:00f0:Ret  KERNEL32.GetPrivateProfileStringA() retval=00000003 ret=00412595
1327806.413:00ec:00f0:Call KERNEL32.GetPrivateProfileStringA(004c1fd8 "Cdchange",004c1fcc "Quitgame",004c1fc0 "Quit game ?",0022eff4,000003ff,0022eef0 "Y:\\Documents\\omk\\fr\\IAM\\cdchange.txt") ret=00412424
1327806.414:00ec:00f0:Ret  KERNEL32.GetPrivateProfileStringA() retval=00000010 ret=00412424
1327806.414:00ec:00f0:Call KERNEL32.GetPrivateProfileStringA(004c1fec "Cdchange",004c1fe8 "Yes",004c1fe4 "Yes",0022eff4,000003ff,0022eef0 "Y:\\Documents\\omk\\fr\\IAM\\cdchange.txt") ret=004124d4
1327806.414:00ec:00f0:Ret  KERNEL32.GetPrivateProfileStringA() retval=00000003 ret=004124d4
1327806.414:00ec:00f0:Call KERNEL32.GetPrivateProfileStringA(004c2000 "Cdchange",004c1ffc "No",004c1ff8 "No",0022eff4,000003ff,0022eef0 "Y:\\Documents\\omk\\fr\\IAM\\cdchange.txt") ret=00412595
1327806.414:00ec:00f0:Ret  KERNEL32.GetPrivateProfileStringA() retval=00000003 ret=00412595
1327806.430:00ec:00f0:Call KERNEL32.GetPrivateProfileStringA(004c1fd8 "Cdchange",004c1fcc "Quitgame",004c1fc0 "Quit game ?",0022eff4,000003ff,0022eef0 "Y:\\Documents\\omk\\fr\\IAM\\cdchange.txt") ret=00412424
1327806.430:00ec:00f0:Ret  KERNEL32.GetPrivateProfileStringA() retval=00000010 ret=00412424
1327806.430:00ec:00f0:Call KERNEL32.GetPrivateProfileStringA(004c1fec "Cdchange",004c1fe8 "Yes",004c1fe4 "Yes",0022eff4,000003ff,0022eef0 "Y:\\Documents\\omk\\fr\\IAM\\cdchange.txt") ret=004124d4
1327806.430:00ec:00f0:Ret  KERNEL32.GetPrivateProfileStringA() retval=00000003 ret=004124d4
1327806.430:00ec:00f0:Call KERNEL32.GetPrivateProfileStringA(004c2000 "Cdchange",004c1ffc "No",004c1ff8 "No",0022eff4,000003ff,0022eef0 "Y:\\Documents\\omk\\fr\\IAM\\cdchange.txt") ret=00412595
1327806.431:00ec:00f0:Ret  KERNEL32.GetPrivateProfileStringA() retval=00000003 ret=00412595
1327806.447:00ec:00f0:Call KERNEL32.GetPrivateProfileStringA(004c1fd8 "Cdchange",004c1fcc "Quitgame",004c1fc0 "Quit game ?",0022eff4,000003ff,0022eef0 "Y:\\Documents\\omk\\fr\\IAM\\cdchange.txt") ret=00412424
1327806.448:00ec:00f0:Ret  KERNEL32.GetPrivateProfileStringA() retval=00000010 ret=00412424
1327806.448:00ec:00f0:Call KERNEL32.GetPrivateProfileStringA(004c1fec "Cdchange",004c1fe8 "Yes",004c1fe4 "Yes",0022eff4,000003ff,0022eef0 "Y:\\Documents\\omk\\fr\\IAM\\cdchange.txt") ret=004124d4
1327806.448:00ec:00f0:Ret  KERNEL32.GetPrivateProfileStringA() retval=00000003 ret=004124d4
1327806.448:00ec:00f0:Call KERNEL32.GetPrivateProfileStringA(004c2000 "Cdchange",004c1ffc "No",004c1ff8 "No",0022eff4,000003ff,0022eef0 "Y:\\Documents\\omk\\fr\\IAM\\cdchange.txt") ret=00412595
1327806.448:00ec:00f0:Ret  KERNEL32.GetPrivateProfileStringA() retval=00000003 ret=00412595
1327806.458:00ec:00f0:Call KERNEL32.GetPrivateProfileStringA(004c1fd8 "Cdchange",004c1fcc "Quitgame",004c1fc0 "Quit game ?",0022eff4,000003ff,0022eef0 "Y:\\Documents\\omk\\fr\\IAM\\cdchange.txt") ret=00412424
1327806.458:00ec:00f0:Ret  KERNEL32.GetPrivateProfileStringA() retval=00000010 ret=00412424
1327806.458:00ec:00f0:Call KERNEL32.GetPrivateProfileStringA(004c1fec "Cdchange",004c1fe8 "Yes",004c1fe4 "Yes",0022eff4,000003ff,0022eef0 "Y:\\Documents\\omk\\fr\\IAM\\cdchange.txt") ret=004124d4
1327806.458:00ec:00f0:Ret  KERNEL32.GetPrivateProfileStringA() retval=00000003 ret=004124d4
1327806.458:00ec:00f0:Call KERNEL32.GetPrivateProfileStringA(004c2000 "Cdchange",004c1ffc "No",004c1ff8 "No",0022eff4,000003ff,0022eef0 "Y:\\Documents\\omk\\fr\\IAM\\cdchange.txt") ret=00412595
1327806.459:00ec:00f0:Ret  KERNEL32.GetPrivateProfileStringA() retval=00000003 ret=00412595
1327806.461:00ec:00f0:Call KERNEL32.GetPrivateProfileStringA(004c1fd8 "Cdchange",004c1fcc "Quitgame",004c1fc0 "Quit game ?",0022eff4,000003ff,0022eef0 "Y:\\Documents\\omk\\fr\\IAM\\cdchange.txt") ret=00412424
1327806.461:00ec:00f0:Ret  KERNEL32.GetPrivateProfileStringA() retval=00000010 ret=00412424
1327806.461:00ec:00f0:Call KERNEL32.GetPrivateProfileStringA(004c1fec "Cdchange",004c1fe8 "Yes",004c1fe4 "Yes",0022eff4,000003ff,0022eef0 "Y:\\Documents\\omk\\fr\\IAM\\cdchange.txt") ret=004124d4
1327806.462:00ec:00f0:Ret  KERNEL32.GetPrivateProfileStringA() retval=00000003 ret=004124d4
1327806.462:00ec:00f0:Call KERNEL32.GetPrivateProfileStringA(004c2000 "Cdchange",004c1ffc "No",004c1ff8 "No",0022eff4,000003ff,0022eef0 "Y:\\Documents\\omk\\fr\\IAM\\cdchange.txt") ret=00412595
1327806.462:00ec:00f0:Ret  KERNEL32.GetPrivateProfileStringA() retval=00000003 ret=00412595
1327806.466:00ec:00f0:Call KERNEL32.GetPrivateProfileStringA(004c1fd8 "Cdchange",004c1fcc "Quitgame",004c1fc0 "Quit game ?",0022eff4,000003ff,0022eef0 "Y:\\Documents\\omk\\fr\\IAM\\cdchange.txt") ret=00412424
1327806.467:00ec:00f0:Ret  KERNEL32.GetPrivateProfileStringA() retval=00000010 ret=00412424
1327806.467:00ec:00f0:Call KERNEL32.GetPrivateProfileStringA(004c1fec "Cdchange",004c1fe8 "Yes",004c1fe4 "Yes",0022eff4,000003ff,0022eef0 "Y:\\Documents\\omk\\fr\\IAM\\cdchange.txt") ret=004124d4
1327806.467:00ec:00f0:Ret  KERNEL32.GetPrivateProfileStringA() retval=00000003 ret=004124d4
1327806.467:00ec:00f0:Call KERNEL32.GetPrivateProfileStringA(004c2000 "Cdchange",004c1ffc "No",004c1ff8 "No",0022eff4,000003ff,0022eef0 "Y:\\Documents\\omk\\fr\\IAM\\cdchange.txt") ret=00412595
1327806.467:00ec:00f0:Ret  KERNEL32.GetPrivateProfileStringA() retval=00000003 ret=00412595
1327806.480:00ec:00f0:Call KERNEL32.GetPrivateProfileStringA(004c1fd8 "Cdchange",004c1fcc "Quitgame",004c1fc0 "Quit game ?",0022eff4,000003ff,0022eef0 "Y:\\Documents\\omk\\fr\\IAM\\cdchange.txt") ret=00412424
1327806.480:00ec:00f0:Ret  KERNEL32.GetPrivateProfileStringA() retval=00000010 ret=00412424
1327806.480:00ec:00f0:Call KERNEL32.GetPrivateProfileStringA(004c1fec "Cdchange",004c1fe8 "Yes",004c1fe4 "Yes",0022eff4,000003ff,0022eef0 "Y:\\Documents\\omk\\fr\\IAM\\cdchange.txt") ret=004124d4
1327806.480:00ec:00f0:Ret  KERNEL32.GetPrivateProfileStringA() retval=00000003 ret=004124d4
1327806.480:00ec:00f0:Call KERNEL32.GetPrivateProfileStringA(004c2000 "Cdchange",004c1ffc "No",004c1ff8 "No",0022eff4,000003ff,0022eef0 "Y:\\Documents\\omk\\fr\\IAM\\cdchange.txt") ret=00412595
1327806.480:00ec:00f0:Ret  KERNEL32.GetPrivateProfileStringA() retval=00000003 ret=00412595
1327806.490:00ec:00f0:Call KERNEL32.GetPrivateProfileStringA(004c1fd8 "Cdchange",004c1fcc "Quitgame",004c1fc0 "Quit game ?",0022eff4,000003ff,0022eef0 "Y:\\Documents\\omk\\fr\\IAM\\cdchange.txt") ret=00412424
1327806.490:00ec:00f0:Ret  KERNEL32.GetPrivateProfileStringA() retval=00000010 ret=00412424
1327806.490:00ec:00f0:Call KERNEL32.GetPrivateProfileStringA(004c1fec "Cdchange",004c1fe8 "Yes",004c1fe4 "Yes",0022eff4,000003ff,0022eef0 "Y:\\Documents\\omk\\fr\\IAM\\cdchange.txt") ret=004124d4
1327806.490:00ec:00f0:Ret  KERNEL32.GetPrivateProfileStringA() retval=00000003 ret=004124d4
1327806.490:00ec:00f0:Call KERNEL32.GetPrivateProfileStringA(004c2000 "Cdchange",004c1ffc "No",004c1ff8 "No",0022eff4,000003ff,0022eef0 "Y:\\Documents\\omk\\fr\\IAM\\cdchange.txt") ret=00412595
1327806.490:00ec:00f0:Ret  KERNEL32.GetPrivateProfileStringA() retval=00000003 ret=00412595
1327806.493:00ec:00f0:Call KERNEL32.GetPrivateProfileStringA(004c1fd8 "Cdchange",004c1fcc "Quitgame",004c1fc0 "Quit game ?",0022eff4,000003ff,0022eef0 "Y:\\Documents\\omk\\fr\\IAM\\cdchange.txt") ret=00412424
1327806.493:00ec:00f0:Ret  KERNEL32.GetPrivateProfileStringA() retval=00000010 ret=00412424
1327806.493:00ec:00f0:Call KERNEL32.GetPrivateProfileStringA(004c1fec "Cdchange",004c1fe8 "Yes",004c1fe4 "Yes",0022eff4,000003ff,0022eef0 "Y:\\Documents\\omk\\fr\\IAM\\cdchange.txt") ret=004124d4
1327806.493:00ec:00f0:Ret  KERNEL32.GetPrivateProfileStringA() retval=00000003 ret=004124d4
1327806.493:00ec:00f0:Call KERNEL32.GetPrivateProfileStringA(004c2000 "Cdchange",004c1ffc "No",004c1ff8 "No",0022eff4,000003ff,0022eef0 "Y:\\Documents\\omk\\fr\\IAM\\cdchange.txt") ret=00412595
1327806.493:00ec:00f0:Ret  KERNEL32.GetPrivateProfileStringA() retval=00000003 ret=00412595
1327806.505:00ec:00f0:Call KERNEL32.GetPrivateProfileStringA(004c1fd8 "Cdchange",004c1fcc "Quitgame",004c1fc0 "Quit game ?",0022eff4,000003ff,0022eef0 "Y:\\Documents\\omk\\fr\\IAM\\cdchange.txt") ret=00412424
1327806.505:00ec:00f0:Ret  KERNEL32.GetPrivateProfileStringA() retval=00000010 ret=00412424
1327806.505:00ec:00f0:Call KERNEL32.GetPrivateProfileStringA(004c1fec "Cdchange",004c1fe8 "Yes",004c1fe4 "Yes",0022eff4,000003ff,0022eef0 "Y:\\Documents\\omk\\fr\\IAM\\cdchange.txt") ret=004124d4
1327806.505:00ec:00f0:Ret  KERNEL32.GetPrivateProfileStringA() retval=00000003 ret=004124d4
1327806.505:00ec:00f0:Call KERNEL32.GetPrivateProfileStringA(004c2000 "Cdchange",004c1ffc "No",004c1ff8 "No",0022eff4,000003ff,0022eef0 "Y:\\Documents\\omk\\fr\\IAM\\cdchange.txt") ret=00412595
1327806.505:00ec:00f0:Ret  KERNEL32.GetPrivateProfileStringA() retval=00000003 ret=00412595
1327806.516:00ec:00f0:Call KERNEL32.GetPrivateProfileStringA(004c1fd8 "Cdchange",004c1fcc "Quitgame",004c1fc0 "Quit game ?",0022eff4,000003ff,0022eef0 "Y:\\Documents\\omk\\fr\\IAM\\cdchange.txt") ret=00412424
1327806.516:00ec:00f0:Ret  KERNEL32.GetPrivateProfileStringA() retval=00000010 ret=00412424
1327806.516:00ec:00f0:Call KERNEL32.GetPrivateProfileStringA(004c1fec "Cdchange",004c1fe8 "Yes",004c1fe4 "Yes",0022eff4,000003ff,0022eef0 "Y:\\Documents\\omk\\fr\\IAM\\cdchange.txt") ret=004124d4
1327806.517:00ec:00f0:Ret  KERNEL32.GetPrivateProfileStringA() retval=00000003 ret=004124d4
1327806.517:00ec:00f0:Call KERNEL32.GetPrivateProfileStringA(004c2000 "Cdchange",004c1ffc "No",004c1ff8 "No",0022eff4,000003ff,0022eef0 "Y:\\Documents\\omk\\fr\\IAM\\cdchange.txt") ret=00412595
1327806.517:00ec:00f0:Ret  KERNEL32.GetPrivateProfileStringA() retval=00000003 ret=00412595
1327806.519:00ec:00f0:Call KERNEL32.GetPrivateProfileStringA(004c1fd8 "Cdchange",004c1fcc "Quitgame",004c1fc0 "Quit game ?",0022eff4,000003ff,0022eef0 "Y:\\Documents\\omk\\fr\\IAM\\cdchange.txt") ret=00412424
1327806.519:00ec:00f0:Ret  KERNEL32.GetPrivateProfileStringA() retval=00000010 ret=00412424
1327806.519:00ec:00f0:Call KERNEL32.GetPrivateProfileStringA(004c1fec "Cdchange",004c1fe8 "Yes",004c1fe4 "Yes",0022eff4,000003ff,0022eef0 "Y:\\Documents\\omk\\fr\\IAM\\cdchange.txt") ret=004124d4
1327806.519:00ec:00f0:Ret  KERNEL32.GetPrivateProfileStringA() retval=00000003 ret=004124d4
1327806.519:00ec:00f0:Call KERNEL32.GetPrivateProfileStringA(004c2000 "Cdchange",004c1ffc "No",004c1ff8 "No",0022eff4,000003ff,0022eef0 "Y:\\Documents\\omk\\fr\\IAM\\cdchange.txt") ret=00412595
1327806.520:00ec:00f0:Ret  KERNEL32.GetPrivateProfileStringA() retval=00000003 ret=00412595
1327806.530:00ec:00f0:Call KERNEL32.GetPrivateProfileStringA(004c1fd8 "Cdchange",004c1fcc "Quitgame",004c1fc0 "Quit game ?",0022eff4,000003ff,0022eef0 "Y:\\Documents\\omk\\fr\\IAM\\cdchange.txt") ret=00412424
1327806.530:00ec:00f0:Ret  KERNEL32.GetPrivateProfileStringA() retval=00000010 ret=00412424
1327806.530:00ec:00f0:Call KERNEL32.GetPrivateProfileStringA(004c1fec "Cdchange",004c1fe8 "Yes",004c1fe4 "Yes",0022eff4,000003ff,0022eef0 "Y:\\Documents\\omk\\fr\\IAM\\cdchange.txt") ret=004124d4
1327806.530:00ec:00f0:Ret  KERNEL32.GetPrivateProfileStringA() retval=00000003 ret=004124d4
1327806.530:00ec:00f0:Call KERNEL32.GetPrivateProfileStringA(004c2000 "Cdchange",004c1ffc "No",004c1ff8 "No",0022eff4,000003ff,0022eef0 "Y:\\Documents\\omk\\fr\\IAM\\cdchange.txt") ret=00412595
1327806.531:00ec:00f0:Ret  KERNEL32.GetPrivateProfileStringA() retval=00000003 ret=00412595
1327806.538:00ec:00f0:Call KERNEL32.GetPrivateProfileStringA(004c1fd8 "Cdchange",004c1fcc "Quitgame",004c1fc0 "Quit game ?",0022eff4,000003ff,0022eef0 "Y:\\Documents\\omk\\fr\\IAM\\cdchange.txt") ret=00412424
1327806.538:00ec:00f0:Ret  KERNEL32.GetPrivateProfileStringA() retval=00000010 ret=00412424
1327806.538:00ec:00f0:Call KERNEL32.GetPrivateProfileStringA(004c1fec "Cdchange",004c1fe8 "Yes",004c1fe4 "Yes",0022eff4,000003ff,0022eef0 "Y:\\Documents\\omk\\fr\\IAM\\cdchange.txt") ret=004124d4
1327806.539:00ec:00f0:Ret  KERNEL32.GetPrivateProfileStringA() retval=00000003 ret=004124d4
1327806.539:00ec:00f0:Call KERNEL32.GetPrivateProfileStringA(004c2000 "Cdchange",004c1ffc "No",004c1ff8 "No",0022eff4,000003ff,0022eef0 "Y:\\Documents\\omk\\fr\\IAM\\cdchange.txt") ret=00412595
1327806.539:00ec:00f0:Ret  KERNEL32.GetPrivateProfileStringA() retval=00000003 ret=00412595
1327806.544:00ec:00f0:Call KERNEL32.GetPrivateProfileStringA(004c1fd8 "Cdchange",004c1fcc "Quitgame",004c1fc0 "Quit game ?",0022eff4,000003ff,0022eef0 "Y:\\Documents\\omk\\fr\\IAM\\cdchange.txt") ret=00412424
1327806.545:00ec:00f0:Ret  KERNEL32.GetPrivateProfileStringA() retval=00000010 ret=00412424
1327806.545:00ec:00f0:Call KERNEL32.GetPrivateProfileStringA(004c1fec "Cdchange",004c1fe8 "Yes",004c1fe4 "Yes",0022eff4,000003ff,0022eef0 "Y:\\Documents\\omk\\fr\\IAM\\cdchange.txt") ret=004124d4
1327806.545:00ec:00f0:Ret  KERNEL32.GetPrivateProfileStringA() retval=00000003 ret=004124d4
1327806.545:00ec:00f0:Call KERNEL32.GetPrivateProfileStringA(004c2000 "Cdchange",004c1ffc "No",004c1ff8 "No",0022eff4,000003ff,0022eef0 "Y:\\Documents\\omk\\fr\\IAM\\cdchange.txt") ret=00412595
1327806.545:00ec:00f0:Ret  KERNEL32.GetPrivateProfileStringA() retval=00000003 ret=00412595
1327806.556:00ec:00f0:Call KERNEL32.GetPrivateProfileStringA(004c1fd8 "Cdchange",004c1fcc "Quitgame",004c1fc0 "Quit game ?",0022eff4,000003ff,0022eef0 "Y:\\Documents\\omk\\fr\\IAM\\cdchange.txt") ret=00412424
1327806.556:00ec:00f0:Ret  KERNEL32.GetPrivateProfileStringA() retval=00000010 ret=00412424
1327806.556:00ec:00f0:Call KERNEL32.GetPrivateProfileStringA(004c1fec "Cdchange",004c1fe8 "Yes",004c1fe4 "Yes",0022eff4,000003ff,0022eef0 "Y:\\Documents\\omk\\fr\\IAM\\cdchange.txt") ret=004124d4
1327806.556:00ec:00f0:Ret  KERNEL32.GetPrivateProfileStringA() retval=00000003 ret=004124d4
1327806.556:00ec:00f0:Call KERNEL32.GetPrivateProfileStringA(004c2000 "Cdchange",004c1ffc "No",004c1ff8 "No",0022eff4,000003ff,0022eef0 "Y:\\Documents\\omk\\fr\\IAM\\cdchange.txt") ret=00412595
1327806.557:00ec:00f0:Ret  KERNEL32.GetPrivateProfileStringA() retval=00000003 ret=00412595
1327806.565:00ec:00f0:Call KERNEL32.GetPrivateProfileStringA(004c1fd8 "Cdchange",004c1fcc "Quitgame",004c1fc0 "Quit game ?",0022eff4,000003ff,0022eef0 "Y:\\Documents\\omk\\fr\\IAM\\cdchange.txt") ret=00412424
1327806.565:00ec:00f0:Ret  KERNEL32.GetPrivateProfileStringA() retval=00000010 ret=00412424
1327806.565:00ec:00f0:Call KERNEL32.GetPrivateProfileStringA(004c1fec "Cdchange",004c1fe8 "Yes",004c1fe4 "Yes",0022eff4,000003ff,0022eef0 "Y:\\Documents\\omk\\fr\\IAM\\cdchange.txt") ret=004124d4
1327806.565:00ec:00f0:Ret  KERNEL32.GetPrivateProfileStringA() retval=00000003 ret=004124d4
1327806.565:00ec:00f0:Call KERNEL32.GetPrivateProfileStringA(004c2000 "Cdchange",004c1ffc "No",004c1ff8 "No",0022eff4,000003ff,0022eef0 "Y:\\Documents\\omk\\fr\\IAM\\cdchange.txt") ret=00412595
1327806.566:00ec:00f0:Ret  KERNEL32.GetPrivateProfileStringA() retval=00000003 ret=00412595
1327806.582:00ec:00f0:Call KERNEL32.GetPrivateProfileStringA(004c1fd8 "Cdchange",004c1fcc "Quitgame",004c1fc0 "Quit game ?",0022eff4,000003ff,0022eef0 "Y:\\Documents\\omk\\fr\\IAM\\cdchange.txt") ret=00412424
1327806.582:00ec:00f0:Ret  KERNEL32.GetPrivateProfileStringA() retval=00000010 ret=00412424
1327806.582:00ec:00f0:Call KERNEL32.GetPrivateProfileStringA(004c1fec "Cdchange",004c1fe8 "Yes",004c1fe4 "Yes",0022eff4,000003ff,0022eef0 "Y:\\Documents\\omk\\fr\\IAM\\cdchange.txt") ret=004124d4
1327806.582:00ec:00f0:Ret  KERNEL32.GetPrivateProfileStringA() retval=00000003 ret=004124d4
1327806.582:00ec:00f0:Call KERNEL32.GetPrivateProfileStringA(004c2000 "Cdchange",004c1ffc "No",004c1ff8 "No",0022eff4,000003ff,0022eef0 "Y:\\Documents\\omk\\fr\\IAM\\cdchange.txt") ret=00412595
1327806.582:00ec:00f0:Ret  KERNEL32.GetPrivateProfileStringA() retval=00000003 ret=00412595
1327806.589:00ec:00f0:Call KERNEL32.GetPrivateProfileStringA(004c1fd8 "Cdchange",004c1fcc "Quitgame",004c1fc0 "Quit game ?",0022eff4,000003ff,0022eef0 "Y:\\Documents\\omk\\fr\\IAM\\cdchange.txt") ret=00412424
1327806.590:00ec:00f0:Ret  KERNEL32.GetPrivateProfileStringA() retval=00000010 ret=00412424
1327806.590:00ec:00f0:Call KERNEL32.GetPrivateProfileStringA(004c1fec "Cdchange",004c1fe8 "Yes",004c1fe4 "Yes",0022eff4,000003ff,0022eef0 "Y:\\Documents\\omk\\fr\\IAM\\cdchange.txt") ret=004124d4
1327806.590:00ec:00f0:Ret  KERNEL32.GetPrivateProfileStringA() retval=00000003 ret=004124d4
1327806.590:00ec:00f0:Call KERNEL32.GetPrivateProfileStringA(004c2000 "Cdchange",004c1ffc "No",004c1ff8 "No",0022eff4,000003ff,0022eef0 "Y:\\Documents\\omk\\fr\\IAM\\cdchange.txt") ret=00412595
1327806.590:00ec:00f0:Ret  KERNEL32.GetPrivateProfileStringA() retval=00000003 ret=00412595
1327806.605:00ec:00f0:Call KERNEL32.GetPrivateProfileStringA(004c1fd8 "Cdchange",004c1fcc "Quitgame",004c1fc0 "Quit game ?",0022eff4,000003ff,0022eef0 "Y:\\Documents\\omk\\fr\\IAM\\cdchange.txt") ret=00412424
1327806.605:00ec:00f0:Ret  KERNEL32.GetPrivateProfileStringA() retval=00000010 ret=00412424
1327806.605:00ec:00f0:Call KERNEL32.GetPrivateProfileStringA(004c1fec "Cdchange",004c1fe8 "Yes",004c1fe4 "Yes",0022eff4,000003ff,0022eef0 "Y:\\Documents\\omk\\fr\\IAM\\cdchange.txt") ret=004124d4
1327806.605:00ec:00f0:Ret  KERNEL32.GetPrivateProfileStringA() retval=00000003 ret=004124d4
1327806.605:00ec:00f0:Call KERNEL32.GetPrivateProfileStringA(004c2000 "Cdchange",004c1ffc "No",004c1ff8 "No",0022eff4,000003ff,0022eef0 "Y:\\Documents\\omk\\fr\\IAM\\cdchange.txt") ret=00412595
1327806.605:00ec:00f0:Ret  KERNEL32.GetPrivateProfileStringA() retval=00000003 ret=00412595
1327806.613:00ec:00f0:Call KERNEL32.GetPrivateProfileStringA(004c1fd8 "Cdchange",004c1fcc "Quitgame",004c1fc0 "Quit game ?",0022eff4,000003ff,0022eef0 "Y:\\Documents\\omk\\fr\\IAM\\cdchange.txt") ret=00412424
1327806.614:00ec:00f0:Ret  KERNEL32.GetPrivateProfileStringA() retval=00000010 ret=00412424
1327806.614:00ec:00f0:Call KERNEL32.GetPrivateProfileStringA(004c1fec "Cdchange",004c1fe8 "Yes",004c1fe4 "Yes",0022eff4,000003ff,0022eef0 "Y:\\Documents\\omk\\fr\\IAM\\cdchange.txt") ret=004124d4
1327806.614:00ec:00f0:Ret  KERNEL32.GetPrivateProfileStringA() retval=00000003 ret=004124d4
1327806.614:00ec:00f0:Call KERNEL32.GetPrivateProfileStringA(004c2000 "Cdchange",004c1ffc "No",004c1ff8 "No",0022eff4,000003ff,0022eef0 "Y:\\Documents\\omk\\fr\\IAM\\cdchange.txt") ret=00412595
1327806.614:00ec:00f0:Ret  KERNEL32.GetPrivateProfileStringA() retval=00000003 ret=00412595
1327806.618:00ec:00f0:Call KERNEL32.GetPrivateProfileStringA(004c1fd8 "Cdchange",004c1fcc "Quitgame",004c1fc0 "Quit game ?",0022eff4,000003ff,0022eef0 "Y:\\Documents\\omk\\fr\\IAM\\cdchange.txt") ret=00412424
1327806.618:00ec:00f0:Ret  KERNEL32.GetPrivateProfileStringA() retval=00000010 ret=00412424
1327806.618:00ec:00f0:Call KERNEL32.GetPrivateProfileStringA(004c1fec "Cdchange",004c1fe8 "Yes",004c1fe4 "Yes",0022eff4,000003ff,0022eef0 "Y:\\Documents\\omk\\fr\\IAM\\cdchange.txt") ret=004124d4
1327806.619:00ec:00f0:Ret  KERNEL32.GetPrivateProfileStringA() retval=00000003 ret=004124d4
1327806.619:00ec:00f0:Call KERNEL32.GetPrivateProfileStringA(004c2000 "Cdchange",004c1ffc "No",004c1ff8 "No",0022eff4,000003ff,0022eef0 "Y:\\Documents\\omk\\fr\\IAM\\cdchange.txt") ret=00412595
1327806.619:00ec:00f0:Ret  KERNEL32.GetPrivateProfileStringA() retval=00000003 ret=00412595
1327806.631:00ec:00f0:Call KERNEL32.GetPrivateProfileStringA(004c1fd8 "Cdchange",004c1fcc "Quitgame",004c1fc0 "Quit game ?",0022eff4,000003ff,0022eef0 "Y:\\Documents\\omk\\fr\\IAM\\cdchange.txt") ret=00412424
1327806.632:00ec:00f0:Ret  KERNEL32.GetPrivateProfileStringA() retval=00000010 ret=00412424
1327806.632:00ec:00f0:Call KERNEL32.GetPrivateProfileStringA(004c1fec "Cdchange",004c1fe8 "Yes",004c1fe4 "Yes",0022eff4,000003ff,0022eef0 "Y:\\Documents\\omk\\fr\\IAM\\cdchange.txt") ret=004124d4
1327806.632:00ec:00f0:Ret  KERNEL32.GetPrivateProfileStringA() retval=00000003 ret=004124d4
1327806.632:00ec:00f0:Call KERNEL32.GetPrivateProfileStringA(004c2000 "Cdchange",004c1ffc "No",004c1ff8 "No",0022eff4,000003ff,0022eef0 "Y:\\Documents\\omk\\fr\\IAM\\cdchange.txt") ret=00412595
1327806.632:00ec:00f0:Ret  KERNEL32.GetPrivateProfileStringA() retval=00000003 ret=00412595
1327806.639:00ec:00f0:Call KERNEL32.GetPrivateProfileStringA(004c1fd8 "Cdchange",004c1fcc "Quitgame",004c1fc0 "Quit game ?",0022eff4,000003ff,0022eef0 "Y:\\Documents\\omk\\fr\\IAM\\cdchange.txt") ret=00412424
1327806.639:00ec:00f0:Ret  KERNEL32.GetPrivateProfileStringA() retval=00000010 ret=00412424
1327806.639:00ec:00f0:Call KERNEL32.GetPrivateProfileStringA(004c1fec "Cdchange",004c1fe8 "Yes",004c1fe4 "Yes",0022eff4,000003ff,0022eef0 "Y:\\Documents\\omk\\fr\\IAM\\cdchange.txt") ret=004124d4
1327806.639:00ec:00f0:Ret  KERNEL32.GetPrivateProfileStringA() retval=00000003 ret=004124d4
1327806.639:00ec:00f0:Call KERNEL32.GetPrivateProfileStringA(004c2000 "Cdchange",004c1ffc "No",004c1ff8 "No",0022eff4,000003ff,0022eef0 "Y:\\Documents\\omk\\fr\\IAM\\cdchange.txt") ret=00412595
1327806.639:00ec:00f0:Ret  KERNEL32.GetPrivateProfileStringA() retval=00000003 ret=00412595
1327806.644:00ec:00f0:Call KERNEL32.GetPrivateProfileStringA(004c1fd8 "Cdchange",004c1fcc "Quitgame",004c1fc0 "Quit game ?",0022eff4,000003ff,0022eef0 "Y:\\Documents\\omk\\fr\\IAM\\cdchange.txt") ret=00412424
1327806.644:00ec:00f0:Ret  KERNEL32.GetPrivateProfileStringA() retval=00000010 ret=00412424
1327806.644:00ec:00f0:Call KERNEL32.GetPrivateProfileStringA(004c1fec "Cdchange",004c1fe8 "Yes",004c1fe4 "Yes",0022eff4,000003ff,0022eef0 "Y:\\Documents\\omk\\fr\\IAM\\cdchange.txt") ret=004124d4
1327806.644:00ec:00f0:Ret  KERNEL32.GetPrivateProfileStringA() retval=00000003 ret=004124d4
1327806.644:00ec:00f0:Call KERNEL32.GetPrivateProfileStringA(004c2000 "Cdchange",004c1ffc "No",004c1ff8 "No",0022eff4,000003ff,0022eef0 "Y:\\Documents\\omk\\fr\\IAM\\cdchange.txt") ret=00412595
1327806.644:00ec:00f0:Ret  KERNEL32.GetPrivateProfileStringA() retval=00000003 ret=00412595
1327806.658:00ec:00f0:Call KERNEL32.GetPrivateProfileStringA(004c1fd8 "Cdchange",004c1fcc "Quitgame",004c1fc0 "Quit game ?",0022eff4,000003ff,0022eef0 "Y:\\Documents\\omk\\fr\\IAM\\cdchange.txt") ret=00412424
1327806.658:00ec:00f0:Ret  KERNEL32.GetPrivateProfileStringA() retval=00000010 ret=00412424
1327806.658:00ec:00f0:Call KERNEL32.GetPrivateProfileStringA(004c1fec "Cdchange",004c1fe8 "Yes",004c1fe4 "Yes",0022eff4,000003ff,0022eef0 "Y:\\Documents\\omk\\fr\\IAM\\cdchange.txt") ret=004124d4
1327806.658:00ec:00f0:Ret  KERNEL32.GetPrivateProfileStringA() retval=00000003 ret=004124d4
1327806.658:00ec:00f0:Call KERNEL32.GetPrivateProfileStringA(004c2000 "Cdchange",004c1ffc "No",004c1ff8 "No",0022eff4,000003ff,0022eef0 "Y:\\Documents\\omk\\fr\\IAM\\cdchange.txt") ret=00412595
1327806.658:00ec:00f0:Ret  KERNEL32.GetPrivateProfileStringA() retval=00000003 ret=00412595
1327806.663:00ec:00f0:Call KERNEL32.GetPrivateProfileStringA(004c1fd8 "Cdchange",004c1fcc "Quitgame",004c1fc0 "Quit game ?",0022eff4,000003ff,0022eef0 "Y:\\Documents\\omk\\fr\\IAM\\cdchange.txt") ret=00412424
1327806.664:00ec:00f0:Ret  KERNEL32.GetPrivateProfileStringA() retval=00000010 ret=00412424
1327806.664:00ec:00f0:Call KERNEL32.GetPrivateProfileStringA(004c1fec "Cdchange",004c1fe8 "Yes",004c1fe4 "Yes",0022eff4,000003ff,0022eef0 "Y:\\Documents\\omk\\fr\\IAM\\cdchange.txt") ret=004124d4
1327806.664:00ec:00f0:Ret  KERNEL32.GetPrivateProfileStringA() retval=00000003 ret=004124d4
1327806.664:00ec:00f0:Call KERNEL32.GetPrivateProfileStringA(004c2000 "Cdchange",004c1ffc "No",004c1ff8 "No",0022eff4,000003ff,0022eef0 "Y:\\Documents\\omk\\fr\\IAM\\cdchange.txt") ret=00412595
1327806.664:00ec:00f0:Ret  KERNEL32.GetPrivateProfileStringA() retval=00000003 ret=00412595
1327806.670:00ec:00f0:Call KERNEL32.GetPrivateProfileStringA(004c1fd8 "Cdchange",004c1fcc "Quitgame",004c1fc0 "Quit game ?",0022eff4,000003ff,0022eef0 "Y:\\Documents\\omk\\fr\\IAM\\cdchange.txt") ret=00412424
1327806.670:00ec:00f0:Ret  KERNEL32.GetPrivateProfileStringA() retval=00000010 ret=00412424
1327806.670:00ec:00f0:Call KERNEL32.GetPrivateProfileStringA(004c1fec "Cdchange",004c1fe8 "Yes",004c1fe4 "Yes",0022eff4,000003ff,0022eef0 "Y:\\Documents\\omk\\fr\\IAM\\cdchange.txt") ret=004124d4
1327806.670:00ec:00f0:Ret  KERNEL32.GetPrivateProfileStringA() retval=00000003 ret=004124d4
1327806.670:00ec:00f0:Call KERNEL32.GetPrivateProfileStringA(004c2000 "Cdchange",004c1ffc "No",004c1ff8 "No",0022eff4,000003ff,0022eef0 "Y:\\Documents\\omk\\fr\\IAM\\cdchange.txt") ret=00412595
1327806.671:00ec:00f0:Ret  KERNEL32.GetPrivateProfileStringA() retval=00000003 ret=00412595
1327806.674:00ec:00f0:Call KERNEL32.GetPrivateProfileStringA(004c1fd8 "Cdchange",004c1fcc "Quitgame",004c1fc0 "Quit game ?",0022eff4,000003ff,0022eef0 "Y:\\Documents\\omk\\fr\\IAM\\cdchange.txt") ret=00412424
1327806.675:00ec:00f0:Ret  KERNEL32.GetPrivateProfileStringA() retval=00000010 ret=00412424
1327806.675:00ec:00f0:Call KERNEL32.GetPrivateProfileStringA(004c1fec "Cdchange",004c1fe8 "Yes",004c1fe4 "Yes",0022eff4,000003ff,0022eef0 "Y:\\Documents\\omk\\fr\\IAM\\cdchange.txt") ret=004124d4
1327806.675:00ec:00f0:Ret  KERNEL32.GetPrivateProfileStringA() retval=00000003 ret=004124d4
1327806.675:00ec:00f0:Call KERNEL32.GetPrivateProfileStringA(004c2000 "Cdchange",004c1ffc "No",004c1ff8 "No",0022eff4,000003ff,0022eef0 "Y:\\Documents\\omk\\fr\\IAM\\cdchange.txt") ret=00412595
1327806.675:00ec:00f0:Ret  KERNEL32.GetPrivateProfileStringA() retval=00000003 ret=00412595
1327806.688:00ec:00f0:Call KERNEL32.GetPrivateProfileStringA(004c1fd8 "Cdchange",004c1fcc "Quitgame",004c1fc0 "Quit game ?",0022eff4,000003ff,0022eef0 "Y:\\Documents\\omk\\fr\\IAM\\cdchange.txt") ret=00412424
1327806.689:00ec:00f0:Ret  KERNEL32.GetPrivateProfileStringA() retval=00000010 ret=00412424
1327806.689:00ec:00f0:Call KERNEL32.GetPrivateProfileStringA(004c1fec "Cdchange",004c1fe8 "Yes",004c1fe4 "Yes",0022eff4,000003ff,0022eef0 "Y:\\Documents\\omk\\fr\\IAM\\cdchange.txt") ret=004124d4
1327806.689:00ec:00f0:Ret  KERNEL32.GetPrivateProfileStringA() retval=00000003 ret=004124d4
1327806.689:00ec:00f0:Call KERNEL32.GetPrivateProfileStringA(004c2000 "Cdchange",004c1ffc "No",004c1ff8 "No",0022eff4,000003ff,0022eef0 "Y:\\Documents\\omk\\fr\\IAM\\cdchange.txt") ret=00412595
1327806.689:00ec:00f0:Ret  KERNEL32.GetPrivateProfileStringA() retval=00000003 ret=00412595
1327806.697:00ec:00f0:Call KERNEL32.GetPrivateProfileStringA(004c1fd8 "Cdchange",004c1fcc "Quitgame",004c1fc0 "Quit game ?",0022eff4,000003ff,0022eef0 "Y:\\Documents\\omk\\fr\\IAM\\cdchange.txt") ret=00412424
1327806.697:00ec:00f0:Ret  KERNEL32.GetPrivateProfileStringA() retval=00000010 ret=00412424
1327806.697:00ec:00f0:Call KERNEL32.GetPrivateProfileStringA(004c1fec "Cdchange",004c1fe8 "Yes",004c1fe4 "Yes",0022eff4,000003ff,0022eef0 "Y:\\Documents\\omk\\fr\\IAM\\cdchange.txt") ret=004124d4
1327806.698:00ec:00f0:Ret  KERNEL32.GetPrivateProfileStringA() retval=00000003 ret=004124d4
1327806.698:00ec:00f0:Call KERNEL32.GetPrivateProfileStringA(004c2000 "Cdchange",004c1ffc "No",004c1ff8 "No",0022eff4,000003ff,0022eef0 "Y:\\Documents\\omk\\fr\\IAM\\cdchange.txt") ret=00412595
1327806.698:00ec:00f0:Ret  KERNEL32.GetPrivateProfileStringA() retval=00000003 ret=00412595
1327806.701:00ec:00f0:Call KERNEL32.GetPrivateProfileStringA(004c1fd8 "Cdchange",004c1fcc "Quitgame",004c1fc0 "Quit game ?",0022eff4,000003ff,0022eef0 "Y:\\Documents\\omk\\fr\\IAM\\cdchange.txt") ret=00412424
1327806.701:00ec:00f0:Ret  KERNEL32.GetPrivateProfileStringA() retval=00000010 ret=00412424
1327806.701:00ec:00f0:Call KERNEL32.GetPrivateProfileStringA(004c1fec "Cdchange",004c1fe8 "Yes",004c1fe4 "Yes",0022eff4,000003ff,0022eef0 "Y:\\Documents\\omk\\fr\\IAM\\cdchange.txt") ret=004124d4
1327806.701:00ec:00f0:Ret  KERNEL32.GetPrivateProfileStringA() retval=00000003 ret=004124d4
1327806.701:00ec:00f0:Call KERNEL32.GetPrivateProfileStringA(004c2000 "Cdchange",004c1ffc "No",004c1ff8 "No",0022eff4,000003ff,0022eef0 "Y:\\Documents\\omk\\fr\\IAM\\cdchange.txt") ret=00412595
1327806.701:00ec:00f0:Ret  KERNEL32.GetPrivateProfileStringA() retval=00000003 ret=00412595
1327806.713:00ec:00f0:Call KERNEL32.GetPrivateProfileStringA(004c1fd8 "Cdchange",004c1fcc "Quitgame",004c1fc0 "Quit game ?",0022eff4,000003ff,0022eef0 "Y:\\Documents\\omk\\fr\\IAM\\cdchange.txt") ret=00412424
1327806.714:00ec:00f0:Ret  KERNEL32.GetPrivateProfileStringA() retval=00000010 ret=00412424
1327806.714:00ec:00f0:Call KERNEL32.GetPrivateProfileStringA(004c1fec "Cdchange",004c1fe8 "Yes",004c1fe4 "Yes",0022eff4,000003ff,0022eef0 "Y:\\Documents\\omk\\fr\\IAM\\cdchange.txt") ret=004124d4
1327806.714:00ec:00f0:Ret  KERNEL32.GetPrivateProfileStringA() retval=00000003 ret=004124d4
1327806.714:00ec:00f0:Call KERNEL32.GetPrivateProfileStringA(004c2000 "Cdchange",004c1ffc "No",004c1ff8 "No",0022eff4,000003ff,0022eef0 "Y:\\Documents\\omk\\fr\\IAM\\cdchange.txt") ret=00412595
1327806.714:00ec:00f0:Ret  KERNEL32.GetPrivateProfileStringA() retval=00000003 ret=00412595
1327806.723:00ec:00f0:Call KERNEL32.GetPrivateProfileStringA(004c1fd8 "Cdchange",004c1fcc "Quitgame",004c1fc0 "Quit game ?",0022eff4,000003ff,0022eef0 "Y:\\Documents\\omk\\fr\\IAM\\cdchange.txt") ret=00412424
1327806.723:00ec:00f0:Ret  KERNEL32.GetPrivateProfileStringA() retval=00000010 ret=00412424
1327806.723:00ec:00f0:Call KERNEL32.GetPrivateProfileStringA(004c1fec "Cdchange",004c1fe8 "Yes",004c1fe4 "Yes",0022eff4,000003ff,0022eef0 "Y:\\Documents\\omk\\fr\\IAM\\cdchange.txt") ret=004124d4
1327806.724:00ec:00f0:Ret  KERNEL32.GetPrivateProfileStringA() retval=00000003 ret=004124d4
1327806.724:00ec:00f0:Call KERNEL32.GetPrivateProfileStringA(004c2000 "Cdchange",004c1ffc "No",004c1ff8 "No",0022eff4,000003ff,0022eef0 "Y:\\Documents\\omk\\fr\\IAM\\cdchange.txt") ret=00412595
1327806.724:00ec:00f0:Ret  KERNEL32.GetPrivateProfileStringA() retval=00000003 ret=00412595
1327806.738:00ec:00f0:Call KERNEL32.GetPrivateProfileStringA(004c1fd8 "Cdchange",004c1fcc "Quitgame",004c1fc0 "Quit game ?",0022eff4,000003ff,0022eef0 "Y:\\Documents\\omk\\fr\\IAM\\cdchange.txt") ret=00412424
1327806.738:00ec:00f0:Ret  KERNEL32.GetPrivateProfileStringA() retval=00000010 ret=00412424
1327806.738:00ec:00f0:Call KERNEL32.GetPrivateProfileStringA(004c1fec "Cdchange",004c1fe8 "Yes",004c1fe4 "Yes",0022eff4,000003ff,0022eef0 "Y:\\Documents\\omk\\fr\\IAM\\cdchange.txt") ret=004124d4
1327806.739:00ec:00f0:Ret  KERNEL32.GetPrivateProfileStringA() retval=00000003 ret=004124d4
1327806.739:00ec:00f0:Call KERNEL32.GetPrivateProfileStringA(004c2000 "Cdchange",004c1ffc "No",004c1ff8 "No",0022eff4,000003ff,0022eef0 "Y:\\Documents\\omk\\fr\\IAM\\cdchange.txt") ret=00412595
1327806.739:00ec:00f0:Ret  KERNEL32.GetPrivateProfileStringA() retval=00000003 ret=00412595
1327806.747:00ec:00f0:Call KERNEL32.GetPrivateProfileStringA(004c1fd8 "Cdchange",004c1fcc "Quitgame",004c1fc0 "Quit game ?",0022eff4,000003ff,0022eef0 "Y:\\Documents\\omk\\fr\\IAM\\cdchange.txt") ret=00412424
1327806.747:00ec:00f0:Ret  KERNEL32.GetPrivateProfileStringA() retval=00000010 ret=00412424
1327806.747:00ec:00f0:Call KERNEL32.GetPrivateProfileStringA(004c1fec "Cdchange",004c1fe8 "Yes",004c1fe4 "Yes",0022eff4,000003ff,0022eef0 "Y:\\Documents\\omk\\fr\\IAM\\cdchange.txt") ret=004124d4
1327806.747:00ec:00f0:Ret  KERNEL32.GetPrivateProfileStringA() retval=00000003 ret=004124d4
1327806.747:00ec:00f0:Call KERNEL32.GetPrivateProfileStringA(004c2000 "Cdchange",004c1ffc "No",004c1ff8 "No",0022eff4,000003ff,0022eef0 "Y:\\Documents\\omk\\fr\\IAM\\cdchange.txt") ret=00412595
1327806.747:00ec:00f0:Ret  KERNEL32.GetPrivateProfileStringA() retval=00000003 ret=00412595
1327806.752:00ec:00f0:Call KERNEL32.GetPrivateProfileStringA(004c1fd8 "Cdchange",004c1fcc "Quitgame",004c1fc0 "Quit game ?",0022eff4,000003ff,0022eef0 "Y:\\Documents\\omk\\fr\\IAM\\cdchange.txt") ret=00412424
1327806.752:00ec:00f0:Ret  KERNEL32.GetPrivateProfileStringA() retval=00000010 ret=00412424
1327806.752:00ec:00f0:Call KERNEL32.GetPrivateProfileStringA(004c1fec "Cdchange",004c1fe8 "Yes",004c1fe4 "Yes",0022eff4,000003ff,0022eef0 "Y:\\Documents\\omk\\fr\\IAM\\cdchange.txt") ret=004124d4
1327806.752:00ec:00f0:Ret  KERNEL32.GetPrivateProfileStringA() retval=00000003 ret=004124d4
1327806.752:00ec:00f0:Call KERNEL32.GetPrivateProfileStringA(004c2000 "Cdchange",004c1ffc "No",004c1ff8 "No",0022eff4,000003ff,0022eef0 "Y:\\Documents\\omk\\fr\\IAM\\cdchange.txt") ret=00412595
1327806.752:00ec:00f0:Ret  KERNEL32.GetPrivateProfileStringA() retval=00000003 ret=00412595
1327806.765:00ec:00f0:Call KERNEL32.GetPrivateProfileStringA(004c1fd8 "Cdchange",004c1fcc "Quitgame",004c1fc0 "Quit game ?",0022eff4,000003ff,0022eef0 "Y:\\Documents\\omk\\fr\\IAM\\cdchange.txt") ret=00412424
1327806.765:00ec:00f0:Ret  KERNEL32.GetPrivateProfileStringA() retval=00000010 ret=00412424
1327806.765:00ec:00f0:Call KERNEL32.GetPrivateProfileStringA(004c1fec "Cdchange",004c1fe8 "Yes",004c1fe4 "Yes",0022eff4,000003ff,0022eef0 "Y:\\Documents\\omk\\fr\\IAM\\cdchange.txt") ret=004124d4
1327806.765:00ec:00f0:Ret  KERNEL32.GetPrivateProfileStringA() retval=00000003 ret=004124d4
1327806.765:00ec:00f0:Call KERNEL32.GetPrivateProfileStringA(004c2000 "Cdchange",004c1ffc "No",004c1ff8 "No",0022eff4,000003ff,0022eef0 "Y:\\Documents\\omk\\fr\\IAM\\cdchange.txt") ret=00412595
1327806.765:00ec:00f0:Ret  KERNEL32.GetPrivateProfileStringA() retval=00000003 ret=00412595
1327806.771:00ec:00f0:Call KERNEL32.GetPrivateProfileStringA(004c1fd8 "Cdchange",004c1fcc "Quitgame",004c1fc0 "Quit game ?",0022eff4,000003ff,0022eef0 "Y:\\Documents\\omk\\fr\\IAM\\cdchange.txt") ret=00412424
1327806.772:00ec:00f0:Ret  KERNEL32.GetPrivateProfileStringA() retval=00000010 ret=00412424
1327806.772:00ec:00f0:Call KERNEL32.GetPrivateProfileStringA(004c1fec "Cdchange",004c1fe8 "Yes",004c1fe4 "Yes",0022eff4,000003ff,0022eef0 "Y:\\Documents\\omk\\fr\\IAM\\cdchange.txt") ret=004124d4
1327806.772:00ec:00f0:Ret  KERNEL32.GetPrivateProfileStringA() retval=00000003 ret=004124d4
1327806.772:00ec:00f0:Call KERNEL32.GetPrivateProfileStringA(004c2000 "Cdchange",004c1ffc "No",004c1ff8 "No",0022eff4,000003ff,0022eef0 "Y:\\Documents\\omk\\fr\\IAM\\cdchange.txt") ret=00412595
1327806.772:00ec:00f0:Ret  KERNEL32.GetPrivateProfileStringA() retval=00000003 ret=00412595
1327806.776:00ec:00f0:Call KERNEL32.GetPrivateProfileStringA(004c1fd8 "Cdchange",004c1fcc "Quitgame",004c1fc0 "Quit game ?",0022eff4,000003ff,0022eef0 "Y:\\Documents\\omk\\fr\\IAM\\cdchange.txt") ret=00412424
1327806.777:00ec:00f0:Ret  KERNEL32.GetPrivateProfileStringA() retval=00000010 ret=00412424
1327806.777:00ec:00f0:Call KERNEL32.GetPrivateProfileStringA(004c1fec "Cdchange",004c1fe8 "Yes",004c1fe4 "Yes",0022eff4,000003ff,0022eef0 "Y:\\Documents\\omk\\fr\\IAM\\cdchange.txt") ret=004124d4
1327806.777:00ec:00f0:Ret  KERNEL32.GetPrivateProfileStringA() retval=00000003 ret=004124d4
1327806.777:00ec:00f0:Call KERNEL32.GetPrivateProfileStringA(004c2000 "Cdchange",004c1ffc "No",004c1ff8 "No",0022eff4,000003ff,0022eef0 "Y:\\Documents\\omk\\fr\\IAM\\cdchange.txt") ret=00412595
1327806.777:00ec:00f0:Ret  KERNEL32.GetPrivateProfileStringA() retval=00000003 ret=00412595
1327806.789:00ec:00f0:Call KERNEL32.GetPrivateProfileStringA(004c1fd8 "Cdchange",004c1fcc "Quitgame",004c1fc0 "Quit game ?",0022eff4,000003ff,0022eef0 "Y:\\Documents\\omk\\fr\\IAM\\cdchange.txt") ret=00412424
1327806.789:00ec:00f0:Ret  KERNEL32.GetPrivateProfileStringA() retval=00000010 ret=00412424
1327806.789:00ec:00f0:Call KERNEL32.GetPrivateProfileStringA(004c1fec "Cdchange",004c1fe8 "Yes",004c1fe4 "Yes",0022eff4,000003ff,0022eef0 "Y:\\Documents\\omk\\fr\\IAM\\cdchange.txt") ret=004124d4
1327806.790:00ec:00f0:Ret  KERNEL32.GetPrivateProfileStringA() retval=00000003 ret=004124d4
1327806.790:00ec:00f0:Call KERNEL32.GetPrivateProfileStringA(004c2000 "Cdchange",004c1ffc "No",004c1ff8 "No",0022eff4,000003ff,0022eef0 "Y:\\Documents\\omk\\fr\\IAM\\cdchange.txt") ret=00412595
1327806.790:00ec:00f0:Ret  KERNEL32.GetPrivateProfileStringA() retval=00000003 ret=00412595
1327806.797:00ec:00f0:Call KERNEL32.GetPrivateProfileStringA(004c1fd8 "Cdchange",004c1fcc "Quitgame",004c1fc0 "Quit game ?",0022eff4,000003ff,0022eef0 "Y:\\Documents\\omk\\fr\\IAM\\cdchange.txt") ret=00412424
1327806.797:00ec:00f0:Ret  KERNEL32.GetPrivateProfileStringA() retval=00000010 ret=00412424
1327806.797:00ec:00f0:Call KERNEL32.GetPrivateProfileStringA(004c1fec "Cdchange",004c1fe8 "Yes",004c1fe4 "Yes",0022eff4,000003ff,0022eef0 "Y:\\Documents\\omk\\fr\\IAM\\cdchange.txt") ret=004124d4
1327806.798:00ec:00f0:Ret  KERNEL32.GetPrivateProfileStringA() retval=00000003 ret=004124d4
1327806.798:00ec:00f0:Call KERNEL32.GetPrivateProfileStringA(004c2000 "Cdchange",004c1ffc "No",004c1ff8 "No",0022eff4,000003ff,0022eef0 "Y:\\Documents\\omk\\fr\\IAM\\cdchange.txt") ret=00412595
1327806.798:00ec:00f0:Ret  KERNEL32.GetPrivateProfileStringA() retval=00000003 ret=00412595
1327806.803:00ec:00f0:Call KERNEL32.GetPrivateProfileStringA(004c1fd8 "Cdchange",004c1fcc "Quitgame",004c1fc0 "Quit game ?",0022eff4,000003ff,0022eef0 "Y:\\Documents\\omk\\fr\\IAM\\cdchange.txt") ret=00412424
1327806.803:00ec:00f0:Ret  KERNEL32.GetPrivateProfileStringA() retval=00000010 ret=00412424
1327806.803:00ec:00f0:Call KERNEL32.GetPrivateProfileStringA(004c1fec "Cdchange",004c1fe8 "Yes",004c1fe4 "Yes",0022eff4,000003ff,0022eef0 "Y:\\Documents\\omk\\fr\\IAM\\cdchange.txt") ret=004124d4
1327806.804:00ec:00f0:Ret  KERNEL32.GetPrivateProfileStringA() retval=00000003 ret=004124d4
1327806.804:00ec:00f0:Call KERNEL32.GetPrivateProfileStringA(004c2000 "Cdchange",004c1ffc "No",004c1ff8 "No",0022eff4,000003ff,0022eef0 "Y:\\Documents\\omk\\fr\\IAM\\cdchange.txt") ret=00412595
1327806.804:00ec:00f0:Ret  KERNEL32.GetPrivateProfileStringA() retval=00000003 ret=00412595
